{
    "flow_volume": 200,
    "flow_duration": 0,
    "flow_rate": 10,
    "sleep_time": 10,
    "dns_interval": 10,
    "ntp_interval": 10,
    "ports": {
        "56700": 24,
        "30230": 2,
        "123": 12,
        "30231": 2,
        "28046": 8,
        "30232": 2,
        "30233": 2,
        "30234": 2,
        "30235": 2,
        "30236": 2,
        "30237": 2,
        "30238": 2,
        "30239": 2,
        "30240": 2,
        "30241": 2
    },
    "domains": {
        "pool.ntp.org": 24
    },
    "ciphers": {}
}