{
    "flow_volume": 200,
    "flow_duration": 0,
    "flow_rate": 10,
    "sleep_time": 10,
    "dns_interval": 10,
    "ntp_interval": 10,
    "ports": {
        "56700": 26,
        "30140": 2,
        "123": 13,
        "30141": 2,
        "30142": 2,
        "28046": 6,
        "30143": 2,
        "30144": 2,
        "30145": 2,
        "30146": 2,
        "30147": 2,
        "30148": 2,
        "30149": 2,
        "67": 1,
        "30150": 2,
        "30151": 2,
        "30152": 2
    },
    "domains": {
        "pool.ntp.org": 26
    },
    "ciphers": {}
}