{
    "flow_volume": 200,
    "flow_duration": 0,
    "flow_rate": 10,
    "sleep_time": 10,
    "dns_interval": 10,
    "ntp_interval": 10,
    "ports": {
        "56700": 21,
        "30102": 2,
        "123": 13,
        "28046": 9,
        "30103": 2,
        "30104": 2,
        "30105": 2,
        "30106": 2,
        "30107": 2,
        "30108": 2,
        "30109": 2,
        "30110": 2,
        "30111": 2,
        "30112": 2,
        "30113": 2,
        "30114": 2
    },
    "domains": {
        "pool.ntp.org": 26
    },
    "ciphers": {}
}