{
    "flow_volume": 200,
    "flow_duration": 0,
    "flow_rate": 10,
    "sleep_time": 10,
    "dns_interval": 10,
    "ntp_interval": 10,
    "ports": {
        "28046": 13,
        "30293": 2,
        "123": 13,
        "56700": 18,
        "30294": 2,
        "30295": 2,
        "30296": 2,
        "30297": 2,
        "30298": 2,
        "30299": 2,
        "30300": 2,
        "30301": 2,
        "30302": 2,
        "30303": 2,
        "30304": 2,
        "30305": 2
    },
    "domains": {
        "pool.ntp.org": 26
    },
    "ciphers": {}
}