{
    "flow_volume": 200,
    "flow_duration": 0,
    "flow_rate": 10,
    "sleep_time": 10,
    "dns_interval": 10,
    "ntp_interval": 10,
    "ports": {
        "28046": 14,
        "30204": 2,
        "123": 12,
        "30205": 2,
        "56700": 17,
        "30206": 2,
        "30207": 2,
        "30208": 2,
        "30209": 2,
        "30210": 2,
        "30211": 2,
        "30212": 2,
        "30213": 2,
        "30214": 2,
        "30215": 2
    },
    "domains": {
        "pool.ntp.org": 24
    },
    "ciphers": {}
}