{
    "flow_volume": 200,
    "flow_duration": 0,
    "flow_rate": 10,
    "sleep_time": 10,
    "dns_interval": 10,
    "ntp_interval": 10,
    "ports": {
        "30345": 2,
        "123": 14,
        "56700": 21,
        "30346": 2,
        "30347": 2,
        "28046": 7,
        "30348": 2,
        "30349": 2,
        "30350": 2,
        "30351": 2,
        "30352": 2,
        "30353": 2,
        "30354": 2,
        "30355": 2,
        "30356": 2,
        "30357": 2,
        "30358": 2
    },
    "domains": {
        "pool.ntp.org": 28
    },
    "ciphers": {}
}