{
    "flow_volume": 200,
    "flow_duration": 0,
    "flow_rate": 10,
    "sleep_time": 10,
    "dns_interval": 10,
    "ntp_interval": 10,
    "ports": {
        "56700": 21,
        "30191": 2,
        "123": 13,
        "30192": 2,
        "30193": 2,
        "28046": 10,
        "30194": 2,
        "30195": 2,
        "30196": 2,
        "30197": 2,
        "30198": 2,
        "30199": 2,
        "30200": 2,
        "30201": 2,
        "30202": 2,
        "30203": 2
    },
    "domains": {
        "pool.ntp.org": 26
    },
    "ciphers": {}
}