{
    "flow_volume": 200,
    "flow_duration": 0,
    "flow_rate": 10,
    "sleep_time": 10,
    "dns_interval": 10,
    "ntp_interval": 10,
    "ports": {
        "56700": 27,
        "28046": 6,
        "30333": 2,
        "123": 12,
        "30334": 2,
        "30335": 2,
        "30336": 2,
        "30337": 2,
        "30338": 2,
        "30339": 2,
        "30340": 2,
        "30341": 2,
        "30342": 2,
        "30343": 2,
        "30344": 2
    },
    "domains": {
        "pool.ntp.org": 24
    },
    "ciphers": {}
}