{
    "flow_volume": 200,
    "flow_duration": 0,
    "flow_rate": 10,
    "sleep_time": 10,
    "dns_interval": 10,
    "ntp_interval": 10,
    "ports": {
        "56700": 24,
        "30088": 2,
        "123": 14,
        "30089": 2,
        "28046": 7,
        "30090": 2,
        "30091": 2,
        "30092": 2,
        "30093": 2,
        "30094": 2,
        "30095": 2,
        "30096": 2,
        "30097": 2,
        "30098": 2,
        "30099": 2,
        "30100": 2,
        "30101": 2
    },
    "domains": {
        "pool.ntp.org": 28
    },
    "ciphers": {}
}