{
    "flow_volume": 200,
    "flow_duration": 0,
    "flow_rate": 10,
    "sleep_time": 10,
    "dns_interval": 10,
    "ntp_interval": 10,
    "ports": {
        "30371": 2,
        "123": 12,
        "56700": 24,
        "30372": 2,
        "30373": 2,
        "30374": 2,
        "28046": 6,
        "30375": 2,
        "30376": 2,
        "30377": 2,
        "30378": 2,
        "30379": 2,
        "30380": 2,
        "30381": 2,
        "30382": 2
    },
    "domains": {
        "pool.ntp.org": 24
    },
    "ciphers": {}
}