{
    "flow_volume": 200,
    "flow_duration": 0,
    "flow_rate": 10,
    "sleep_time": 10,
    "dns_interval": 10,
    "ntp_interval": 10,
    "ports": {
        "56700": 28,
        "30359": 2,
        "123": 12,
        "30360": 2,
        "28046": 6,
        "30361": 2,
        "30362": 2,
        "30363": 2,
        "30364": 2,
        "30365": 2,
        "30366": 2,
        "30367": 2,
        "30368": 2,
        "30369": 2,
        "30370": 2
    },
    "domains": {
        "pool.ntp.org": 24
    },
    "ciphers": {}
}