{
    "flow_volume": 200,
    "flow_duration": 0,
    "flow_rate": 10,
    "sleep_time": 10,
    "dns_interval": 10,
    "ntp_interval": 10,
    "ports": {
        "28046": 10,
        "56700": 20,
        "30166": 2,
        "123": 13,
        "30167": 2,
        "30168": 2,
        "30169": 2,
        "30170": 2,
        "30171": 2,
        "30172": 2,
        "30173": 2,
        "30174": 2,
        "30175": 2,
        "30176": 2,
        "30177": 2,
        "30178": 2
    },
    "domains": {
        "pool.ntp.org": 26
    },
    "ciphers": {}
}