{
    "flow_volume": 200,
    "flow_duration": 0,
    "flow_rate": 10,
    "sleep_time": 10,
    "dns_interval": 10,
    "ntp_interval": 10,
    "ports": {
        "30281": 2,
        "123": 12,
        "56700": 19,
        "30282": 2,
        "28046": 9,
        "30283": 2,
        "30284": 2,
        "30285": 2,
        "30286": 2,
        "67": 1,
        "30287": 2,
        "30288": 2,
        "30289": 2,
        "30290": 2,
        "30291": 2,
        "30292": 2
    },
    "domains": {
        "pool.ntp.org": 24
    },
    "ciphers": {}
}