{
    "flow_volume": 200,
    "flow_duration": 0,
    "flow_rate": 10,
    "sleep_time": 10,
    "dns_interval": 10,
    "ntp_interval": 10,
    "ports": {
        "28046": 6,
        "30127": 2,
        "123": 13,
        "56700": 23,
        "30128": 2,
        "30129": 2,
        "30130": 2,
        "30131": 2,
        "30132": 2,
        "30133": 2,
        "30134": 2,
        "30135": 2,
        "30136": 2,
        "30137": 2,
        "30138": 2,
        "30139": 2
    },
    "domains": {
        "pool.ntp.org": 26
    },
    "ciphers": {}
}