{
    "flow_volume": 200,
    "flow_duration": 0,
    "flow_rate": 10,
    "sleep_time": 10,
    "dns_interval": 10,
    "ntp_interval": 10,
    "ports": {
        "28046": 8,
        "30383": 2,
        "123": 14,
        "56700": 24,
        "30384": 2,
        "30385": 2,
        "30386": 2,
        "30387": 2,
        "30388": 2,
        "30389": 2,
        "30390": 2,
        "30391": 2,
        "30392": 2,
        "30393": 2,
        "30394": 2,
        "30395": 2,
        "30396": 2
    },
    "domains": {
        "pool.ntp.org": 28
    },
    "ciphers": {}
}