{
    "flow_volume": 200,
    "flow_duration": 0,
    "flow_rate": 10,
    "sleep_time": 10,
    "dns_interval": 10,
    "ntp_interval": 10,
    "ports": {
        "28046": 10,
        "56700": 22,
        "30115": 2,
        "123": 12,
        "30116": 2,
        "30117": 2,
        "30118": 2,
        "30119": 2,
        "30120": 2,
        "30121": 2,
        "30122": 2,
        "30123": 2,
        "30124": 2,
        "30125": 2,
        "30126": 2
    },
    "domains": {
        "pool.ntp.org": 24
    },
    "ciphers": {}
}