{
    "flow_volume": 200,
    "flow_duration": 0,
    "flow_rate": 10,
    "sleep_time": 10,
    "dns_interval": 10,
    "ntp_interval": 10,
    "ports": {
        "28046": 11,
        "30254": 2,
        "123": 14,
        "30255": 2,
        "56700": 16,
        "30256": 2,
        "30257": 2,
        "30258": 2,
        "30259": 2,
        "30260": 2,
        "30261": 2,
        "30262": 2,
        "30263": 2,
        "30264": 2,
        "30265": 2,
        "30266": 2,
        "30267": 2
    },
    "domains": {
        "pool.ntp.org": 28
    },
    "ciphers": {}
}