{
    "flow_volume": 200,
    "flow_duration": 0,
    "flow_rate": 10,
    "sleep_time": 10,
    "dns_interval": 10,
    "ntp_interval": 10,
    "ports": {
        "56700": 26,
        "30268": 2,
        "123": 13,
        "28046": 5,
        "30269": 2,
        "30270": 2,
        "30271": 2,
        "30272": 2,
        "30273": 2,
        "30274": 2,
        "30275": 2,
        "30276": 2,
        "30277": 2,
        "30278": 2,
        "30279": 2,
        "30280": 2
    },
    "domains": {
        "pool.ntp.org": 26
    },
    "ciphers": {}
}