{
    "flow_volume": 200,
    "flow_duration": 0,
    "flow_rate": 10,
    "sleep_time": 10,
    "dns_interval": 10,
    "ntp_interval": 10,
    "ports": {
        "30179": 2,
        "123": 12,
        "56700": 26,
        "30180": 2,
        "28046": 4,
        "30181": 2,
        "30182": 2,
        "30183": 2,
        "30184": 2,
        "30185": 2,
        "30186": 2,
        "30187": 2,
        "30188": 2,
        "30189": 2,
        "30190": 2
    },
    "domains": {
        "pool.ntp.org": 24
    },
    "ciphers": {}
}