{
    "flow_volume": 200,
    "flow_duration": 0,
    "flow_rate": 10,
    "sleep_time": 10,
    "dns_interval": 10,
    "ntp_interval": 10,
    "ports": {
        "56700": 24,
        "30321": 2,
        "123": 12,
        "28046": 6,
        "30322": 2,
        "30323": 2,
        "30324": 2,
        "30325": 2,
        "30326": 2,
        "30327": 2,
        "30328": 2,
        "30329": 2,
        "30330": 2,
        "30331": 2,
        "67": 1,
        "30332": 2
    },
    "domains": {
        "pool.ntp.org": 24
    },
    "ciphers": {}
}