{
    "flow_volume": 200,
    "flow_duration": 0,
    "flow_rate": 10,
    "sleep_time": 10,
    "dns_interval": 10,
    "ntp_interval": 10,
    "ports": {
        "56700": 18,
        "30242": 2,
        "123": 12,
        "28046": 14,
        "30243": 2,
        "30244": 2,
        "30245": 2,
        "30246": 2,
        "30247": 2,
        "30248": 2,
        "30249": 2,
        "30250": 2,
        "30251": 2,
        "30252": 2,
        "30253": 2
    },
    "domains": {
        "pool.ntp.org": 24
    },
    "ciphers": {}
}