{
    "flow_volume": 200,
    "flow_duration": 0,
    "flow_rate": 10,
    "sleep_time": 10,
    "dns_interval": 10,
    "ntp_interval": 10,
    "ports": {
        "67": 1,
        "56700": 20,
        "30216": 2,
        "123": 14,
        "30217": 2,
        "30218": 2,
        "30219": 2,
        "28046": 13,
        "30220": 2,
        "30221": 2,
        "30222": 2,
        "30223": 2,
        "30224": 2,
        "30225": 2,
        "30226": 2,
        "30227": 2,
        "30228": 2,
        "30229": 2
    },
    "domains": {
        "pool.ntp.org": 28
    },
    "ciphers": {}
}