{
    "flow_volume": 200,
    "flow_duration": 0,
    "flow_rate": 10,
    "sleep_time": 10,
    "dns_interval": 10,
    "ntp_interval": 10,
    "ports": {
        "28046": 8,
        "30153": 2,
        "123": 13,
        "56700": 23,
        "30154": 2,
        "30155": 2,
        "30156": 2,
        "30157": 2,
        "30158": 2,
        "30159": 2,
        "30160": 2,
        "30161": 2,
        "30162": 2,
        "30163": 2,
        "30164": 2,
        "30165": 2
    },
    "domains": {
        "pool.ntp.org": 26
    },
    "ciphers": {}
}