{
    "flow_volume": 200,
    "flow_duration": 0,
    "flow_rate": 10,
    "sleep_time": 10,
    "dns_interval": 10,
    "ntp_interval": 10,
    "ports": {
        "28046": 8,
        "56700": 25,
        "30306": 2,
        "123": 15,
        "30307": 2,
        "30308": 2,
        "30309": 2,
        "30310": 2,
        "30311": 2,
        "30312": 2,
        "30313": 2,
        "30314": 2,
        "30315": 2,
        "30316": 2,
        "67": 1,
        "30317": 2,
        "30318": 2,
        "30319": 2,
        "30320": 2
    },
    "domains": {
        "pool.ntp.org": 30
    },
    "ciphers": {}
}