{
    "flow_volume": 100,
    "flow_duration": 0,
    "flow_rate": 2400000,
    "sleep_time": 10,
    "dns_interval": -100,
    "ntp_interval": -1,
    "ports": {
        "null": 157,
        "5222": 19,
        "67": 1,
        "52847": 1,
        "53601": 1,
        "443": 1,
        "21787": 5
    },
    "domains": {
        "chat.hpeprint.com": 2
    },
    "ciphers": {
        "[\"009f\", \"006b\", \"0039\", \"009d\", \"003d\", \"0035\", \"009e\", \"0067\", \"0033\", \"009c\", \"003c\", \"002f\", \"0016\", \"000a\", \"00ff\"]": 1
    }
}