{
    "flow_volume": 100,
    "flow_duration": 0,
    "flow_rate": 0,
    "sleep_time": 10,
    "dns_interval": 10,
    "ntp_interval": -1,
    "ports": {
        "null": 13,
        "67": 2,
        "42086": 1,
        "68": 2,
        "35566": 1,
        "39774": 1,
        "80": 2,
        "443": 18,
        "7275": 2,
        "55736": 1,
        "57170": 1,
        "5228": 8,
        "50274": 1,
        "49718": 1,
        "49273": 1,
        "51412": 1,
        "58310": 1,
        "10000": 25,
        "56638": 1,
        "1900": 2,
        "33003": 1,
        "43646": 1,
        "46525": 1,
        "58219": 1,
        "49152": 2,
        "56915": 1,
        "55760": 1,
        "34553": 1,
        "44823": 1,
        "52900": 1,
        "44301": 1,
        "32869": 4,
        "58395": 1,
        "42091": 3,
        "54970": 1,
        "35638": 1,
        "993": 2,
        "55160": 1,
        "45532": 1,
        "54578": 1,
        "54643": 1,
        "59279": 1,
        "44575": 1,
        "57439": 2,
        "41035": 1,
        "47675": 1,
        "28991": 1,
        "4484": 1,
        "19075": 1,
        "26955": 1,
        "23817": 1,
        "4255": 1,
        "15548": 1,
        "3687": 1,
        "26841": 1,
        "29314": 1,
        "30758": 1,
        "40647": 1,
        "41198": 1,
        "4029": 1,
        "21298": 1,
        "17369": 1,
        "51674": 1,
        "55700": 1,
        "52463": 1,
        "44683": 1,
        "46387": 1,
        "14567": 1,
        "45628": 1,
        "59490": 5,
        "57955": 1,
        "42066": 1,
        "42112": 6,
        "46073": 1,
        "52273": 1,
        "45553": 1,
        "51508": 1,
        "41931": 1,
        "52476": 1,
        "42319": 1,
        "39677": 2,
        "56015": 1,
        "52220": 1
    },
    "domains": {
        "connectivitycheck.gstatic.com": 4,
        "BCMLS2.glpals.com": 2,
        "mtalk.google.com": 2,
        "api.samsungosp.com": 2,
        "apps.skype.com": 2,
        "az361816.vo.msecnd.net": 2,
        "ws.invoxia.io": 2,
        "mobile.pipe.aria.microsoft.com": 6,
        "sip.invoxia.com": 2,
        "imap.gmail.com": 1,
        "b.config.skype.com": 2,
        "clients3.google.com": 1
    },
    "ciphers": {
        "[\"cca9\", \"cc14\", \"c02b\", \"c02c\", \"cca8\", \"cc13\", \"c02f\", \"c030\", \"009e\", \"009f\", \"c009\", \"c00a\", \"c013\", \"c014\", \"0033\", \"0039\", \"009c\", \"009d\", \"002f\", \"0035\"]": 3,
        "[\"c02b\", \"c02c\", \"c02f\", \"c030\", \"009e\", \"009f\", \"c009\", \"c00a\", \"c013\", \"c014\", \"0033\", \"0039\", \"c007\", \"c011\", \"009c\", \"009d\", \"002f\", \"0035\", \"0005\", \"00ff\"]": 8,
        "[\"c02b\", \"c02f\", \"009e\", \"c00a\", \"c009\", \"c013\", \"c014\", \"0033\", \"0039\", \"009c\", \"002f\", \"0035\", \"00ff\"]": 4,
        "[\"c030\", \"c02c\", \"c028\", \"c024\", \"c014\", \"c00a\", \"c032\", \"c02e\", \"c02a\", \"c026\", \"c00f\", \"c005\", \"009d\", \"003d\", \"0035\", \"c02f\", \"c02b\", \"c027\", \"c023\", \"c013\", \"c009\", \"c031\", \"c02d\", \"c029\", \"c025\", \"c00e\", \"c004\", \"009c\", \"003c\", \"002f\", \"c012\", \"c008\", \"c00d\", \"c003\", \"000a\", \"00ff\"]": 4
    }
}