{
    "flow_volume": 100,
    "flow_duration": 0,
    "flow_rate": 2700000,
    "sleep_time": 10,
    "dns_interval": 10,
    "ntp_interval": -1,
    "ports": {
        "null": 12,
        "67": 1,
        "68": 1,
        "443": 37,
        "7275": 1,
        "26664": 1,
        "80": 18,
        "29348": 1,
        "10950": 1,
        "23147": 1,
        "2423": 1,
        "5228": 27,
        "17541": 1,
        "17332": 1,
        "22798": 1,
        "30114": 1,
        "2079": 1,
        "30006": 1,
        "12709": 1,
        "10000": 306,
        "1900": 16,
        "45892": 1,
        "49745": 1,
        "19195": 1,
        "23124": 1,
        "26747": 1,
        "49152": 17,
        "34128": 1,
        "57394": 3,
        "38072": 1,
        "50660": 1,
        "37620": 1,
        "23986": 1,
        "47672": 1,
        "33761": 1,
        "48977": 1,
        "41792": 1,
        "41838": 9,
        "53161": 1,
        "45279": 1,
        "37743": 1,
        "36565": 1,
        "38493": 1,
        "59940": 1,
        "51748": 1,
        "57528": 1,
        "41489": 1,
        "51127": 1,
        "49518": 1,
        "43377": 1,
        "33021": 1,
        "40445": 1,
        "50733": 1,
        "46558": 2,
        "40680": 1,
        "45408": 1,
        "47989": 1,
        "60382": 1,
        "44778": 1,
        "40364": 1,
        "49166": 3,
        "45166": 1,
        "41882": 1,
        "56629": 1,
        "34911": 1,
        "40292": 1,
        "59077": 1,
        "39020": 1,
        "36905": 1,
        "59812": 1,
        "41047": 1,
        "57503": 1,
        "56012": 1,
        "46685": 1,
        "59951": 1,
        "52726": 1,
        "46025": 1,
        "50087": 1,
        "55573": 1,
        "55239": 1,
        "55451": 1,
        "39678": 1,
        "42328": 1,
        "46834": 1,
        "49017": 1,
        "54069": 1,
        "40787": 1,
        "40466": 1,
        "55305": 1,
        "60206": 1,
        "43025": 1,
        "56144": 1,
        "59939": 1,
        "56168": 1,
        "51465": 1,
        "42441": 1,
        "34080": 1,
        "55338": 1,
        "33154": 1,
        "59839": 1,
        "47351": 1,
        "43472": 1,
        "43703": 1,
        "59216": 1,
        "47090": 1,
        "36256": 1,
        "35023": 1,
        "39212": 1,
        "55782": 1,
        "44140": 1,
        "38351": 1,
        "48196": 1,
        "46748": 1,
        "53625": 1,
        "53464": 1,
        "58975": 1,
        "58620": 1,
        "48711": 1,
        "60493": 1,
        "56389": 1,
        "37378": 1,
        "47592": 1,
        "43699": 1,
        "51791": 1,
        "37875": 1,
        "50751": 1,
        "38603": 1,
        "59861": 1,
        "58903": 1,
        "57646": 1,
        "39392": 1,
        "44516": 1,
        "38847": 1,
        "39014": 1,
        "35287": 1,
        "35784": 1,
        "38527": 1,
        "49835": 1,
        "55357": 1,
        "55720": 1,
        "65248": 1,
        "39086": 1,
        "55313": 1,
        "38289": 1,
        "44383": 1,
        "40809": 1,
        "47526": 1,
        "51417": 2,
        "50900": 1,
        "58332": 1,
        "32969": 1,
        "38906": 1,
        "35341": 1,
        "37282": 1,
        "54940": 1,
        "55991": 1,
        "51347": 1,
        "46109": 1,
        "46193": 1,
        "58260": 1,
        "48987": 1,
        "48667": 1,
        "56299": 1,
        "56987": 1,
        "40815": 1,
        "40238": 1,
        "44848": 1,
        "53405": 1,
        "55203": 1,
        "36534": 1,
        "35375": 1,
        "33189": 1,
        "53468": 1,
        "36482": 1,
        "48184": 1,
        "33016": 1,
        "32934": 1,
        "56661": 1,
        "40972": 1,
        "53320": 1,
        "38991": 1,
        "57727": 1,
        "46937": 1,
        "60319": 1,
        "53670": 1,
        "53503": 1,
        "52666": 1,
        "56600": 1,
        "40180": 1,
        "53046": 1,
        "60339": 1,
        "54491": 1,
        "49754": 1,
        "35930": 1,
        "54703": 1,
        "36228": 1,
        "49258": 1,
        "1553": 1,
        "60169": 1,
        "44171": 1,
        "55673": 1,
        "36897": 1,
        "41574": 1,
        "49300": 1,
        "39479": 2,
        "40924": 1,
        "51182": 2,
        "54582": 1,
        "38121": 1,
        "59363": 1,
        "38167": 1,
        "35128": 1,
        "39765": 1,
        "53544": 1,
        "38237": 1,
        "53772": 1,
        "5222": 1,
        "53566": 1,
        "39426": 1,
        "36070": 1,
        "38215": 1,
        "58866": 1,
        "44070": 1,
        "46744": 1,
        "35608": 1,
        "51094": 1,
        "40176": 1,
        "35819": 1,
        "51247": 1,
        "33391": 1,
        "40173": 1,
        "56893": 1,
        "52603": 1,
        "40701": 1,
        "51167": 1,
        "41784": 1,
        "47843": 1,
        "34656": 1,
        "54764": 1,
        "37599": 1,
        "38598": 1,
        "31678": 1,
        "993": 1,
        "58140": 1,
        "33722": 1,
        "39224": 1,
        "58012": 1,
        "52510": 1,
        "60338": 1,
        "43713": 1,
        "48512": 1,
        "36209": 1,
        "60621": 1,
        "48343": 1,
        "41645": 1,
        "51886": 1,
        "48341": 1,
        "46433": 1,
        "60247": 1,
        "43931": 1,
        "44148": 1,
        "53153": 1,
        "55687": 1,
        "55091": 1,
        "34921": 1,
        "37817": 1,
        "53285": 1,
        "36965": 1,
        "37428": 1,
        "43463": 1,
        "50605": 1,
        "50760": 1,
        "59576": 1,
        "58104": 1,
        "47627": 1,
        "59635": 1,
        "55193": 1,
        "56405": 1,
        "51005": 1,
        "51618": 1,
        "37802": 1,
        "38407": 1,
        "39046": 1,
        "37022": 1,
        "46919": 1,
        "47803": 1,
        "55438": 1,
        "41190": 1,
        "45406": 1,
        "46388": 1,
        "41069": 1,
        "53790": 1,
        "50963": 1,
        "56216": 1,
        "42283": 1,
        "45099": 1,
        "45544": 1,
        "42849": 1,
        "37144": 1,
        "59477": 1,
        "38788": 1,
        "56378": 1,
        "35553": 1,
        "43317": 1,
        "52918": 1,
        "38652": 1,
        "57590": 1,
        "32853": 1,
        "54453": 1,
        "52641": 1,
        "50726": 1,
        "50720": 1,
        "42034": 1,
        "60678": 1,
        "43634": 1,
        "60512": 1,
        "45354": 1,
        "40155": 1,
        "56843": 1,
        "58431": 1,
        "44652": 1,
        "56234": 1,
        "42656": 1,
        "39653": 1,
        "38539": 1,
        "52699": 1,
        "46996": 1,
        "48180": 1,
        "49469": 1,
        "58041": 1,
        "39853": 1,
        "41196": 1,
        "57349": 1,
        "58188": 1,
        "58657": 1,
        "48879": 1,
        "32790": 1,
        "35583": 1,
        "36761": 1,
        "60559": 1,
        "56799": 1,
        "35118": 1,
        "44458": 1,
        "40825": 1,
        "51879": 1,
        "35568": 1,
        "44866": 1,
        "34366": 1,
        "41783": 1,
        "38454": 1,
        "42859": 1,
        "59566": 1,
        "57076": 1,
        "45168": 1,
        "36499": 1,
        "48985": 1,
        "57117": 1,
        "56312": 1,
        "58225": 1,
        "48815": 1,
        "48152": 1,
        "50425": 1,
        "57105": 1,
        "55155": 1,
        "56638": 1,
        "51543": 1,
        "52263": 1,
        "40947": 1,
        "50872": 1
    },
    "domains": {
        "resolver.msg.xiaomi.net": 1,
        "connectivitycheck.gstatic.com": 2,
        "BCMLS2.glpals.com": 1,
        "mtalk.google.com": 1,
        "mobile.pipe.aria.microsoft.com": 4,
        "api.samsungosp.com": 1,
        "b.config.skype.com": 2,
        "apps.skype.com": 1,
        "az361816.vo.msecnd.net": 1,
        "ws.invoxia.io": 1,
        "sip.invoxia.com": 3,
        "clients3.google.com": 1,
        "august.com": 1,
        "fb.com": 1,
        "color.lifx.com": 1,
        "mitm.it": 1,
        "www.facebook.com": 1,
        "static.xx.fbcdn.net": 1,
        "inst.platform.bing.com": 1,
        "imap.gmail.com": 1,
        "play.googleapis.com": 1
    },
    "ciphers": {
        "[\"cca9\", \"cc14\", \"c02b\", \"c02c\", \"cca8\", \"cc13\", \"c02f\", \"c030\", \"009e\", \"009f\", \"c009\", \"c00a\", \"c013\", \"c014\", \"0033\", \"0039\", \"009c\", \"009d\", \"002f\", \"0035\"]": 2,
        "[\"c030\", \"c02c\", \"c028\", \"c024\", \"c014\", \"c00a\", \"c032\", \"c02e\", \"c02a\", \"c026\", \"c00f\", \"c005\", \"009d\", \"003d\", \"0035\", \"c02f\", \"c02b\", \"c027\", \"c023\", \"c013\", \"c009\", \"c031\", \"c02d\", \"c029\", \"c025\", \"c00e\", \"c004\", \"009c\", \"003c\", \"002f\", \"c012\", \"c008\", \"c00d\", \"c003\", \"000a\", \"00ff\"]": 3,
        "[\"c02b\", \"c02c\", \"c02f\", \"c030\", \"009e\", \"009f\", \"c009\", \"c00a\", \"c013\", \"c014\", \"0033\", \"0039\", \"c007\", \"c011\", \"009c\", \"009d\", \"002f\", \"0035\", \"0005\", \"00ff\"]": 9,
        "[\"c02b\", \"c02f\", \"009e\", \"c00a\", \"c009\", \"c013\", \"c014\", \"0033\", \"0039\", \"009c\", \"002f\", \"0035\", \"00ff\"]": 2
    }
}