{
    "flow_volume": 0,
    "flow_duration": 10,
    "flow_rate": 0,
    "sleep_time": 10,
    "dns_interval": 10,
    "ntp_interval": -1,
    "ports": {
        "null": 16,
        "67": 2,
        "68": 2,
        "46144": 1,
        "57965": 1,
        "80": 20,
        "443": 59,
        "7275": 3,
        "37915": 1,
        "61958": 1,
        "43482": 1,
        "5228": 2,
        "34250": 1,
        "33999": 1,
        "56560": 1,
        "51218": 1,
        "44648": 1,
        "42632": 1,
        "55426": 1,
        "39222": 1,
        "36879": 1,
        "37969": 1,
        "53607": 1,
        "56922": 1,
        "46607": 1,
        "62263": 1,
        "40029": 1,
        "51950": 1,
        "63251": 1,
        "38330": 1,
        "42094": 1,
        "33899": 1,
        "57990": 1,
        "45580": 1,
        "57048": 1,
        "41869": 1,
        "39264": 1,
        "57515": 1,
        "58836": 2,
        "49346": 1,
        "49499": 1,
        "46649": 1,
        "37039": 1,
        "62563": 1,
        "57831": 1,
        "48903": 1,
        "63601": 1,
        "47352": 1,
        "39302": 1,
        "54885": 1,
        "43218": 1,
        "50332": 1,
        "53501": 1,
        "51695": 1,
        "45371": 1,
        "56836": 1,
        "39351": 1,
        "33796": 1,
        "60786": 1,
        "57255": 1,
        "48321": 1,
        "36305": 3,
        "18627": 1,
        "36025": 1,
        "55494": 1,
        "34388": 1,
        "45559": 1,
        "36712": 1,
        "123": 1,
        "58771": 1,
        "47756": 1,
        "59768": 1,
        "40869": 1,
        "993": 3,
        "53550": 1,
        "54668": 1,
        "53404": 1,
        "52502": 1,
        "40366": 1,
        "45768": 1,
        "55620": 1,
        "55546": 1
    },
    "domains": {
        "connectivitycheck.gstatic.com": 4,
        "BCMLS2.glpals.com": 1,
        "service.game-mode.net": 1,
        "mtalk.google.com": 2,
        "mobile.pipe.aria.microsoft.com": 4,
        "android.clients.google.com": 2,
        "www.googleapis.com": 1,
        "api.samsungosp.com": 2,
        "www.googleadservices.com": 1,
        "www.youtube.com": 1,
        "apps.skype.com": 1,
        "b.config.skype.com": 2,
        "az361816.vo.msecnd.net": 1,
        "www.google.com": 2,
        "api.accuweather.com": 1,
        "settings.crashlytics.com": 2,
        "clients3.google.com": 2,
        "imap.gmail.com": 2,
        "accounts.google.com": 1,
        "www.google.com.au": 1,
        "inst.platform.bing.com": 1,
        "pubads.g.doubleclick.net": 1,
        "www.doubleclickbygoogle.com": 1,
        "play.google.com": 1,
        "clients4.google.com": 1,
        "resolver.msg.xiaomi.net": 1,
        "time.nist.gov": 1,
        "mail.google.com": 1,
        "nexusapi.dropcam.com": 1,
        "ssl.google-analytics.com": 1
    },
    "ciphers": {
        "[\"c02b\", \"c02c\", \"c02f\", \"c030\", \"009e\", \"009f\", \"c009\", \"c00a\", \"c013\", \"c014\", \"0033\", \"0039\", \"c007\", \"c011\", \"009c\", \"009d\", \"002f\", \"0035\", \"0005\", \"00ff\"]": 23,
        "[\"cca9\", \"cc14\", \"c02b\", \"c02c\", \"cca8\", \"cc13\", \"c02f\", \"c030\", \"009e\", \"009f\", \"c009\", \"c00a\", \"c013\", \"c014\", \"0033\", \"0039\", \"009c\", \"009d\", \"002f\", \"0035\"]": 19,
        "[\"c030\", \"c02c\", \"c028\", \"c024\", \"c014\", \"c00a\", \"c032\", \"c02e\", \"c02a\", \"c026\", \"c00f\", \"c005\", \"009d\", \"003d\", \"0035\", \"c02f\", \"c02b\", \"c027\", \"c023\", \"c013\", \"c009\", \"c031\", \"c02d\", \"c029\", \"c025\", \"c00e\", \"c004\", \"009c\", \"003c\", \"002f\", \"c012\", \"c008\", \"c00d\", \"c003\", \"000a\", \"00ff\"]": 3
    }
}