{
    "flow_volume": 100,
    "flow_duration": 0,
    "flow_rate": 2700000,
    "sleep_time": 10,
    "dns_interval": 10,
    "ntp_interval": -1,
    "ports": {
        "10000": 378,
        "53595": 1,
        "57910": 1,
        "443": 46,
        "55727": 1,
        "52847": 1,
        "33168": 1,
        "35318": 1,
        "1900": 20,
        "59880": 1,
        "56284": 1,
        "49152": 23,
        "36252": 1,
        "34655": 1,
        "44864": 1,
        "56078": 1,
        "36223": 1,
        "60632": 1,
        "57732": 1,
        "54971": 1,
        "53817": 1,
        "58870": 1,
        "46932": 1,
        "55645": 1,
        "51724": 1,
        "32944": 1,
        "48082": 1,
        "46150": 1,
        "48213": 1,
        "58183": 1,
        "36380": 1,
        "42838": 1,
        "42706": 1,
        "60286": 1,
        "44331": 1,
        "33475": 1,
        "47946": 1,
        "37751": 1,
        "35969": 1,
        "58032": 1,
        "55524": 1,
        "5222": 5,
        "52471": 1,
        "42585": 1,
        "48403": 1,
        "45765": 1,
        "45954": 1,
        "49546": 1,
        "37934": 1,
        "57114": 1,
        "41799": 1,
        "38058": 1,
        "45519": 1,
        "52586": 1,
        "39305": 1,
        "45085": 2,
        "42937": 1,
        "38903": 1,
        "55357": 1,
        "48106": 1,
        "44055": 1,
        "57295": 1,
        "44903": 1,
        "38778": 1,
        "53347": 1,
        "39889": 1,
        "35477": 1,
        "55885": 1,
        "56031": 1,
        "52584": 1,
        "46861": 1,
        "50479": 1,
        "48757": 1,
        "40400": 1,
        "53764": 1,
        "46544": 1,
        "38241": 1,
        "38507": 1,
        "49098": 1,
        "39892": 1,
        "46507": 1,
        "37210": 1,
        "60861": 1,
        "43328": 1,
        "38808": 1,
        "48986": 1,
        "60177": 2,
        "60867": 1,
        "54778": 1,
        "39502": 1,
        "47181": 1,
        "40754": 1,
        "34316": 1,
        "46754": 1,
        "33292": 1,
        "39308": 1,
        "43765": 1,
        "40559": 1,
        "48298": 1,
        "39085": 1,
        "55949": 1,
        "49427": 1,
        "38290": 1,
        "45366": 1,
        "33870": 1,
        "48167": 1,
        "54710": 1,
        "42411": 1,
        "48560": 1,
        "47945": 1,
        "60170": 1,
        "59414": 1,
        "49439": 1,
        "36636": 1,
        "56340": 1,
        "40340": 1,
        "59871": 1,
        "59620": 1,
        "33256": 1,
        "55090": 1,
        "49607": 1,
        "40905": 1,
        "55793": 1,
        "48275": 1,
        "41402": 1,
        "50450": 1,
        "51118": 1,
        "33623": 1,
        "49364": 1,
        "36460": 1,
        "54157": 1,
        "59929": 1,
        "38612": 1,
        "33865": 1,
        "49579": 1,
        "49725": 1,
        "42951": 1,
        "36827": 1,
        "44239": 1,
        "60997": 1,
        "55011": 1,
        "37040": 1,
        "43948": 1,
        "40156": 1,
        "44417": 1,
        "39780": 1,
        "40901": 3,
        "45172": 1,
        "33906": 1,
        "53514": 1,
        "52661": 1,
        "50220": 1,
        "34977": 1,
        "60940": 1,
        "50431": 1,
        "53970": 1,
        "41556": 1,
        "36194": 1,
        "35941": 1,
        "5228": 23,
        "57831": 1,
        "993": 6,
        "50962": 1,
        "43084": 1,
        "58030": 1,
        "37338": 1,
        "58723": 1,
        "50535": 2,
        "49153": 2,
        "34540": 1,
        "55715": 2,
        "null": 16,
        "67": 2,
        "68": 2,
        "7275": 2,
        "23367": 1,
        "26463": 1,
        "14260": 1,
        "80": 8,
        "8736": 1,
        "1210": 1,
        "14837": 1,
        "17464": 1,
        "14078": 1,
        "16503": 1,
        "28904": 1,
        "41594": 1,
        "59047": 1,
        "30801": 1,
        "8777": 1,
        "49206": 4,
        "41695": 1,
        "38312": 1,
        "55510": 1,
        "40636": 1,
        "19296": 1,
        "49666": 1,
        "41962": 1,
        "33154": 1,
        "43829": 1,
        "41928": 12,
        "46226": 1,
        "57834": 1,
        "45369": 1,
        "55067": 1,
        "4949": 1,
        "35254": 1,
        "56591": 1,
        "44228": 1,
        "40675": 1,
        "56738": 3,
        "45387": 2,
        "53442": 1,
        "46637": 1,
        "47365": 1,
        "19763": 1,
        "37272": 1,
        "14744": 1,
        "36621": 1,
        "34191": 1,
        "30658": 1,
        "37426": 1,
        "49644": 1,
        "35309": 1,
        "43352": 1,
        "49445": 1,
        "58293": 1,
        "35321": 1,
        "57960": 1,
        "35493": 1,
        "48694": 1,
        "34639": 1,
        "42888": 1,
        "45920": 1,
        "46562": 1,
        "56035": 1,
        "52591": 1,
        "48559": 1,
        "35459": 1,
        "59563": 1,
        "54899": 1,
        "39710": 1,
        "34867": 1,
        "22415": 1,
        "35190": 1,
        "35587": 1,
        "54041": 1,
        "44440": 1,
        "43964": 1,
        "39235": 1,
        "34815": 1,
        "39111": 1,
        "51871": 1,
        "55914": 1,
        "57261": 1,
        "52851": 1,
        "33264": 1,
        "38390": 1,
        "49273": 1,
        "45079": 1,
        "52123": 1,
        "36137": 1,
        "42913": 1,
        "33191": 1,
        "55932": 1,
        "58295": 1,
        "46862": 1,
        "55219": 1,
        "51109": 1,
        "43809": 1,
        "49869": 1,
        "35661": 1,
        "51544": 1,
        "42740": 1,
        "60284": 1,
        "39006": 1,
        "48509": 1,
        "38947": 1,
        "45629": 1,
        "36334": 1,
        "38747": 1,
        "32960": 1,
        "44816": 1,
        "59638": 1,
        "40297": 1,
        "33950": 1,
        "48842": 1,
        "55264": 1,
        "44635": 1,
        "41485": 1,
        "56333": 1,
        "50189": 1,
        "54644": 1,
        "35541": 1,
        "53675": 1,
        "50887": 1,
        "55634": 1,
        "43116": 1,
        "36677": 1,
        "57571": 1,
        "55330": 1,
        "33903": 1,
        "49882": 1,
        "58737": 1,
        "54782": 1,
        "37928": 1,
        "36993": 1,
        "34266": 1,
        "54929": 1,
        "51549": 1,
        "60045": 1,
        "34636": 1,
        "55044": 1,
        "46339": 1,
        "41245": 1,
        "43885": 1,
        "39072": 1,
        "36844": 1,
        "47036": 1,
        "45825": 1,
        "57486": 1,
        "34193": 1,
        "43519": 1,
        "48838": 1,
        "37142": 1,
        "33018": 1,
        "51069": 1,
        "36459": 1,
        "33529": 1,
        "54303": 1,
        "52083": 1,
        "55650": 1,
        "53981": 1,
        "49554": 1,
        "41867": 1,
        "57081": 1,
        "34650": 1,
        "51741": 1,
        "49429": 1,
        "57557": 2,
        "41182": 1,
        "44235": 1,
        "33431": 1,
        "47205": 1,
        "56012": 2,
        "50599": 1,
        "51162": 1,
        "59653": 1,
        "46633": 1,
        "44445": 1,
        "51135": 1,
        "34261": 1,
        "47578": 1,
        "51892": 1,
        "41865": 1,
        "43414": 1,
        "46288": 1,
        "53896": 1,
        "48765": 1,
        "46514": 1,
        "43862": 1,
        "47084": 1,
        "39675": 1,
        "41107": 1,
        "48316": 1,
        "48895": 1,
        "40639": 1,
        "36030": 1,
        "44599": 1,
        "59570": 1,
        "58225": 1,
        "54247": 1,
        "33852": 1,
        "41552": 1,
        "38381": 1,
        "37369": 1,
        "33868": 1,
        "40768": 1,
        "54571": 1,
        "39899": 1,
        "33998": 1,
        "35036": 1,
        "38977": 1,
        "46678": 1,
        "42191": 1,
        "39852": 1,
        "58192": 1,
        "55079": 1,
        "42682": 1,
        "41966": 1,
        "46919": 1,
        "56372": 1,
        "46303": 1,
        "48258": 1,
        "46465": 1,
        "50082": 1,
        "42653": 1,
        "40748": 1,
        "57171": 1,
        "58926": 1,
        "37610": 1,
        "55771": 1,
        "38606": 1,
        "56852": 1,
        "54848": 1,
        "39883": 1,
        "35811": 1,
        "49004": 1,
        "56972": 3,
        "54337": 1,
        "56651": 1,
        "45836": 1,
        "54863": 1,
        "33465": 1,
        "51888": 1,
        "54701": 1,
        "47871": 1,
        "33443": 1,
        "42060": 1,
        "45643": 1,
        "57294": 1,
        "37351": 1,
        "34020": 1,
        "58837": 1,
        "43067": 1,
        "35123": 1,
        "49052": 1,
        "41088": 1,
        "54768": 1,
        "63308": 1,
        "39724": 1,
        "57381": 1,
        "49394": 1,
        "59262": 1,
        "43687": 1,
        "45707": 1,
        "59421": 1,
        "51770": 1,
        "58730": 1,
        "40982": 1,
        "1178": 1,
        "35785": 1,
        "53195": 1,
        "38703": 1,
        "54263": 1,
        "59210": 1,
        "61207": 1,
        "41442": 1,
        "56561": 1,
        "50854": 1,
        "41942": 6,
        "59016": 1,
        "42328": 1,
        "49785": 1,
        "50733": 1,
        "34912": 1,
        "37059": 1,
        "51878": 1,
        "47039": 1,
        "53155": 1,
        "34464": 1
    },
    "domains": {
        "BCMLS2.glpals.com": 2,
        "connectivitycheck.gstatic.com": 4,
        "mtalk.google.com": 2,
        "ws.invoxia.io": 1,
        "api.samsungosp.com": 2,
        "apps.skype.com": 2,
        "a.config.skype.com": 2,
        "az361816.vo.msecnd.net": 2,
        "mobile.pipe.aria.microsoft.com": 5,
        "sip.invoxia.com": 4,
        "clients3.google.com": 2,
        "imap.gmail.com": 3,
        "android.clients.google.com": 1,
        "inst.platform.bing.com": 1,
        "service.game-mode.net": 1,
        "resolver.msg.xiaomi.net": 1
    },
    "ciphers": {
        "[\"cca9\", \"cc14\", \"c02b\", \"c02c\", \"cca8\", \"cc13\", \"c02f\", \"c030\", \"009e\", \"009f\", \"c009\", \"c00a\", \"c013\", \"c014\", \"0033\", \"0039\", \"009c\", \"009d\", \"002f\", \"0035\"]": 5,
        "[\"c02b\", \"c02f\", \"009e\", \"c00a\", \"c009\", \"c013\", \"c014\", \"0033\", \"0039\", \"009c\", \"002f\", \"0035\", \"00ff\"]": 2,
        "[\"c02b\", \"c02c\", \"c02f\", \"c030\", \"009e\", \"009f\", \"c009\", \"c00a\", \"c013\", \"c014\", \"0033\", \"0039\", \"c007\", \"c011\", \"009c\", \"009d\", \"002f\", \"0035\", \"0005\", \"00ff\"]": 16,
        "[\"c030\", \"c02c\", \"c028\", \"c024\", \"c014\", \"c00a\", \"c032\", \"c02e\", \"c02a\", \"c026\", \"c00f\", \"c005\", \"009d\", \"003d\", \"0035\", \"c02f\", \"c02b\", \"c027\", \"c023\", \"c013\", \"c009\", \"c031\", \"c02d\", \"c029\", \"c025\", \"c00e\", \"c004\", \"009c\", \"003c\", \"002f\", \"c012\", \"c008\", \"c00d\", \"c003\", \"000a\", \"00ff\"]": 3
    }
}