{
    "flow_volume": 100,
    "flow_duration": 0,
    "flow_rate": 2700000,
    "sleep_time": 10,
    "dns_interval": 10,
    "ntp_interval": -1,
    "ports": {
        "10000": 234,
        "49234": 1,
        "993": 8,
        "58521": 1,
        "5228": 38,
        "55543": 1,
        "46673": 1,
        "80": 10,
        "57868": 1,
        "443": 56,
        "null": 20,
        "52459": 1,
        "38870": 1,
        "61690": 1,
        "51109": 1,
        "35184": 1,
        "47294": 6,
        "47208": 1,
        "38704": 18,
        "35885": 1,
        "45884": 2,
        "54751": 1,
        "52315": 1,
        "49942": 1,
        "42971": 1,
        "36773": 1,
        "46828": 1,
        "44394": 1,
        "1900": 12,
        "48413": 1,
        "39204": 1,
        "49152": 12,
        "36074": 1,
        "56290": 1,
        "58375": 1,
        "42314": 2,
        "38443": 1,
        "35133": 1,
        "33085": 1,
        "35863": 1,
        "56462": 1,
        "46713": 1,
        "37776": 1,
        "57886": 1,
        "33140": 1,
        "33229": 1,
        "35694": 1,
        "32824": 1,
        "47790": 1,
        "58457": 1,
        "55669": 1,
        "56611": 1,
        "36464": 1,
        "59891": 1,
        "53273": 1,
        "52570": 1,
        "55258": 1,
        "48576": 1,
        "57029": 1,
        "38646": 1,
        "53287": 1,
        "44319": 1,
        "40349": 1,
        "50819": 1,
        "43553": 1,
        "49292": 1,
        "57072": 1,
        "41029": 1,
        "33234": 1,
        "33243": 1,
        "40664": 1,
        "54894": 1,
        "42062": 7,
        "37495": 1,
        "58130": 1,
        "48031": 1,
        "60916": 1,
        "44541": 1,
        "35797": 1,
        "37385": 1,
        "36502": 1,
        "45410": 1,
        "48962": 1,
        "43645": 1,
        "39048": 1,
        "41991": 1,
        "43532": 1,
        "51549": 1,
        "43320": 1,
        "45964": 1,
        "40364": 1,
        "50172": 1,
        "34578": 1,
        "60765": 1,
        "54248": 1,
        "37079": 1,
        "52514": 1,
        "54694": 1,
        "43709": 1,
        "35108": 1,
        "60203": 1,
        "44137": 1,
        "59324": 1,
        "42070": 1,
        "49192": 1,
        "33794": 1,
        "53713": 1,
        "53017": 1,
        "56913": 1,
        "42117": 1,
        "53849": 1,
        "38507": 1,
        "32867": 1,
        "35385": 1,
        "57183": 1,
        "54669": 1,
        "57232": 1,
        "56093": 1,
        "39294": 1,
        "33198": 1,
        "59737": 1,
        "57836": 1,
        "53880": 1,
        "47998": 1,
        "50495": 1,
        "34920": 1,
        "50689": 1,
        "60009": 1,
        "35649": 1,
        "41131": 1,
        "59313": 1,
        "47157": 1,
        "43097": 1,
        "43437": 1,
        "44381": 1,
        "35336": 1,
        "52562": 1,
        "50496": 1,
        "37527": 1,
        "59190": 1,
        "54141": 1,
        "39349": 1,
        "60360": 1,
        "50260": 1,
        "37905": 1,
        "45481": 1,
        "55445": 1,
        "59971": 1,
        "43416": 1,
        "55140": 1,
        "40438": 1,
        "47155": 1,
        "60174": 1,
        "51607": 1,
        "47653": 1,
        "47591": 1,
        "53727": 1,
        "45258": 1,
        "40802": 1,
        "38387": 1,
        "33048": 1,
        "34980": 1,
        "33591": 1,
        "45332": 1,
        "48430": 1,
        "34426": 1,
        "36261": 1,
        "47409": 1,
        "58422": 1,
        "34335": 1,
        "38697": 1,
        "43887": 1,
        "43706": 1,
        "35540": 1,
        "41302": 1,
        "57041": 1,
        "59240": 1,
        "44059": 1,
        "42075": 3,
        "53301": 1,
        "52128": 1,
        "42440": 1,
        "54143": 1,
        "43474": 1,
        "47814": 1,
        "38183": 1,
        "36720": 1,
        "51307": 1,
        "58603": 1,
        "56478": 1,
        "36675": 1,
        "54868": 1,
        "54229": 1,
        "52329": 1,
        "48775": 1,
        "52400": 1,
        "58368": 1,
        "56621": 1,
        "47551": 1,
        "56871": 1,
        "42919": 1,
        "51938": 1,
        "44795": 1,
        "47585": 1,
        "57514": 1,
        "41258": 1,
        "37855": 1,
        "45460": 1,
        "51243": 1,
        "54654": 1,
        "32944": 1,
        "41015": 1,
        "41120": 1,
        "36999": 1,
        "7275": 2,
        "10060": 1,
        "32811": 1,
        "42884": 1,
        "53760": 1,
        "53076": 1,
        "57161": 1,
        "59448": 1,
        "42069": 1,
        "34436": 1,
        "58800": 1,
        "35525": 1,
        "37819": 1,
        "37432": 1,
        "52260": 1,
        "34312": 1,
        "34780": 1,
        "49682": 1,
        "37425": 1,
        "42747": 1,
        "50711": 1,
        "33446": 1,
        "46261": 1,
        "32915": 1,
        "38693": 1,
        "39436": 1,
        "37060": 1,
        "17546": 1,
        "20692": 1,
        "42034": 1,
        "52006": 1,
        "22003": 1,
        "2543": 1,
        "51667": 1,
        "30304": 1,
        "43078": 1,
        "8382": 1,
        "41627": 1,
        "54082": 3,
        "40735": 1,
        "42557": 1,
        "50471": 1,
        "59119": 1,
        "33888": 1,
        "42078": 2,
        "67": 1,
        "68": 1,
        "6073": 1,
        "12060": 1,
        "33510": 1,
        "31350": 1,
        "4498": 1,
        "30004": 1,
        "32064": 1,
        "30915": 1,
        "29924": 1,
        "4651": 1,
        "3998": 1,
        "54331": 1,
        "59675": 1,
        "12102": 1,
        "36886": 1,
        "50933": 2,
        "49308": 1,
        "45807": 1,
        "35049": 1,
        "13494": 1,
        "54491": 1,
        "36872": 1,
        "49273": 9,
        "58598": 1,
        "42086": 8,
        "37975": 1,
        "39628": 1,
        "57992": 1,
        "45527": 1,
        "47197": 1,
        "46826": 1,
        "2283": 1,
        "56071": 1,
        "51312": 1,
        "48806": 1,
        "49718": 2,
        "39134": 1,
        "7660": 1,
        "46218": 1,
        "58196": 1,
        "49603": 1,
        "55664": 1,
        "34097": 1,
        "38925": 1,
        "53628": 1
    },
    "domains": {
        "connectivitycheck.gstatic.com": 4,
        "play.googleapis.com": 2,
        "mtalk.google.com": 3,
        "settings.crashlytics.com": 1,
        "scalews.withings.net": 1,
        "sip.invoxia.com": 11,
        "BCMLS2.glpals.com": 2,
        "b.config.skype.com": 2,
        "imap.gmail.com": 1,
        "android.clients.google.com": 2,
        "mobile.pipe.aria.microsoft.com": 3,
        "api.samsungosp.com": 1,
        "apps.skype.com": 1,
        "az361816.vo.msecnd.net": 1,
        "a.config.skype.com": 2,
        "ws.invoxia.io": 1,
        "clients3.google.com": 1,
        "www.google.com": 1
    },
    "ciphers": {
        "[\"c02b\", \"c02c\", \"c02f\", \"c030\", \"009e\", \"009f\", \"c009\", \"c00a\", \"c013\", \"c014\", \"0033\", \"0039\", \"c007\", \"c011\", \"009c\", \"009d\", \"002f\", \"0035\", \"0005\", \"00ff\"]": 10,
        "[\"cca9\", \"cc14\", \"c02b\", \"c02c\", \"cca8\", \"cc13\", \"c02f\", \"c030\", \"009e\", \"009f\", \"c009\", \"c00a\", \"c013\", \"c014\", \"0033\", \"0039\", \"009c\", \"009d\", \"002f\", \"0035\"]": 7,
        "[\"c02b\", \"c02f\", \"009e\", \"c00a\", \"c009\", \"c013\", \"c014\", \"c007\", \"c011\", \"0033\", \"0039\", \"009c\", \"002f\", \"0035\", \"000a\", \"0005\", \"0004\", \"00ff\"]": 1,
        "[\"c030\", \"c02c\", \"c028\", \"c024\", \"c014\", \"c00a\", \"c032\", \"c02e\", \"c02a\", \"c026\", \"c00f\", \"c005\", \"009d\", \"003d\", \"0035\", \"c02f\", \"c02b\", \"c027\", \"c023\", \"c013\", \"c009\", \"c031\", \"c02d\", \"c029\", \"c025\", \"c00e\", \"c004\", \"009c\", \"003c\", \"002f\", \"c012\", \"c008\", \"c00d\", \"c003\", \"000a\", \"00ff\"]": 4,
        "[\"c02b\", \"c02f\", \"009e\", \"c00a\", \"c009\", \"c013\", \"c014\", \"0033\", \"0039\", \"009c\", \"002f\", \"0035\", \"00ff\"]": 2
    }
}