{
    "flow_volume": 100,
    "flow_duration": 0,
    "flow_rate": 2700000,
    "sleep_time": 10,
    "dns_interval": 10,
    "ntp_interval": -1,
    "ports": {
        "993": 6,
        "10000": 312,
        "37825": 1,
        "5228": 14,
        "50733": 1,
        "49179": 1,
        "49206": 2,
        "443": 33,
        "64704": 1,
        "80": 22,
        "41942": 12,
        "5222": 25,
        "36379": 1,
        "51906": 1,
        "45090": 3,
        "56266": 1,
        "1900": 18,
        "42537": 1,
        "57875": 1,
        "49528": 1,
        "36949": 2,
        "49152": 21,
        "38401": 1,
        "48952": 2,
        "36268": 1,
        "34263": 1,
        "43166": 1,
        "44292": 1,
        "32790": 1,
        "33788": 1,
        "35701": 1,
        "50096": 1,
        "46836": 1,
        "39964": 1,
        "49691": 1,
        "41784": 1,
        "41836": 1,
        "49295": 1,
        "null": 23,
        "36280": 1,
        "39244": 1,
        "50064": 1,
        "1413": 1,
        "40632": 1,
        "47289": 1,
        "48298": 1,
        "38428": 1,
        "48026": 1,
        "60955": 1,
        "41648": 1,
        "36398": 1,
        "34846": 1,
        "50287": 1,
        "33771": 1,
        "48815": 1,
        "37437": 1,
        "57930": 1,
        "45428": 1,
        "44368": 1,
        "58965": 1,
        "35844": 1,
        "45422": 1,
        "44124": 1,
        "59521": 1,
        "47121": 1,
        "58925": 1,
        "40687": 1,
        "60632": 1,
        "58659": 1,
        "48479": 1,
        "33280": 1,
        "60783": 1,
        "51899": 1,
        "53762": 1,
        "55542": 1,
        "42882": 1,
        "41401": 1,
        "33107": 1,
        "41955": 1,
        "60469": 1,
        "46399": 1,
        "42881": 1,
        "36611": 1,
        "55275": 1,
        "50680": 1,
        "39238": 1,
        "36315": 1,
        "50077": 1,
        "56570": 1,
        "41664": 1,
        "34070": 1,
        "39615": 1,
        "35123": 1,
        "34717": 1,
        "58296": 1,
        "59751": 1,
        "46774": 1,
        "49127": 1,
        "67": 3,
        "68": 3,
        "7275": 3,
        "8001": 1,
        "31316": 1,
        "26705": 1,
        "48411": 1,
        "19757": 1,
        "15311": 1,
        "30420": 1,
        "28135": 1,
        "31411": 1,
        "11708": 1,
        "31134": 1,
        "23980": 1,
        "40583": 1,
        "34887": 1,
        "27325": 1,
        "18365": 1,
        "35408": 1,
        "33504": 1,
        "60517": 1,
        "33210": 1,
        "50495": 1,
        "35345": 1,
        "36237": 1,
        "58309": 1,
        "58629": 1,
        "46908": 1,
        "58731": 1,
        "24835": 1,
        "58094": 1,
        "48136": 1,
        "20072": 1,
        "34007": 1,
        "46013": 1,
        "54118": 1,
        "55094": 1,
        "58266": 1,
        "36916": 1,
        "60949": 1,
        "34309": 1,
        "43577": 1,
        "49190": 1,
        "45435": 1,
        "25737": 1,
        "42288": 1,
        "39115": 1,
        "50156": 1,
        "54520": 1,
        "46061": 1,
        "54230": 1,
        "35190": 1,
        "38015": 1,
        "55937": 1,
        "39074": 1,
        "46912": 1,
        "46034": 1,
        "52625": 1,
        "50209": 1,
        "55459": 1,
        "40243": 1,
        "37400": 1,
        "49978": 1,
        "52949": 1,
        "57863": 1,
        "57172": 1,
        "45397": 1,
        "40984": 1,
        "45760": 1,
        "48520": 1,
        "56787": 1,
        "48161": 1,
        "37855": 1,
        "33046": 1,
        "47260": 1,
        "39601": 1,
        "58145": 1,
        "56040": 1,
        "50501": 1,
        "47221": 1,
        "50865": 1,
        "43753": 1,
        "55187": 1,
        "34599": 1,
        "54327": 1,
        "55809": 1,
        "46515": 1,
        "39263": 1,
        "59131": 1,
        "38750": 1,
        "51028": 1,
        "37975": 1,
        "54416": 1,
        "58162": 1,
        "41500": 1,
        "53142": 1,
        "53998": 1,
        "36342": 1,
        "39713": 1,
        "46664": 1,
        "37113": 1,
        "52477": 1,
        "59689": 1,
        "59544": 1,
        "48726": 1,
        "56675": 1,
        "43822": 1,
        "52342": 1,
        "50120": 1,
        "56839": 1,
        "42129": 1,
        "45742": 1,
        "48624": 1,
        "50486": 1,
        "40269": 1,
        "52023": 1,
        "47163": 1,
        "54145": 1,
        "45559": 1,
        "41800": 1,
        "49117": 1,
        "47497": 1,
        "53263": 1,
        "54986": 1,
        "57045": 1,
        "37692": 1,
        "38743": 1,
        "44539": 3,
        "40660": 1,
        "36427": 1,
        "33380": 1,
        "39798": 1,
        "58789": 1,
        "43888": 1,
        "35577": 1,
        "56780": 1,
        "56406": 1,
        "42429": 1,
        "55569": 1,
        "47669": 1,
        "44895": 1,
        "35479": 1,
        "43197": 1,
        "49351": 1,
        "58810": 1,
        "36499": 1,
        "58650": 1,
        "39787": 1,
        "40379": 1,
        "37200": 1,
        "57300": 1,
        "36666": 1,
        "60294": 1,
        "56320": 1,
        "36626": 1,
        "35575": 1,
        "44109": 1,
        "54064": 1,
        "43398": 1,
        "40728": 1,
        "58511": 1,
        "49194": 1,
        "49682": 1,
        "34013": 1,
        "43823": 1,
        "56723": 1,
        "49322": 1,
        "54423": 1,
        "43869": 1,
        "48719": 1,
        "33129": 1,
        "45418": 1,
        "45977": 1,
        "40558": 1,
        "59626": 1,
        "34437": 1,
        "45512": 1,
        "46453": 1,
        "37461": 1,
        "55210": 1,
        "55842": 1,
        "49611": 1,
        "44774": 1,
        "34494": 1,
        "55991": 1,
        "63555": 1,
        "55350": 1,
        "39593": 1,
        "53187": 1,
        "52273": 1,
        "48987": 1,
        "40240": 1,
        "55691": 1,
        "52506": 1,
        "55034": 1,
        "51396": 1,
        "41566": 1,
        "57832": 1,
        "47285": 1,
        "37659": 1,
        "53925": 1,
        "52218": 1,
        "45251": 1,
        "44339": 1,
        "35585": 1,
        "60915": 1,
        "45172": 1,
        "34069": 1,
        "39812": 1,
        "39283": 1,
        "50531": 1,
        "43544": 1,
        "44892": 1,
        "51010": 1,
        "59188": 1,
        "33313": 1,
        "45481": 1,
        "54512": 1,
        "60425": 1,
        "43635": 1,
        "34294": 1,
        "43804": 1,
        "39430": 1,
        "58783": 1,
        "35997": 1,
        "39514": 1,
        "44831": 1,
        "43413": 1,
        "52830": 1,
        "59761": 1,
        "51689": 1,
        "41667": 1,
        "43867": 1,
        "58339": 1,
        "46952": 1,
        "34647": 1,
        "46820": 1,
        "36759": 1,
        "45575": 1,
        "55636": 1,
        "44125": 1,
        "58363": 1,
        "54350": 1,
        "53306": 1,
        "41977": 1,
        "43971": 1,
        "36329": 1,
        "37238": 1,
        "60863": 1,
        "5353": 1,
        "59323": 1,
        "52854": 1,
        "49784": 1,
        "33964": 1,
        "53340": 1,
        "44675": 1,
        "48646": 1,
        "2755": 1,
        "18274": 1,
        "34063": 1,
        "51858": 1,
        "4469": 1,
        "40914": 1,
        "37896": 1,
        "33289": 1,
        "35925": 1,
        "53857": 1,
        "41268": 2,
        "17277": 1,
        "12783": 1,
        "7836": 1,
        "30946": 1,
        "25807": 1,
        "12224": 1,
        "32785": 1,
        "48108": 1,
        "45336": 1,
        "9330": 1,
        "29150": 1,
        "35498": 1,
        "46744": 1,
        "59083": 1,
        "56145": 1,
        "52787": 1,
        "46562": 1,
        "59190": 1,
        "47755": 1,
        "45416": 1,
        "60516": 1,
        "42443": 2,
        "3980": 1,
        "15238": 1,
        "15757": 1,
        "29525": 1,
        "14140": 1,
        "26876": 1,
        "52491": 1,
        "60323": 1,
        "53851": 1,
        "28246": 1,
        "13260": 1,
        "50488": 1,
        "19126": 1,
        "54476": 1,
        "34906": 1,
        "41314": 1,
        "33501": 1,
        "47836": 1,
        "54354": 1,
        "45420": 1,
        "35542": 1,
        "58850": 1,
        "46342": 1
    },
    "domains": {
        "sip.invoxia.com": 2,
        "resolver.msg.xiaomi.net": 2,
        "android.clients.google.com": 3,
        "www.googleapis.com": 1,
        "resolver.gslb.mi-idc.com": 1,
        "BCMLS2.glpals.com": 2,
        "connectivitycheck.gstatic.com": 6,
        "mtalk.google.com": 3,
        "play.googleapis.com": 1,
        "api.samsungosp.com": 3,
        "apps.skype.com": 3,
        "az361816.vo.msecnd.net": 3,
        "a.config.skype.com": 2,
        "settings.crashlytics.com": 1,
        "mobile.pipe.aria.microsoft.com": 6,
        "LB-IM-07-826586616.ap-southeast-1.elb.amazonaws.com": 1,
        "clients4.google.com": 1,
        "www.google.com.au": 1,
        "imap.gmail.com": 3
    },
    "ciphers": {
        "[\"cca9\", \"cc14\", \"c02b\", \"c02c\", \"cca8\", \"cc13\", \"c02f\", \"c030\", \"009e\", \"009f\", \"c009\", \"c00a\", \"c013\", \"c014\", \"0033\", \"0039\", \"009c\", \"009d\", \"002f\", \"0035\"]": 7,
        "[\"c02b\", \"c02c\", \"c02f\", \"c030\", \"009e\", \"009f\", \"c009\", \"c00a\", \"c013\", \"c014\", \"0033\", \"0039\", \"c007\", \"c011\", \"009c\", \"009d\", \"002f\", \"0035\", \"0005\", \"00ff\"]": 21,
        "[\"c030\", \"c02c\", \"c028\", \"c024\", \"c014\", \"c00a\", \"c032\", \"c02e\", \"c02a\", \"c026\", \"c00f\", \"c005\", \"009d\", \"003d\", \"0035\", \"c02f\", \"c02b\", \"c027\", \"c023\", \"c013\", \"c009\", \"c031\", \"c02d\", \"c029\", \"c025\", \"c00e\", \"c004\", \"009c\", \"003c\", \"002f\", \"c012\", \"c008\", \"c00d\", \"c003\", \"000a\", \"00ff\"]": 4,
        "[\"cca9\", \"cca8\", \"cc14\", \"cc13\", \"c02b\", \"c02f\", \"c02c\", \"c030\", \"c009\", \"c013\", \"c00a\", \"c014\", \"009c\", \"009d\", \"002f\", \"0035\", \"000a\"]": 1
    }
}