{
    "flow_volume": 100,
    "flow_duration": 10,
    "flow_rate": 0,
    "sleep_time": 10,
    "dns_interval": 10,
    "ntp_interval": -1,
    "ports": {
        "5228": 5,
        "44225": 1,
        "80": 5,
        "51167": 1,
        "443": 12,
        "60174": 1,
        "46012": 1,
        "null": 14,
        "67": 1,
        "68": 1,
        "59900": 1,
        "56420": 1,
        "5222": 5,
        "7275": 2,
        "65451": 1,
        "47299": 1,
        "48722": 1,
        "61632": 1,
        "43508": 1,
        "54405": 1,
        "51053": 1,
        "59875": 1,
        "45584": 1,
        "40894": 2,
        "30555": 1,
        "5058": 1,
        "12520": 1,
        "14050": 1,
        "58053": 1,
        "1430": 1,
        "993": 6,
        "49125": 2,
        "63919": 1,
        "38190": 1,
        "57835": 1,
        "58855": 1,
        "39914": 1,
        "55511": 1,
        "44313": 1,
        "55767": 1,
        "40599": 1,
        "35307": 1,
        "2088": 1
    },
    "domains": {
        "connectivitycheck.gstatic.com": 3,
        "play.googleapis.com": 1,
        "mtalk.google.com": 2,
        "BCMLS2.glpals.com": 2,
        "api.samsungosp.com": 1,
        "apps.skype.com": 1,
        "az361816.vo.msecnd.net": 1,
        "mobile.pipe.aria.microsoft.com": 2,
        "a.config.skype.com": 3,
        "imap.gmail.com": 2,
        "clients3.google.com": 1,
        "android.clients.google.com": 1,
        "www.google.com.au": 1,
        "resolver.msg.xiaomi.net": 1,
        "www.google.com": 1
    },
    "ciphers": {
        "[\"c02b\", \"c02c\", \"c02f\", \"c030\", \"009e\", \"009f\", \"c009\", \"c00a\", \"c013\", \"c014\", \"0033\", \"0039\", \"c007\", \"c011\", \"009c\", \"009d\", \"002f\", \"0035\", \"0005\", \"00ff\"]": 9,
        "[\"cca9\", \"cc14\", \"c02b\", \"c02c\", \"cca8\", \"cc13\", \"c02f\", \"c030\", \"009e\", \"009f\", \"c009\", \"c00a\", \"c013\", \"c014\", \"0033\", \"0039\", \"009c\", \"009d\", \"002f\", \"0035\"]": 5,
        "[\"c030\", \"c02c\", \"c028\", \"c024\", \"c014\", \"c00a\", \"c032\", \"c02e\", \"c02a\", \"c026\", \"c00f\", \"c005\", \"009d\", \"003d\", \"0035\", \"c02f\", \"c02b\", \"c027\", \"c023\", \"c013\", \"c009\", \"c031\", \"c02d\", \"c029\", \"c025\", \"c00e\", \"c004\", \"009c\", \"003c\", \"002f\", \"c012\", \"c008\", \"c00d\", \"c003\", \"000a\", \"00ff\"]": 2,
        "[\"cca9\", \"cca8\", \"cc14\", \"cc13\", \"c02b\", \"c02f\", \"c02c\", \"c030\", \"c009\", \"c013\", \"c00a\", \"c014\", \"009c\", \"009d\", \"002f\", \"0035\", \"000a\"]": 1
    }
}