{
    "flow_volume": 0,
    "flow_duration": 10,
    "flow_rate": 0,
    "sleep_time": 10,
    "dns_interval": 10,
    "ntp_interval": -1,
    "ports": {
        "null": 8,
        "67": 1,
        "68": 1,
        "26715": 1,
        "32960": 1,
        "80": 2,
        "443": 15,
        "7275": 1,
        "20329": 1,
        "13654": 1,
        "11525": 1,
        "22170": 1,
        "3885": 1,
        "5228": 1,
        "1084": 1,
        "12042": 1,
        "33394": 1,
        "19209": 1,
        "3388": 1,
        "8563": 1,
        "1753": 1,
        "19779": 1,
        "16570": 1,
        "27969": 1,
        "59745": 1,
        "45630": 1,
        "43293": 1,
        "38006": 1,
        "58106": 1,
        "45640": 1,
        "35116": 1,
        "40323": 1,
        "50273": 1,
        "39019": 1,
        "52527": 1,
        "18251": 1
    },
    "domains": {
        "connectivitycheck.gstatic.com": 2,
        "resolver.msg.xiaomi.net": 1,
        "BCMLS2.glpals.com": 1,
        "mobile.pipe.aria.microsoft.com": 2,
        "mtalk.google.com": 1,
        "android.clients.google.com": 1,
        "www.googleapis.com": 1,
        "api.samsungosp.com": 1,
        "apps.skype.com": 1,
        "az361816.vo.msecnd.net": 1,
        "a.config.skype.com": 2,
        "snowplow.canary.is": 1,
        "device-api.urbanairship.com": 1,
        "clients3.google.com": 1,
        "imap.gmail.com": 1
    },
    "ciphers": {
        "[\"c030\", \"c02c\", \"c028\", \"c024\", \"c014\", \"c00a\", \"c032\", \"c02e\", \"c02a\", \"c026\", \"c00f\", \"c005\", \"009d\", \"003d\", \"0035\", \"c02f\", \"c02b\", \"c027\", \"c023\", \"c013\", \"c009\", \"c031\", \"c02d\", \"c029\", \"c025\", \"c00e\", \"c004\", \"009c\", \"003c\", \"002f\", \"c012\", \"c008\", \"c00d\", \"c003\", \"000a\", \"00ff\"]": 3,
        "[\"cca9\", \"cc14\", \"c02b\", \"c02c\", \"cca8\", \"cc13\", \"c02f\", \"c030\", \"009e\", \"009f\", \"c009\", \"c00a\", \"c013\", \"c014\", \"0033\", \"0039\", \"009c\", \"009d\", \"002f\", \"0035\"]": 3,
        "[\"c02b\", \"c02c\", \"c02f\", \"c030\", \"009e\", \"009f\", \"c009\", \"c00a\", \"c013\", \"c014\", \"0033\", \"0039\", \"c007\", \"c011\", \"009c\", \"009d\", \"002f\", \"0035\", \"0005\", \"00ff\"]": 6,
        "[\"c02b\", \"c02f\", \"009e\", \"c00a\", \"c009\", \"c013\", \"c014\", \"0033\", \"0039\", \"009c\", \"002f\", \"0035\", \"00ff\"]": 1
    }
}