{
    "flow_volume": 100,
    "flow_duration": 0,
    "flow_rate": 2700000,
    "sleep_time": 10,
    "dns_interval": 10,
    "ntp_interval": 0,
    "ports": {
        "null": 20,
        "67": 2,
        "68": 2,
        "5040": 1,
        "32074": 1,
        "80": 3,
        "443": 41,
        "19259": 1,
        "7275": 2,
        "28595": 1,
        "6848": 1,
        "22979": 1,
        "13602": 1,
        "5228": 15,
        "17994": 1,
        "2082": 1,
        "33334": 1,
        "23992": 1,
        "29474": 1,
        "15094": 1,
        "4773": 1,
        "6942": 1,
        "10000": 101,
        "1900": 6,
        "46256": 1,
        "41818": 1,
        "23022": 1,
        "58204": 2,
        "49152": 7,
        "36022": 1,
        "60112": 1,
        "37591": 1,
        "25575": 1,
        "993": 6,
        "44899": 1,
        "4569": 1,
        "30058": 1,
        "38817": 1,
        "51244": 1,
        "36496": 1,
        "34905": 1,
        "41974": 1,
        "42018": 5,
        "54490": 1,
        "51357": 6,
        "35163": 1,
        "45462": 1,
        "35918": 1,
        "41743": 1,
        "49923": 1,
        "51876": 1,
        "35280": 1,
        "35810": 2,
        "49110": 1,
        "50997": 1,
        "27569": 1,
        "25474": 1,
        "14502": 1,
        "123": 2,
        "13868": 1,
        "53431": 1,
        "8052": 1,
        "46811": 1,
        "38016": 1,
        "37173": 1,
        "41282": 1,
        "33715": 1,
        "50013": 1,
        "2055": 1,
        "46511": 1,
        "7188": 1,
        "5564": 1,
        "5222": 2,
        "5592": 1,
        "6537": 1,
        "8338": 1,
        "12314": 1,
        "6041": 1,
        "8362": 1,
        "29226": 1,
        "19568": 1,
        "25987": 1,
        "29617": 1,
        "49986": 1,
        "47898": 1,
        "11822": 1,
        "40554": 1,
        "47294": 2,
        "43888": 1,
        "48642": 1,
        "55437": 1,
        "22156": 1,
        "37331": 2,
        "42008": 1,
        "45465": 1,
        "36843": 1,
        "42054": 7,
        "36407": 6,
        "50112": 1,
        "51826": 1,
        "4663": 1,
        "54622": 1,
        "45495": 1,
        "50822": 1,
        "51478": 1,
        "48240": 1,
        "50011": 1,
        "51455": 1,
        "52152": 2,
        "58713": 1,
        "38878": 1,
        "37760": 1,
        "49931": 1,
        "42027": 1,
        "35831": 2,
        "24056": 1,
        "33971": 1,
        "21534": 1,
        "13442": 1,
        "59327": 1,
        "13231": 1,
        "13775": 1,
        "54859": 1,
        "57822": 1,
        "42055": 3,
        "59776": 1,
        "12303": 1,
        "41162": 1,
        "50111": 1,
        "33446": 1,
        "39168": 1,
        "37112": 1,
        "52848": 1,
        "60945": 1,
        "39305": 1,
        "50025": 1,
        "53137": 1,
        "36576": 1,
        "57403": 1,
        "49998": 1,
        "36163": 1,
        "48560": 1,
        "51189": 1,
        "51260": 1,
        "38128": 1,
        "54885": 1,
        "36412": 1,
        "45857": 1,
        "56292": 1,
        "32917": 1,
        "48636": 1,
        "33815": 1,
        "38806": 1,
        "40462": 1,
        "51409": 1,
        "36978": 1,
        "40454": 1,
        "42964": 1,
        "40688": 1,
        "55626": 1,
        "45235": 1,
        "56072": 1,
        "38777": 1,
        "42546": 1,
        "57191": 1,
        "47097": 1,
        "47624": 1,
        "43721": 1,
        "60870": 1,
        "44270": 1,
        "53732": 1,
        "42377": 1,
        "55822": 1,
        "54856": 1,
        "54435": 1,
        "56657": 1,
        "46610": 1,
        "53019": 1,
        "53200": 1,
        "51460": 1,
        "55754": 1,
        "55970": 1,
        "40054": 1,
        "50449": 1,
        "53025": 1,
        "39519": 1,
        "34371": 1,
        "51503": 1,
        "43049": 1,
        "46372": 1,
        "58701": 1,
        "55637": 1,
        "46231": 1,
        "57157": 1,
        "51548": 1,
        "38171": 1,
        "55350": 1
    },
    "domains": {
        "connectivitycheck.gstatic.com": 4,
        "resolver.msg.xiaomi.net": 1,
        "BCMLS2.glpals.com": 2,
        "decide.mixpanel.com": 1,
        "service.game-mode.net": 1,
        "mtalk.google.com": 2,
        "mobile.pipe.aria.microsoft.com": 4,
        "ws.invoxia.io": 2,
        "api.samsungosp.com": 2,
        "apps.skype.com": 2,
        "b.config.skype.com": 4,
        "az361816.vo.msecnd.net": 2,
        "settings.crashlytics.com": 3,
        "sip.invoxia.com": 4,
        "imap.gmail.com": 2,
        "clients3.google.com": 2,
        "android.clients.google.com": 3,
        "mail.google.com": 3,
        "time.nist.gov": 2,
        "nexusapi.dropcam.com": 2,
        "ssl.google-analytics.com": 2,
        "www.googleapis.com": 1
    },
    "ciphers": {
        "[\"c02b\", \"c02c\", \"c02f\", \"c030\", \"009e\", \"009f\", \"c009\", \"c00a\", \"c013\", \"c014\", \"0033\", \"0039\", \"c007\", \"c011\", \"009c\", \"009d\", \"002f\", \"0035\", \"0005\", \"00ff\"]": 26,
        "[\"cca9\", \"cc14\", \"c02b\", \"c02c\", \"cca8\", \"cc13\", \"c02f\", \"c030\", \"009e\", \"009f\", \"c009\", \"c00a\", \"c013\", \"c014\", \"0033\", \"0039\", \"009c\", \"009d\", \"002f\", \"0035\"]": 9,
        "[\"c030\", \"c02c\", \"c028\", \"c024\", \"c014\", \"c00a\", \"c032\", \"c02e\", \"c02a\", \"c026\", \"c00f\", \"c005\", \"009d\", \"003d\", \"0035\", \"c02f\", \"c02b\", \"c027\", \"c023\", \"c013\", \"c009\", \"c031\", \"c02d\", \"c029\", \"c025\", \"c00e\", \"c004\", \"009c\", \"003c\", \"002f\", \"c012\", \"c008\", \"c00d\", \"c003\", \"000a\", \"00ff\"]": 6,
        "[\"c02b\", \"c02f\", \"009e\", \"c00a\", \"c009\", \"c013\", \"c014\", \"0033\", \"0039\", \"009c\", \"002f\", \"0035\", \"00ff\"]": 4
    }
}