{
    "flow_volume": 100,
    "flow_duration": 0,
    "flow_rate": 12100000,
    "sleep_time": 10,
    "dns_interval": 10,
    "ntp_interval": -1,
    "ports": {
        "5222": 13,
        "10000": 81,
        "60352": 1,
        "null": 1,
        "15196": 1,
        "443": 17,
        "25999": 1,
        "45641": 1,
        "16384": 1,
        "50683": 1,
        "41359": 1,
        "993": 4,
        "49834": 1,
        "41164": 1,
        "59411": 1,
        "49431": 1,
        "38771": 1,
        "48822": 2,
        "36813": 1,
        "5228": 2,
        "42400": 1,
        "48847": 1,
        "39602": 1,
        "24949": 1,
        "32822": 1,
        "19166": 1,
        "1900": 4,
        "43732": 1,
        "18519": 1,
        "17850": 1,
        "35249": 1,
        "28091": 1,
        "49152": 5,
        "38940": 1,
        "43091": 1,
        "16112": 1,
        "32171": 1,
        "45372": 2,
        "55383": 1,
        "53768": 2,
        "60275": 1,
        "50878": 1,
        "55367": 1,
        "33170": 1,
        "46359": 1,
        "53645": 1,
        "60904": 1,
        "44822": 1,
        "33438": 1,
        "41819": 1,
        "34790": 1,
        "30028": 1,
        "80": 11,
        "46896": 1,
        "43103": 1,
        "43912": 1,
        "60492": 1,
        "49959": 1,
        "55965": 1,
        "40447": 1,
        "57470": 1,
        "33934": 1,
        "33181": 1,
        "9531": 1,
        "36151": 1,
        "53972": 1,
        "61872": 1,
        "40686": 1,
        "60076": 1,
        "38332": 1,
        "51983": 1,
        "43404": 1,
        "58467": 1,
        "33989": 1,
        "42799": 1,
        "39741": 1,
        "47167": 1,
        "42306": 1,
        "51054": 1,
        "60942": 1,
        "36580": 1,
        "50676": 1,
        "52738": 1,
        "49125": 1,
        "38641": 1,
        "32787": 1,
        "51536": 1,
        "42862": 1,
        "49055": 1,
        "35190": 1,
        "59519": 1,
        "46595": 1,
        "32912": 1,
        "50277": 1,
        "39954": 1,
        "51456": 1,
        "57286": 1,
        "50486": 1,
        "46135": 1,
        "38533": 1,
        "49058": 1,
        "48894": 1,
        "46569": 1,
        "39158": 1,
        "56038": 1,
        "46434": 1,
        "36173": 1,
        "44587": 1,
        "37122": 1,
        "48943": 1,
        "43114": 1,
        "35384": 1,
        "48658": 1,
        "42064": 1,
        "48893": 1,
        "40455": 1,
        "39520": 1,
        "45280": 1,
        "53923": 1,
        "54004": 1,
        "34464": 1,
        "38184": 1,
        "49672": 1,
        "51867": 2,
        "48611": 1,
        "50533": 1,
        "49321": 1,
        "56196": 1
    },
    "domains": {
        "clients3.google.com": 1,
        "play.googleapis.com": 1,
        "android.clients.google.com": 4,
        "www.googleapis.com": 1,
        "www.youtube.com": 1,
        "www.googleadservices.com": 1,
        "mail.google.com": 1,
        "b.config.skype.com": 2,
        "resolver.msg.xiaomi.net": 2,
        "LB-IM-07-826586616.ap-southeast-1.elb.amazonaws.com": 1,
        "inst.platform.bing.com": 1
    },
    "ciphers": {
        "[\"cca9\", \"cc14\", \"c02b\", \"c02c\", \"cca8\", \"cc13\", \"c02f\", \"c030\", \"009e\", \"009f\", \"c009\", \"c00a\", \"c013\", \"c014\", \"0033\", \"0039\", \"009c\", \"009d\", \"002f\", \"0035\"]": 7,
        "[\"c02b\", \"c02c\", \"c02f\", \"c030\", \"009e\", \"009f\", \"c009\", \"c00a\", \"c013\", \"c014\", \"0033\", \"0039\", \"c007\", \"c011\", \"009c\", \"009d\", \"002f\", \"0035\", \"0005\", \"00ff\"]": 6,
        "[\"c030\", \"c02c\", \"c028\", \"c024\", \"c014\", \"c00a\", \"c032\", \"c02e\", \"c02a\", \"c026\", \"c00f\", \"c005\", \"009d\", \"003d\", \"0035\", \"c02f\", \"c02b\", \"c027\", \"c023\", \"c013\", \"c009\", \"c031\", \"c02d\", \"c029\", \"c025\", \"c00e\", \"c004\", \"009c\", \"003c\", \"002f\", \"c012\", \"c008\", \"c00d\", \"c003\", \"000a\", \"00ff\"]": 1
    }
}