{
    "flow_volume": 100,
    "flow_duration": 10,
    "flow_rate": 0,
    "sleep_time": 10,
    "dns_interval": 10,
    "ntp_interval": -1,
    "ports": {
        "null": 11,
        "67": 1,
        "68": 1,
        "18657": 1,
        "10896": 1,
        "80": 2,
        "443": 24,
        "7275": 1,
        "17215": 1,
        "29188": 1,
        "28483": 1,
        "15352": 1,
        "54684": 1,
        "39921": 1,
        "43354": 1,
        "45508": 1,
        "993": 5,
        "48738": 1,
        "45615": 1,
        "52756": 1,
        "59484": 2,
        "56364": 1,
        "24954": 1,
        "31046": 1,
        "53934": 1,
        "31720": 1,
        "11731": 1,
        "20395": 1,
        "2273": 1,
        "31986": 1,
        "55163": 1,
        "55314": 1,
        "47495": 1,
        "35078": 1,
        "37970": 1
    },
    "domains": {
        "connectivitycheck.gstatic.com": 2,
        "alt4-mtalk.google.com": 1,
        "api.samsungosp.com": 1,
        "mobile.pipe.aria.microsoft.com": 2,
        "clients3.google.com": 1,
        "imap.gmail.com": 1,
        "android.clients.google.com": 1,
        "a.config.skype.com": 2,
        "www.googleapis.com": 1,
        "www.googleadservices.com": 1,
        "www.youtube.com": 1,
        "www.google.com.au": 1,
        "clients4.google.com": 1
    },
    "ciphers": {
        "[\"cca9\", \"cc14\", \"c02b\", \"c02c\", \"cca8\", \"cc13\", \"c02f\", \"c030\", \"009e\", \"009f\", \"c009\", \"c00a\", \"c013\", \"c014\", \"0033\", \"0039\", \"009c\", \"009d\", \"002f\", \"0035\"]": 7,
        "[\"c02b\", \"c02c\", \"c02f\", \"c030\", \"009e\", \"009f\", \"c009\", \"c00a\", \"c013\", \"c014\", \"0033\", \"0039\", \"c007\", \"c011\", \"009c\", \"009d\", \"002f\", \"0035\", \"0005\", \"00ff\"]": 4,
        "[\"c030\", \"c02c\", \"c028\", \"c024\", \"c014\", \"c00a\", \"c032\", \"c02e\", \"c02a\", \"c026\", \"c00f\", \"c005\", \"009d\", \"003d\", \"0035\", \"c02f\", \"c02b\", \"c027\", \"c023\", \"c013\", \"c009\", \"c031\", \"c02d\", \"c029\", \"c025\", \"c00e\", \"c004\", \"009c\", \"003c\", \"002f\", \"c012\", \"c008\", \"c00d\", \"c003\", \"000a\", \"00ff\"]": 2,
        "[\"cca9\", \"cca8\", \"cc14\", \"cc13\", \"c02b\", \"c02f\", \"c02c\", \"c030\", \"c009\", \"c013\", \"c00a\", \"c014\", \"009c\", \"009d\", \"002f\", \"0035\", \"000a\"]": 1
    }
}