{
    "flow_volume": 100,
    "flow_duration": 0,
    "flow_rate": 2700000,
    "sleep_time": 10,
    "dns_interval": 10,
    "ntp_interval": -1,
    "ports": {
        "5228": 11,
        "18872": 1,
        "443": 29,
        "null": 11,
        "28174": 1,
        "80": 2,
        "1402": 1,
        "15016": 1,
        "40589": 1,
        "993": 4,
        "40166": 1,
        "38321": 1,
        "44149": 3,
        "24430": 1,
        "11911": 1,
        "31479": 1,
        "58056": 1,
        "48167": 1,
        "53": 3,
        "55857": 1,
        "1602": 1,
        "40412": 1,
        "60985": 1,
        "54655": 1,
        "43894": 1,
        "55267": 1,
        "47460": 1,
        "28555": 1
    },
    "domains": {
        "play.googleapis.com": 2,
        "connectivitycheck.gstatic.com": 1,
        "mtalk.google.com": 1,
        "android.clients.google.com": 3,
        "inst.platform.bing.com": 1,
        "a.config.skype.com": 2,
        "clients4.google.com": 2,
        "www.google.com.au": 2,
        "android.googleapis.com": 1
    },
    "ciphers": {
        "[\"c02b\", \"c02c\", \"c02f\", \"c030\", \"009e\", \"009f\", \"c009\", \"c00a\", \"c013\", \"c014\", \"0033\", \"0039\", \"c007\", \"c011\", \"009c\", \"009d\", \"002f\", \"0035\", \"0005\", \"00ff\"]": 3,
        "[\"cca9\", \"cc14\", \"c02b\", \"c02c\", \"cca8\", \"cc13\", \"c02f\", \"c030\", \"009e\", \"009f\", \"c009\", \"c00a\", \"c013\", \"c014\", \"0033\", \"0039\", \"009c\", \"009d\", \"002f\", \"0035\"]": 4,
        "[\"c030\", \"c02c\", \"c028\", \"c024\", \"c014\", \"c00a\", \"c032\", \"c02e\", \"c02a\", \"c026\", \"c00f\", \"c005\", \"009d\", \"003d\", \"0035\", \"c02f\", \"c02b\", \"c027\", \"c023\", \"c013\", \"c009\", \"c031\", \"c02d\", \"c029\", \"c025\", \"c00e\", \"c004\", \"009c\", \"003c\", \"002f\", \"c012\", \"c008\", \"c00d\", \"c003\", \"000a\", \"00ff\"]": 1,
        "[\"cca9\", \"cca8\", \"cc14\", \"cc13\", \"c02b\", \"c02f\", \"c02c\", \"c030\", \"c009\", \"c013\", \"c00a\", \"c014\", \"009c\", \"009d\", \"002f\", \"0035\", \"000a\"]": 2
    }
}