{
    "flow_volume": 100,
    "flow_duration": 10,
    "flow_rate": 0,
    "sleep_time": 10,
    "dns_interval": 10,
    "ntp_interval": -1,
    "ports": {
        "993": 5,
        "37526": 1,
        "null": 8,
        "5228": 3,
        "13916": 1,
        "443": 36,
        "11084": 1,
        "56491": 1,
        "40383": 1,
        "10347": 1,
        "25518": 1,
        "44149": 2,
        "11964": 1,
        "7517": 1,
        "80": 6,
        "18172": 1,
        "25138": 1,
        "18841": 1,
        "8834": 1,
        "24342": 1,
        "44752": 1,
        "51590": 1,
        "34868": 1,
        "35354": 1,
        "23409": 1,
        "31302": 1,
        "20234": 1,
        "44642": 1,
        "42876": 1,
        "55613": 2,
        "40673": 1,
        "48657": 1
    },
    "domains": {
        "play.googleapis.com": 1,
        "android.clients.google.com": 3,
        "a.config.skype.com": 2,
        "mobile.pipe.aria.microsoft.com": 2,
        "ew1.dms-gld.bigdata.ssp.samsung.com": 1,
        "www.googleapis.com": 2,
        "www.googleadservices.com": 2,
        "www.youtube.com": 1,
        "au-odc.samsungapps.com": 1
    },
    "ciphers": {
        "[\"c02b\", \"c02c\", \"c02f\", \"c030\", \"009e\", \"009f\", \"c009\", \"c00a\", \"c013\", \"c014\", \"0033\", \"0039\", \"c007\", \"c011\", \"009c\", \"009d\", \"002f\", \"0035\", \"0005\", \"00ff\"]": 6,
        "[\"cca9\", \"cc14\", \"c02b\", \"c02c\", \"cca8\", \"cc13\", \"c02f\", \"c030\", \"009e\", \"009f\", \"c009\", \"c00a\", \"c013\", \"c014\", \"0033\", \"0039\", \"009c\", \"009d\", \"002f\", \"0035\"]": 7,
        "[\"c030\", \"c02c\", \"c028\", \"c024\", \"c014\", \"c00a\", \"c032\", \"c02e\", \"c02a\", \"c026\", \"c00f\", \"c005\", \"009d\", \"003d\", \"0035\", \"c02f\", \"c02b\", \"c027\", \"c023\", \"c013\", \"c009\", \"c031\", \"c02d\", \"c029\", \"c025\", \"c00e\", \"c004\", \"009c\", \"003c\", \"002f\", \"c012\", \"c008\", \"c00d\", \"c003\", \"000a\", \"00ff\"]": 1
    }
}