{
    "flow_volume": 600,
    "flow_duration": 10,
    "flow_rate": 0,
    "sleep_time": 10,
    "dns_interval": 10,
    "ntp_interval": -1,
    "ports": {
        "5222": 85,
        "null": 82,
        "3080": 25,
        "49152": 72,
        "1900": 116,
        "58019": 1,
        "80": 95,
        "44259": 1,
        "465": 79,
        "34874": 1,
        "55931": 1,
        "39038": 1,
        "34193": 1,
        "43744": 1,
        "59191": 1,
        "36631": 1,
        "60183": 1,
        "46491": 1,
        "43864": 1,
        "41232": 1,
        "35671": 1,
        "56625": 1,
        "48860": 1,
        "40605": 1,
        "34583": 1,
        "57588": 1,
        "38342": 1,
        "38450": 1,
        "52930": 1,
        "54227": 1,
        "45382": 1,
        "59232": 1,
        "45265": 1,
        "47612": 1,
        "58320": 1,
        "42073": 1,
        "52739": 1,
        "42291": 1,
        "59695": 1,
        "33996": 1,
        "34316": 1,
        "60007": 1,
        "56963": 1,
        "53984": 1,
        "53420": 1,
        "54212": 1,
        "45653": 1,
        "42255": 1,
        "56193": 1,
        "37338": 1,
        "48413": 1,
        "34297": 1,
        "41806": 1,
        "41741": 1,
        "58957": 1,
        "36464": 1,
        "40676": 1,
        "59822": 1,
        "48745": 1,
        "48031": 1,
        "50038": 1,
        "34450": 1,
        "49663": 1,
        "54694": 1,
        "48802": 1,
        "54456": 1,
        "37239": 1,
        "39294": 1,
        "48868": 3,
        "59190": 1,
        "47282": 1,
        "57979": 1,
        "60177": 1,
        "57446": 1,
        "34980": 1,
        "54143": 1,
        "57514": 1,
        "37432": 1,
        "44070": 1,
        "54353": 1,
        "39651": 1,
        "49975": 1,
        "50068": 1,
        "53212": 1,
        "46294": 1,
        "42945": 1,
        "41747": 1,
        "36998": 1,
        "58547": 1,
        "41667": 1,
        "53800": 1,
        "46965": 1,
        "58508": 1,
        "57006": 1,
        "55519": 1,
        "49701": 1,
        "49943": 1,
        "49159": 1,
        "42927": 1,
        "46328": 1,
        "43815": 1,
        "36364": 1,
        "40439": 1,
        "48653": 1,
        "48045": 1,
        "49635": 1,
        "33692": 1,
        "47112": 1,
        "38421": 1,
        "49471": 1,
        "60929": 1,
        "50825": 1,
        "52563": 1,
        "52929": 1,
        "40469": 1,
        "44103": 1,
        "52489": 1,
        "38914": 1,
        "59828": 1,
        "38917": 1,
        "58188": 1,
        "57505": 1,
        "59069": 1,
        "60315": 1,
        "34887": 1,
        "44597": 1,
        "34401": 1,
        "54940": 1,
        "46524": 1,
        "50230": 1,
        "36670": 1,
        "47789": 1,
        "40739": 1,
        "41155": 1,
        "56808": 1,
        "34310": 1,
        "35282": 1,
        "35374": 1,
        "58993": 1,
        "50337": 1,
        "44303": 1,
        "58886": 1,
        "41970": 1,
        "54070": 1,
        "45942": 1,
        "46207": 1,
        "32897": 1,
        "46873": 1,
        "38354": 1,
        "38735": 1,
        "40735": 1,
        "59885": 1,
        "40974": 1,
        "46694": 1,
        "39906": 1,
        "35048": 1,
        "38011": 1,
        "48784": 1,
        "40256": 1,
        "59675": 1,
        "41166": 1,
        "59912": 1,
        "51676": 1,
        "58470": 1,
        "58869": 1,
        "54741": 1,
        "43299": 1,
        "41873": 1,
        "49168": 1,
        "60156": 1,
        "55144": 1,
        "42063": 1,
        "45775": 1,
        "40643": 1,
        "40481": 1,
        "47921": 1,
        "48703": 1,
        "35107": 1,
        "39988": 1,
        "53449": 1,
        "53291": 1,
        "42211": 1,
        "43533": 1,
        "52891": 1,
        "34698": 1,
        "32774": 1,
        "36333": 1,
        "56570": 1,
        "52894": 1,
        "54779": 1,
        "48083": 1,
        "40848": 1,
        "53912": 1,
        "34534": 1,
        "60001": 1
    },
    "domains": {
        "www.samsungsmartcam.com": 103,
        "smtp.gmail.com": 158
    },
    "ciphers": {}
}