{
    "flow_volume": 600,
    "flow_duration": 10,
    "flow_rate": 0,
    "sleep_time": 10,
    "dns_interval": 10,
    "ntp_interval": -1,
    "ports": {
        "null": 78,
        "33003": 1,
        "1900": 116,
        "49152": 56,
        "5222": 98,
        "49794": 1,
        "80": 142,
        "37027": 1,
        "465": 114,
        "3080": 24,
        "51168": 1,
        "43535": 1,
        "43482": 1,
        "42197": 1,
        "51870": 1,
        "46369": 1,
        "42365": 1,
        "37271": 1,
        "34145": 1,
        "40108": 1,
        "34243": 1,
        "45943": 1,
        "37834": 1,
        "34098": 1,
        "58139": 1,
        "56656": 1,
        "42122": 1,
        "38101": 1,
        "33216": 1,
        "58380": 1,
        "48773": 1,
        "54318": 1,
        "49852": 1,
        "51675": 1,
        "47993": 1,
        "52489": 1,
        "52729": 1,
        "40560": 1,
        "32986": 1,
        "58321": 1,
        "51757": 1,
        "41438": 1,
        "60922": 1,
        "45810": 1,
        "56384": 1,
        "46158": 1,
        "52905": 1,
        "36848": 1,
        "47180": 1,
        "44610": 1,
        "60903": 1,
        "57690": 1,
        "50333": 1,
        "38223": 1,
        "48243": 1,
        "40147": 1,
        "37234": 1,
        "60483": 1,
        "58060": 1,
        "60692": 1,
        "55966": 1,
        "50701": 1,
        "48956": 1,
        "34755": 1,
        "41198": 1,
        "54009": 1,
        "46655": 1,
        "38538": 1,
        "55500": 1,
        "47599": 1,
        "35589": 1,
        "35861": 1,
        "52126": 1,
        "38354": 1,
        "44230": 1,
        "39435": 1,
        "33088": 1,
        "49835": 1,
        "42155": 1,
        "41431": 1,
        "53014": 1,
        "48107": 1,
        "35385": 1,
        "45508": 1,
        "52515": 1,
        "53591": 1,
        "46051": 1,
        "49958": 1,
        "43023": 1,
        "34657": 1,
        "37243": 1,
        "46814": 1,
        "34197": 1,
        "50831": 1,
        "58583": 1,
        "60204": 1,
        "42167": 1,
        "46060": 1,
        "48732": 1,
        "32797": 1,
        "60356": 1,
        "59775": 2,
        "57918": 1,
        "38348": 1,
        "50084": 1,
        "46211": 1,
        "35832": 1,
        "57702": 1,
        "38275": 1,
        "58977": 1,
        "58117": 1,
        "36774": 1,
        "46451": 1,
        "59236": 1,
        "53912": 1,
        "54163": 1,
        "44967": 1,
        "60621": 1,
        "55332": 1,
        "40172": 1,
        "42141": 1,
        "56056": 1,
        "36980": 1,
        "49260": 1,
        "53255": 1,
        "58140": 1,
        "35189": 1,
        "47560": 1,
        "58094": 1,
        "45644": 1,
        "37083": 1,
        "57267": 1,
        "33937": 1,
        "39745": 1,
        "33813": 1,
        "43263": 1,
        "41383": 1,
        "32977": 1,
        "40224": 1,
        "43642": 1,
        "44039": 1,
        "34761": 1,
        "45509": 1,
        "42569": 1,
        "50978": 1,
        "38268": 1,
        "50059": 1,
        "56489": 1,
        "55599": 1,
        "50175": 1,
        "59679": 1,
        "40853": 1,
        "52325": 1,
        "39347": 1,
        "47518": 1,
        "36901": 1,
        "35900": 1,
        "49329": 1,
        "49623": 1,
        "60668": 1,
        "53506": 1,
        "51890": 1,
        "42256": 1,
        "36602": 1,
        "59222": 1,
        "46711": 1,
        "41793": 1,
        "55121": 1,
        "34716": 1,
        "50431": 1,
        "53808": 1,
        "48323": 1,
        "49749": 1,
        "36044": 1,
        "36055": 1,
        "48884": 1,
        "53015": 1,
        "50788": 1,
        "44147": 1,
        "55565": 1,
        "46811": 1,
        "52042": 1,
        "39430": 1,
        "48229": 1,
        "43082": 1,
        "49264": 1,
        "37694": 1,
        "58234": 1,
        "45374": 1,
        "44835": 1,
        "52493": 1,
        "47920": 1,
        "38778": 1,
        "50696": 1,
        "56339": 1,
        "36715": 1,
        "54625": 1,
        "40119": 1,
        "34670": 1,
        "58122": 1,
        "51339": 1,
        "43099": 1,
        "33839": 1,
        "45048": 1,
        "53703": 1,
        "49328": 1,
        "58692": 1,
        "45637": 1,
        "35159": 1,
        "57726": 1,
        "40779": 1,
        "44056": 1,
        "47386": 1,
        "51602": 1,
        "56313": 1,
        "49619": 1,
        "46077": 1,
        "56613": 1,
        "51686": 1,
        "55551": 1,
        "48324": 1,
        "42179": 1,
        "40405": 1,
        "50042": 1,
        "49330": 1,
        "46658": 1,
        "43699": 1,
        "33814": 1,
        "33883": 1,
        "39216": 1,
        "34745": 1,
        "45282": 1,
        "44214": 1,
        "40679": 1,
        "59532": 1,
        "40400": 1,
        "40369": 1,
        "51170": 1,
        "39917": 1,
        "57370": 1,
        "56363": 1,
        "45965": 1,
        "56328": 1,
        "45774": 1,
        "39385": 1,
        "40408": 1,
        "57914": 1,
        "39503": 1,
        "51873": 1,
        "50483": 1,
        "52479": 1,
        "48562": 1,
        "52915": 1,
        "49290": 1,
        "45234": 1,
        "39630": 1,
        "46038": 1,
        "43078": 1,
        "36306": 1,
        "55633": 1,
        "41700": 1,
        "54407": 1,
        "38892": 1,
        "33414": 1,
        "35802": 1,
        "60575": 1,
        "57320": 1
    },
    "domains": {
        "www.samsungsmartcam.com": 156,
        "smtp.gmail.com": 228
    },
    "ciphers": {}
}