{
    "flow_volume": 100,
    "flow_duration": 10,
    "flow_rate": 20,
    "sleep_time": 10,
    "dns_interval": -1,
    "ntp_interval": -1,
    "ports": {
        "49152": 99,
        "5222": 71,
        "1900": 115,
        "67": 1,
        "57587": 1,
        "null": 81,
        "3080": 24,
        "54754": 1,
        "60727": 1,
        "40310": 1,
        "50387": 1,
        "48868": 2,
        "54352": 1,
        "52082": 1,
        "49950": 1,
        "53061": 1,
        "52616": 1,
        "42677": 1,
        "44249": 1,
        "48309": 1,
        "40625": 1,
        "33640": 1,
        "57050": 1,
        "38478": 1,
        "56475": 1,
        "40241": 1,
        "56681": 1,
        "45511": 1,
        "34154": 1,
        "36157": 1,
        "50589": 1,
        "60271": 1,
        "35991": 1,
        "53344": 1,
        "38565": 1,
        "49784": 1,
        "59705": 1,
        "42730": 1,
        "42826": 1,
        "52822": 1,
        "56334": 1,
        "60693": 1,
        "42089": 1,
        "45913": 1,
        "56613": 1,
        "52220": 1,
        "51752": 1
    },
    "domains": {},
    "ciphers": {}
}