{
    "flow_volume": 100,
    "flow_duration": 10,
    "flow_rate": 2400000,
    "sleep_time": 10,
    "dns_interval": -1,
    "ntp_interval": -1,
    "ports": {
        "5222": 66,
        "1900": 116,
        "3080": 24,
        "49152": 75,
        "null": 90,
        "48868": 5,
        "49745": 1,
        "46558": 1,
        "52726": 1,
        "55338": 1,
        "60493": 1,
        "44383": 1,
        "55203": 1,
        "35930": 1,
        "53772": 1,
        "37599": 1,
        "55091": 1,
        "37022": 1,
        "52918": 1,
        "52699": 1,
        "34366": 1,
        "40947": 1
    },
    "domains": {},
    "ciphers": {}
}