{
    "flow_volume": 300,
    "flow_duration": 10,
    "flow_rate": 2400000,
    "sleep_time": 10,
    "dns_interval": 10,
    "ntp_interval": -1,
    "ports": {
        "5222": 103,
        "43252": 1,
        "80": 26,
        "59510": 1,
        "465": 25,
        "1900": 113,
        "44411": 1,
        "41818": 1,
        "49152": 58,
        "67": 1,
        "null": 73,
        "3080": 22,
        "35230": 1,
        "46453": 1,
        "48557": 1,
        "54226": 1,
        "53289": 1,
        "57304": 1,
        "35595": 1,
        "35478": 1,
        "48868": 6,
        "37578": 1,
        "35094": 1,
        "43776": 1,
        "38001": 1,
        "54777": 1,
        "38935": 1,
        "45931": 1,
        "48648": 1,
        "54433": 1,
        "37534": 1,
        "40178": 1,
        "37527": 1,
        "50532": 1,
        "37132": 1,
        "49744": 1,
        "42538": 1,
        "41272": 1,
        "58340": 1,
        "38089": 1,
        "34485": 1,
        "53846": 1,
        "57076": 1,
        "45710": 1,
        "41043": 1,
        "41100": 1,
        "49869": 1,
        "40526": 1,
        "47898": 1,
        "56260": 1,
        "53359": 1,
        "50269": 1,
        "41661": 1,
        "48062": 1,
        "34820": 1,
        "46792": 1,
        "55021": 1,
        "57756": 1,
        "49830": 1,
        "54859": 1,
        "57541": 1,
        "45725": 1,
        "45857": 1,
        "53732": 1,
        "46231": 1,
        "57175": 1,
        "39804": 1
    },
    "domains": {
        "www.samsungsmartcam.com": 28,
        "smtp.gmail.com": 50
    },
    "ciphers": {}
}