{
    "flow_volume": 100,
    "flow_duration": 10,
    "flow_rate": 2400000,
    "sleep_time": 10,
    "dns_interval": -1,
    "ntp_interval": -1,
    "ports": {
        "null": 77,
        "59880": 1,
        "5222": 92,
        "1900": 104,
        "49152": 75,
        "42706": 1,
        "48868": 10,
        "3080": 25,
        "42937": 1,
        "38507": 1,
        "39085": 1,
        "49607": 1,
        "37040": 1,
        "59047": 1,
        "35309": 1,
        "35587": 1,
        "45085": 1,
        "44635": 1,
        "60045": 1,
        "53981": 1,
        "51892": 1,
        "37369": 1,
        "57171": 1,
        "42060": 1,
        "35785": 1
    },
    "domains": {},
    "ciphers": {}
}