{
    "flow_volume": 300,
    "flow_duration": 10,
    "flow_rate": 2400000,
    "sleep_time": 10,
    "dns_interval": -1,
    "ntp_interval": -1,
    "ports": {
        "5222": 101,
        "1900": 97,
        "null": 77,
        "3080": 24,
        "49152": 79,
        "48868": 4,
        "57875": 1,
        "47289": 1,
        "58925": 1,
        "50077": 1,
        "34887": 1,
        "45435": 1,
        "45760": 1,
        "51028": 1,
        "48624": 1,
        "35577": 1,
        "44109": 1,
        "37461": 1,
        "52218": 1,
        "58783": 1,
        "41977": 1,
        "45336": 1,
        "52491": 1
    },
    "domains": {},
    "ciphers": {}
}