{
    "flow_volume": 200,
    "flow_duration": 10,
    "flow_rate": 10,
    "sleep_time": 10,
    "dns_interval": 10,
    "ntp_interval": 10,
    "ports": {
        "443": 43,
        "33434": 154,
        "123": 70,
        "58692": 26,
        "null": 37,
        "35389": 1,
        "80": 36,
        "50562": 1,
        "50300": 1,
        "60704": 1,
        "41634": 1,
        "47898": 1,
        "38887": 1,
        "59659": 1,
        "60496": 1,
        "54934": 1,
        "40529": 1,
        "48403": 1,
        "43939": 1,
        "38462": 1,
        "46631": 1,
        "48599": 1,
        "46394": 1,
        "43186": 1,
        "36572": 1,
        "56681": 1,
        "42818": 1,
        "40554": 1,
        "46153": 1,
        "34732": 1,
        "35648": 1,
        "1900": 1,
        "40921": 1,
        "48547": 1,
        "40291": 1,
        "42800": 1,
        "34559": 1,
        "44689": 17,
        "53614": 1,
        "54549": 1,
        "33969": 1,
        "32817": 1,
        "59917": 1,
        "46427": 1,
        "48383": 1,
        "40749": 1,
        "32906": 1,
        "57600": 1,
        "54392": 1,
        "59019": 1,
        "46387": 1,
        "38916": 1,
        "47884": 1
    },
    "domains": {
        "www.example.com": 24,
        "www.example.net": 24,
        "www.example.org": 24,
        "device-metrics-us.amazon.com": 4,
        "pindorama.amazon.com": 1,
        "www.meethue.com": 1
    },
    "ciphers": {
        "[\"c014\", \"c00a\", \"0039\", \"0038\", \"0037\", \"0036\", \"0088\", \"0087\", \"0086\", \"0085\", \"c00f\", \"c005\", \"0035\", \"0084\", \"c013\", \"c009\", \"0033\", \"0032\", \"0031\", \"0030\", \"009a\", \"0099\", \"0098\", \"0097\", \"0045\", \"0044\", \"0043\", \"0042\", \"c00e\", \"c004\", \"002f\", \"0096\", \"0041\", \"0007\", \"c011\", \"c007\", \"c00c\", \"c002\", \"0005\", \"0004\", \"c012\", \"c008\", \"0016\", \"0013\", \"0010\", \"000d\", \"c00d\", \"c003\", \"000a\", \"0015\", \"0012\", \"000f\", \"000c\", \"0009\", \"00ff\"]": 4,
        "[\"c030\", \"c02c\", \"c028\", \"c024\", \"c014\", \"c00a\", \"00a5\", \"00a3\", \"00a1\", \"009f\", \"006b\", \"006a\", \"0069\", \"0068\", \"0039\", \"0038\", \"0037\", \"0036\", \"0088\", \"0087\", \"0086\", \"0085\", \"c032\", \"c02e\", \"c02a\", \"c026\", \"c00f\", \"c005\", \"009d\", \"003d\", \"0035\", \"0084\", \"c02f\", \"c02b\", \"c027\", \"c023\", \"c013\", \"c009\", \"00a4\", \"00a2\", \"00a0\", \"009e\", \"0067\", \"0040\", \"003f\", \"003e\", \"0033\", \"0032\", \"0031\", \"0030\", \"009a\", \"0099\", \"0098\", \"0097\", \"0045\", \"0044\", \"0043\", \"0042\", \"c031\", \"c02d\", \"c029\", \"c025\", \"c00e\", \"c004\", \"009c\", \"003c\", \"002f\", \"0096\", \"0041\", \"0007\", \"c011\", \"c007\", \"c00c\", \"c002\", \"0005\", \"0004\", \"c012\", \"c008\", \"0016\", \"0013\", \"0010\", \"000d\", \"c00d\", \"c003\", \"000a\", \"0015\", \"0012\", \"000f\", \"000c\", \"0009\", \"00ff\"]": 2
    }
}