{
    "flow_volume": 200,
    "flow_duration": 10,
    "flow_rate": 10,
    "sleep_time": 10,
    "dns_interval": 10,
    "ntp_interval": 10,
    "ports": {
        "33434": 155,
        "60127": 38,
        "443": 36,
        "123": 64,
        "null": 40,
        "48942": 1,
        "80": 39,
        "60495": 1,
        "33890": 1,
        "34991": 1,
        "46853": 1,
        "58056": 1,
        "44330": 1,
        "56579": 1,
        "45914": 1,
        "48552": 1,
        "42855": 1,
        "36493": 1,
        "46414": 1,
        "36760": 1,
        "48157": 1,
        "43187": 1,
        "34520": 1,
        "49830": 1,
        "37266": 1,
        "59425": 1,
        "56560": 1,
        "34784": 1,
        "41177": 1,
        "34049": 1,
        "58700": 1,
        "38087": 1,
        "49161": 1,
        "42465": 1,
        "43514": 1,
        "57966": 1,
        "37963": 1,
        "32876": 1,
        "60212": 1,
        "37684": 1,
        "42284": 1,
        "35633": 1,
        "35889": 19,
        "1900": 1,
        "36605": 1,
        "60515": 1,
        "54229": 1,
        "60774": 1,
        "59695": 1,
        "37746": 1,
        "59621": 1,
        "41396": 1,
        "45998": 1,
        "47441": 1,
        "36819": 1,
        "41571": 1,
        "52520": 1,
        "57949": 1,
        "41984": 1,
        "58220": 1,
        "56788": 1,
        "39289": 1
    },
    "domains": {
        "www.example.com": 26,
        "www.example.net": 26,
        "www.example.org": 26,
        "device-metrics-us.amazon.com": 6,
        "softwareupdates.amazon.com": 1,
        "pindorama.amazon.com": 1,
        "www.meethue.com": 1
    },
    "ciphers": {
        "[\"c014\", \"c00a\", \"0039\", \"0038\", \"0037\", \"0036\", \"0088\", \"0087\", \"0086\", \"0085\", \"c00f\", \"c005\", \"0035\", \"0084\", \"c013\", \"c009\", \"0033\", \"0032\", \"0031\", \"0030\", \"009a\", \"0099\", \"0098\", \"0097\", \"0045\", \"0044\", \"0043\", \"0042\", \"c00e\", \"c004\", \"002f\", \"0096\", \"0041\", \"0007\", \"c011\", \"c007\", \"c00c\", \"c002\", \"0005\", \"0004\", \"c012\", \"c008\", \"0016\", \"0013\", \"0010\", \"000d\", \"c00d\", \"c003\", \"000a\", \"0015\", \"0012\", \"000f\", \"000c\", \"0009\", \"00ff\"]": 9,
        "[\"c030\", \"c02c\", \"c028\", \"c024\", \"c014\", \"c00a\", \"00a5\", \"00a3\", \"00a1\", \"009f\", \"006b\", \"006a\", \"0069\", \"0068\", \"0039\", \"0038\", \"0037\", \"0036\", \"0088\", \"0087\", \"0086\", \"0085\", \"c032\", \"c02e\", \"c02a\", \"c026\", \"c00f\", \"c005\", \"009d\", \"003d\", \"0035\", \"0084\", \"c02f\", \"c02b\", \"c027\", \"c023\", \"c013\", \"c009\", \"00a4\", \"00a2\", \"00a0\", \"009e\", \"0067\", \"0040\", \"003f\", \"003e\", \"0033\", \"0032\", \"0031\", \"0030\", \"009a\", \"0099\", \"0098\", \"0097\", \"0045\", \"0044\", \"0043\", \"0042\", \"c031\", \"c02d\", \"c029\", \"c025\", \"c00e\", \"c004\", \"009c\", \"003c\", \"002f\", \"0096\", \"0041\", \"0007\", \"c011\", \"c007\", \"c00c\", \"c002\", \"0005\", \"0004\", \"c012\", \"c008\", \"0016\", \"0013\", \"0010\", \"000d\", \"c00d\", \"c003\", \"000a\", \"0015\", \"0012\", \"000f\", \"000c\", \"0009\", \"00ff\"]": 2
    }
}