{
    "flow_volume": 200,
    "flow_duration": 10,
    "flow_rate": 10,
    "sleep_time": 10,
    "dns_interval": 10,
    "ntp_interval": 10,
    "ports": {
        "33434": 153,
        "null": 40,
        "55792": 1,
        "80": 39,
        "47925": 1,
        "33412": 1,
        "57128": 35,
        "123": 59,
        "443": 46,
        "48672": 1,
        "49226": 1,
        "56443": 1,
        "49853": 1,
        "45943": 1,
        "45874": 1,
        "40538": 1,
        "50430": 1,
        "33821": 1,
        "55994": 1,
        "55454": 1,
        "38231": 1,
        "40820": 1,
        "59098": 1,
        "50226": 1,
        "48213": 1,
        "38889": 1,
        "37748": 1,
        "39670": 1,
        "46866": 1,
        "49322": 1,
        "56335": 1,
        "57752": 1,
        "52030": 1,
        "60878": 1,
        "40890": 1,
        "51152": 1,
        "40399": 1,
        "44548": 1,
        "44729": 1,
        "39152": 1,
        "52873": 1,
        "45205": 1,
        "52718": 1,
        "44066": 1,
        "54853": 1,
        "43299": 1,
        "35159": 1,
        "42168": 1,
        "54047": 1,
        "59677": 8,
        "1900": 1,
        "54387": 1,
        "40821": 1,
        "39958": 1,
        "39417": 1,
        "37366": 1
    },
    "domains": {
        "www.example.com": 26,
        "www.example.net": 26,
        "www.example.org": 26,
        "device-metrics-us.amazon.com": 4,
        "pindorama.amazon.com": 1,
        "www.meethue.com": 1
    },
    "ciphers": {
        "[\"c014\", \"c00a\", \"0039\", \"0038\", \"0037\", \"0036\", \"0088\", \"0087\", \"0086\", \"0085\", \"c00f\", \"c005\", \"0035\", \"0084\", \"c013\", \"c009\", \"0033\", \"0032\", \"0031\", \"0030\", \"009a\", \"0099\", \"0098\", \"0097\", \"0045\", \"0044\", \"0043\", \"0042\", \"c00e\", \"c004\", \"002f\", \"0096\", \"0041\", \"0007\", \"c011\", \"c007\", \"c00c\", \"c002\", \"0005\", \"0004\", \"c012\", \"c008\", \"0016\", \"0013\", \"0010\", \"000d\", \"c00d\", \"c003\", \"000a\", \"0015\", \"0012\", \"000f\", \"000c\", \"0009\", \"00ff\"]": 6,
        "[\"c030\", \"c02c\", \"c028\", \"c024\", \"c014\", \"c00a\", \"00a5\", \"00a3\", \"00a1\", \"009f\", \"006b\", \"006a\", \"0069\", \"0068\", \"0039\", \"0038\", \"0037\", \"0036\", \"0088\", \"0087\", \"0086\", \"0085\", \"c032\", \"c02e\", \"c02a\", \"c026\", \"c00f\", \"c005\", \"009d\", \"003d\", \"0035\", \"0084\", \"c02f\", \"c02b\", \"c027\", \"c023\", \"c013\", \"c009\", \"00a4\", \"00a2\", \"00a0\", \"009e\", \"0067\", \"0040\", \"003f\", \"003e\", \"0033\", \"0032\", \"0031\", \"0030\", \"009a\", \"0099\", \"0098\", \"0097\", \"0045\", \"0044\", \"0043\", \"0042\", \"c031\", \"c02d\", \"c029\", \"c025\", \"c00e\", \"c004\", \"009c\", \"003c\", \"002f\", \"0096\", \"0041\", \"0007\", \"c011\", \"c007\", \"c00c\", \"c002\", \"0005\", \"0004\", \"c012\", \"c008\", \"0016\", \"0013\", \"0010\", \"000d\", \"c00d\", \"c003\", \"000a\", \"0015\", \"0012\", \"000f\", \"000c\", \"0009\", \"00ff\"]": 2
    }
}