{
    "flow_volume": 200,
    "flow_duration": 10,
    "flow_rate": 10,
    "sleep_time": 10,
    "dns_interval": 10,
    "ntp_interval": 10,
    "ports": {
        "33434": 152,
        "123": 62,
        "null": 40,
        "52585": 1,
        "80": 39,
        "49237": 1,
        "59418": 1,
        "59677": 49,
        "443": 34,
        "38363": 1,
        "34979": 1,
        "49236": 1,
        "45105": 1,
        "55866": 1,
        "35245": 1,
        "58277": 1,
        "46646": 1,
        "40755": 1,
        "41393": 1,
        "47529": 1,
        "36859": 1,
        "32942": 1,
        "59493": 1,
        "67": 1,
        "49369": 1,
        "46764": 1,
        "38652": 1,
        "40222": 1,
        "44455": 1,
        "48153": 1,
        "38862": 1,
        "57104": 1,
        "40734": 1,
        "55495": 1,
        "53066": 1,
        "57282": 1,
        "54757": 1,
        "49965": 1,
        "46892": 1,
        "57351": 1,
        "38112": 1,
        "37043": 1,
        "41927": 1,
        "43002": 1,
        "59003": 1,
        "38840": 1,
        "46779": 1,
        "57501": 1,
        "60453": 1,
        "56758": 1,
        "38520": 1,
        "54635": 1,
        "36919": 1,
        "44701": 1
    },
    "domains": {
        "www.example.com": 26,
        "www.example.net": 26,
        "www.example.org": 26,
        "device-metrics-us.amazon.com": 6,
        "softwareupdates.amazon.com": 1,
        "pindorama.amazon.com": 1
    },
    "ciphers": {
        "[\"c014\", \"c00a\", \"0039\", \"0038\", \"0037\", \"0036\", \"0088\", \"0087\", \"0086\", \"0085\", \"c00f\", \"c005\", \"0035\", \"0084\", \"c013\", \"c009\", \"0033\", \"0032\", \"0031\", \"0030\", \"009a\", \"0099\", \"0098\", \"0097\", \"0045\", \"0044\", \"0043\", \"0042\", \"c00e\", \"c004\", \"002f\", \"0096\", \"0041\", \"0007\", \"c011\", \"c007\", \"c00c\", \"c002\", \"0005\", \"0004\", \"c012\", \"c008\", \"0016\", \"0013\", \"0010\", \"000d\", \"c00d\", \"c003\", \"000a\", \"0015\", \"0012\", \"000f\", \"000c\", \"0009\", \"00ff\"]": 5,
        "[\"c030\", \"c02c\", \"c028\", \"c024\", \"c014\", \"c00a\", \"00a5\", \"00a3\", \"00a1\", \"009f\", \"006b\", \"006a\", \"0069\", \"0068\", \"0039\", \"0038\", \"0037\", \"0036\", \"0088\", \"0087\", \"0086\", \"0085\", \"c032\", \"c02e\", \"c02a\", \"c026\", \"c00f\", \"c005\", \"009d\", \"003d\", \"0035\", \"0084\", \"c02f\", \"c02b\", \"c027\", \"c023\", \"c013\", \"c009\", \"00a4\", \"00a2\", \"00a0\", \"009e\", \"0067\", \"0040\", \"003f\", \"003e\", \"0033\", \"0032\", \"0031\", \"0030\", \"009a\", \"0099\", \"0098\", \"0097\", \"0045\", \"0044\", \"0043\", \"0042\", \"c031\", \"c02d\", \"c029\", \"c025\", \"c00e\", \"c004\", \"009c\", \"003c\", \"002f\", \"0096\", \"0041\", \"0007\", \"c011\", \"c007\", \"c00c\", \"c002\", \"0005\", \"0004\", \"c012\", \"c008\", \"0016\", \"0013\", \"0010\", \"000d\", \"c00d\", \"c003\", \"000a\", \"0015\", \"0012\", \"000f\", \"000c\", \"0009\", \"00ff\"]": 1
    }
}