{
    "flow_volume": 200,
    "flow_duration": 10,
    "flow_rate": 10,
    "sleep_time": 10,
    "dns_interval": 10,
    "ntp_interval": 10,
    "ports": {
        "33434": 158,
        "null": 41,
        "51890": 1,
        "80": 39,
        "40189": 1,
        "56448": 1,
        "53521": 7,
        "443": 43,
        "123": 63,
        "56301": 1,
        "53802": 1,
        "52793": 1,
        "42801": 1,
        "48136": 1,
        "43213": 1,
        "41705": 1,
        "34765": 1,
        "58301": 1,
        "42683": 38,
        "36779": 1,
        "48739": 1,
        "36969": 1,
        "40195": 1,
        "57494": 1,
        "36394": 2,
        "35299": 1,
        "37003": 1,
        "36178": 1,
        "41606": 1,
        "1900": 1,
        "48956": 1,
        "45420": 1,
        "33708": 1,
        "45879": 1,
        "46493": 1,
        "40685": 1,
        "38559": 1,
        "39597": 1,
        "56884": 1,
        "50409": 1,
        "45531": 1,
        "33182": 1,
        "53239": 1,
        "42199": 1,
        "59135": 1,
        "38562": 1,
        "54106": 1,
        "59632": 1,
        "42344": 1,
        "47328": 1,
        "37403": 1,
        "54694": 1,
        "37051": 1,
        "36370": 1,
        "38992": 1,
        "35139": 1,
        "59380": 1,
        "60317": 1,
        "34838": 1,
        "51110": 1,
        "42230": 1,
        "56527": 1,
        "54572": 1
    },
    "domains": {
        "www.example.com": 26,
        "www.example.net": 26,
        "www.example.org": 26,
        "device-metrics-us.amazon.com": 8,
        "pindorama.amazon.com": 1,
        "det-ta-g7g.amazon.com": 1,
        "todo-ta-g7g.amazon.com": 1,
        "www.meethue.com": 1
    },
    "ciphers": {
        "[\"c014\", \"c00a\", \"0039\", \"0038\", \"0037\", \"0036\", \"0088\", \"0087\", \"0086\", \"0085\", \"c00f\", \"c005\", \"0035\", \"0084\", \"c013\", \"c009\", \"0033\", \"0032\", \"0031\", \"0030\", \"009a\", \"0099\", \"0098\", \"0097\", \"0045\", \"0044\", \"0043\", \"0042\", \"c00e\", \"c004\", \"002f\", \"0096\", \"0041\", \"0007\", \"c011\", \"c007\", \"c00c\", \"c002\", \"0005\", \"0004\", \"c012\", \"c008\", \"0016\", \"0013\", \"0010\", \"000d\", \"c00d\", \"c003\", \"000a\", \"0015\", \"0012\", \"000f\", \"000c\", \"0009\", \"00ff\"]": 10,
        "[\"c030\", \"c02c\", \"c028\", \"c024\", \"c014\", \"c00a\", \"00a5\", \"00a3\", \"00a1\", \"009f\", \"006b\", \"006a\", \"0069\", \"0068\", \"0039\", \"0038\", \"0037\", \"0036\", \"0088\", \"0087\", \"0086\", \"0085\", \"c032\", \"c02e\", \"c02a\", \"c026\", \"c00f\", \"c005\", \"009d\", \"003d\", \"0035\", \"0084\", \"c02f\", \"c02b\", \"c027\", \"c023\", \"c013\", \"c009\", \"00a4\", \"00a2\", \"00a0\", \"009e\", \"0067\", \"0040\", \"003f\", \"003e\", \"0033\", \"0032\", \"0031\", \"0030\", \"009a\", \"0099\", \"0098\", \"0097\", \"0045\", \"0044\", \"0043\", \"0042\", \"c031\", \"c02d\", \"c029\", \"c025\", \"c00e\", \"c004\", \"009c\", \"003c\", \"002f\", \"0096\", \"0041\", \"0007\", \"c011\", \"c007\", \"c00c\", \"c002\", \"0005\", \"0004\", \"c012\", \"c008\", \"0016\", \"0013\", \"0010\", \"000d\", \"c00d\", \"c003\", \"000a\", \"0015\", \"0012\", \"000f\", \"000c\", \"0009\", \"00ff\"]": 2
    }
}