{
    "flow_volume": 200,
    "flow_duration": 10,
    "flow_rate": 10,
    "sleep_time": 10,
    "dns_interval": 10,
    "ntp_interval": 10,
    "ports": {
        "443": 36,
        "33434": 145,
        "123": 53,
        "null": 36,
        "50705": 1,
        "80": 36,
        "48765": 1,
        "52983": 1,
        "37410": 42,
        "38581": 1,
        "56063": 1,
        "42598": 1,
        "49257": 1,
        "40249": 1,
        "34786": 1,
        "47955": 1,
        "41840": 1,
        "37015": 1,
        "42948": 1,
        "52096": 1,
        "59840": 1,
        "52152": 1,
        "58714": 1,
        "44897": 1,
        "37504": 1,
        "33626": 1,
        "46598": 1,
        "58746": 1,
        "59133": 1,
        "35873": 1,
        "56111": 1,
        "34690": 1,
        "50437": 1,
        "40733": 1,
        "49113": 1,
        "44253": 1,
        "55982": 1,
        "34725": 1,
        "52005": 1,
        "43732": 1,
        "44081": 1,
        "41503": 1,
        "53263": 1,
        "45242": 1,
        "48726": 1,
        "42083": 1,
        "47753": 1,
        "36611": 1,
        "56463": 1,
        "37234": 1,
        "35841": 1
    },
    "domains": {
        "www.example.com": 24,
        "www.example.net": 24,
        "www.example.org": 24,
        "device-metrics-us.amazon.com": 5
    },
    "ciphers": {
        "[\"c014\", \"c00a\", \"0039\", \"0038\", \"0037\", \"0036\", \"0088\", \"0087\", \"0086\", \"0085\", \"c00f\", \"c005\", \"0035\", \"0084\", \"c013\", \"c009\", \"0033\", \"0032\", \"0031\", \"0030\", \"009a\", \"0099\", \"0098\", \"0097\", \"0045\", \"0044\", \"0043\", \"0042\", \"c00e\", \"c004\", \"002f\", \"0096\", \"0041\", \"0007\", \"c011\", \"c007\", \"c00c\", \"c002\", \"0005\", \"0004\", \"c012\", \"c008\", \"0016\", \"0013\", \"0010\", \"000d\", \"c00d\", \"c003\", \"000a\", \"0015\", \"0012\", \"000f\", \"000c\", \"0009\", \"00ff\"]": 4
    }
}