{
    "flow_volume": 200,
    "flow_duration": 10,
    "flow_rate": 10,
    "sleep_time": 10,
    "dns_interval": 10,
    "ntp_interval": 10,
    "ports": {
        "44689": 28,
        "33434": 156,
        "123": 56,
        "443": 43,
        "null": 37,
        "54146": 1,
        "80": 36,
        "50003": 1,
        "53342": 1,
        "32956": 1,
        "33596": 1,
        "40950": 1,
        "51242": 1,
        "36861": 1,
        "41621": 1,
        "37683": 1,
        "43787": 1,
        "51927": 1,
        "36767": 1,
        "60584": 1,
        "60857": 1,
        "44972": 1,
        "42699": 1,
        "56096": 1,
        "51925": 1,
        "37618": 1,
        "54120": 1,
        "42120": 1,
        "51782": 1,
        "42890": 1,
        "52751": 1,
        "45864": 1,
        "36552": 1,
        "58873": 1,
        "57364": 1,
        "34619": 1,
        "50918": 18,
        "35226": 1,
        "50885": 1,
        "52304": 1,
        "1900": 1,
        "50119": 1,
        "48649": 1,
        "41963": 1,
        "53186": 1,
        "41759": 1,
        "36633": 1,
        "57125": 1,
        "51554": 1,
        "36822": 1,
        "59516": 1,
        "52175": 1,
        "56126": 1
    },
    "domains": {
        "www.example.com": 24,
        "www.example.net": 24,
        "www.example.org": 24,
        "device-metrics-us.amazon.com": 6,
        "pindorama.amazon.com": 1,
        "www.meethue.com": 1
    },
    "ciphers": {
        "[\"c014\", \"c00a\", \"0039\", \"0038\", \"0037\", \"0036\", \"0088\", \"0087\", \"0086\", \"0085\", \"c00f\", \"c005\", \"0035\", \"0084\", \"c013\", \"c009\", \"0033\", \"0032\", \"0031\", \"0030\", \"009a\", \"0099\", \"0098\", \"0097\", \"0045\", \"0044\", \"0043\", \"0042\", \"c00e\", \"c004\", \"002f\", \"0096\", \"0041\", \"0007\", \"c011\", \"c007\", \"c00c\", \"c002\", \"0005\", \"0004\", \"c012\", \"c008\", \"0016\", \"0013\", \"0010\", \"000d\", \"c00d\", \"c003\", \"000a\", \"0015\", \"0012\", \"000f\", \"000c\", \"0009\", \"00ff\"]": 7,
        "[\"c030\", \"c02c\", \"c028\", \"c024\", \"c014\", \"c00a\", \"00a5\", \"00a3\", \"00a1\", \"009f\", \"006b\", \"006a\", \"0069\", \"0068\", \"0039\", \"0038\", \"0037\", \"0036\", \"0088\", \"0087\", \"0086\", \"0085\", \"c032\", \"c02e\", \"c02a\", \"c026\", \"c00f\", \"c005\", \"009d\", \"003d\", \"0035\", \"0084\", \"c02f\", \"c02b\", \"c027\", \"c023\", \"c013\", \"c009\", \"00a4\", \"00a2\", \"00a0\", \"009e\", \"0067\", \"0040\", \"003f\", \"003e\", \"0033\", \"0032\", \"0031\", \"0030\", \"009a\", \"0099\", \"0098\", \"0097\", \"0045\", \"0044\", \"0043\", \"0042\", \"c031\", \"c02d\", \"c029\", \"c025\", \"c00e\", \"c004\", \"009c\", \"003c\", \"002f\", \"0096\", \"0041\", \"0007\", \"c011\", \"c007\", \"c00c\", \"c002\", \"0005\", \"0004\", \"c012\", \"c008\", \"0016\", \"0013\", \"0010\", \"000d\", \"c00d\", \"c003\", \"000a\", \"0015\", \"0012\", \"000f\", \"000c\", \"0009\", \"00ff\"]": 2
    }
}