{
    "flow_volume": 200,
    "flow_duration": 10,
    "flow_rate": 10,
    "sleep_time": 10,
    "dns_interval": 10,
    "ntp_interval": 10,
    "ports": {
        "33247": 1,
        "33434": 157,
        "58113": 13,
        "123": 75,
        "443": 35,
        "null": 40,
        "41656": 1,
        "80": 39,
        "45229": 1,
        "45400": 1,
        "44677": 1,
        "42320": 1,
        "57890": 1,
        "47842": 1,
        "39972": 1,
        "49400": 1,
        "42384": 1,
        "47528": 1,
        "53083": 1,
        "58883": 1,
        "41690": 1,
        "53685": 1,
        "56952": 1,
        "45926": 35,
        "40573": 1,
        "36899": 1,
        "50378": 1,
        "41185": 1,
        "38492": 1,
        "53507": 1,
        "57177": 1,
        "49277": 1,
        "57167": 1,
        "1900": 1,
        "39289": 1,
        "47489": 1,
        "38778": 1,
        "46601": 1,
        "58228": 1,
        "41570": 1,
        "37206": 1,
        "55946": 1,
        "56741": 1,
        "56921": 1,
        "35384": 1,
        "58886": 1,
        "46490": 1,
        "54612": 1,
        "41134": 1,
        "48658": 1,
        "46990": 1,
        "42686": 1,
        "59808": 1,
        "52947": 1,
        "50288": 1,
        "50747": 1,
        "56434": 1,
        "37398": 1,
        "45253": 1,
        "50292": 1
    },
    "domains": {
        "www.example.com": 26,
        "www.example.net": 26,
        "www.example.org": 26,
        "device-metrics-us.amazon.com": 5,
        "pindorama.amazon.com": 1,
        "www.meethue.com": 1
    },
    "ciphers": {
        "[\"c014\", \"c00a\", \"0039\", \"0038\", \"0037\", \"0036\", \"0088\", \"0087\", \"0086\", \"0085\", \"c00f\", \"c005\", \"0035\", \"0084\", \"c013\", \"c009\", \"0033\", \"0032\", \"0031\", \"0030\", \"009a\", \"0099\", \"0098\", \"0097\", \"0045\", \"0044\", \"0043\", \"0042\", \"c00e\", \"c004\", \"002f\", \"0096\", \"0041\", \"0007\", \"c011\", \"c007\", \"c00c\", \"c002\", \"0005\", \"0004\", \"c012\", \"c008\", \"0016\", \"0013\", \"0010\", \"000d\", \"c00d\", \"c003\", \"000a\", \"0015\", \"0012\", \"000f\", \"000c\", \"0009\", \"00ff\"]": 4,
        "[\"c030\", \"c02c\", \"c028\", \"c024\", \"c014\", \"c00a\", \"00a5\", \"00a3\", \"00a1\", \"009f\", \"006b\", \"006a\", \"0069\", \"0068\", \"0039\", \"0038\", \"0037\", \"0036\", \"0088\", \"0087\", \"0086\", \"0085\", \"c032\", \"c02e\", \"c02a\", \"c026\", \"c00f\", \"c005\", \"009d\", \"003d\", \"0035\", \"0084\", \"c02f\", \"c02b\", \"c027\", \"c023\", \"c013\", \"c009\", \"00a4\", \"00a2\", \"00a0\", \"009e\", \"0067\", \"0040\", \"003f\", \"003e\", \"0033\", \"0032\", \"0031\", \"0030\", \"009a\", \"0099\", \"0098\", \"0097\", \"0045\", \"0044\", \"0043\", \"0042\", \"c031\", \"c02d\", \"c029\", \"c025\", \"c00e\", \"c004\", \"009c\", \"003c\", \"002f\", \"0096\", \"0041\", \"0007\", \"c011\", \"c007\", \"c00c\", \"c002\", \"0005\", \"0004\", \"c012\", \"c008\", \"0016\", \"0013\", \"0010\", \"000d\", \"c00d\", \"c003\", \"000a\", \"0015\", \"0012\", \"000f\", \"000c\", \"0009\", \"00ff\"]": 2
    }
}