{
    "flow_volume": 200,
    "flow_duration": 10,
    "flow_rate": 10,
    "sleep_time": 10,
    "dns_interval": 10,
    "ntp_interval": 10,
    "ports": {
        "35723": 21,
        "123": 73,
        "443": 44,
        "33434": 153,
        "null": 40,
        "39855": 1,
        "80": 39,
        "43299": 1,
        "56335": 1,
        "45314": 1,
        "59053": 1,
        "48555": 1,
        "40758": 1,
        "49684": 1,
        "48586": 1,
        "60047": 1,
        "36063": 1,
        "52976": 1,
        "60283": 1,
        "35863": 1,
        "55821": 1,
        "38127": 1,
        "53522": 1,
        "42685": 1,
        "58044": 1,
        "38098": 1,
        "59749": 1,
        "51221": 1,
        "57636": 1,
        "51770": 1,
        "48405": 1,
        "46506": 1,
        "58850": 1,
        "45849": 1,
        "43950": 22,
        "1900": 1,
        "46292": 1,
        "43704": 1,
        "49241": 1,
        "40065": 1,
        "54378": 1,
        "42708": 1,
        "60567": 1,
        "51574": 1,
        "37042": 1,
        "40118": 1,
        "49105": 1,
        "35362": 1,
        "52759": 1,
        "57652": 1,
        "34858": 1,
        "58366": 1,
        "59668": 1,
        "41365": 1,
        "39285": 1,
        "45995": 1
    },
    "domains": {
        "www.example.com": 26,
        "www.example.net": 26,
        "www.example.org": 26,
        "device-metrics-us.amazon.com": 5,
        "pindorama.amazon.com": 1,
        "www.meethue.com": 1
    },
    "ciphers": {
        "[\"c014\", \"c00a\", \"0039\", \"0038\", \"0037\", \"0036\", \"0088\", \"0087\", \"0086\", \"0085\", \"c00f\", \"c005\", \"0035\", \"0084\", \"c013\", \"c009\", \"0033\", \"0032\", \"0031\", \"0030\", \"009a\", \"0099\", \"0098\", \"0097\", \"0045\", \"0044\", \"0043\", \"0042\", \"c00e\", \"c004\", \"002f\", \"0096\", \"0041\", \"0007\", \"c011\", \"c007\", \"c00c\", \"c002\", \"0005\", \"0004\", \"c012\", \"c008\", \"0016\", \"0013\", \"0010\", \"000d\", \"c00d\", \"c003\", \"000a\", \"0015\", \"0012\", \"000f\", \"000c\", \"0009\", \"00ff\"]": 4,
        "[\"c030\", \"c02c\", \"c028\", \"c024\", \"c014\", \"c00a\", \"00a5\", \"00a3\", \"00a1\", \"009f\", \"006b\", \"006a\", \"0069\", \"0068\", \"0039\", \"0038\", \"0037\", \"0036\", \"0088\", \"0087\", \"0086\", \"0085\", \"c032\", \"c02e\", \"c02a\", \"c026\", \"c00f\", \"c005\", \"009d\", \"003d\", \"0035\", \"0084\", \"c02f\", \"c02b\", \"c027\", \"c023\", \"c013\", \"c009\", \"00a4\", \"00a2\", \"00a0\", \"009e\", \"0067\", \"0040\", \"003f\", \"003e\", \"0033\", \"0032\", \"0031\", \"0030\", \"009a\", \"0099\", \"0098\", \"0097\", \"0045\", \"0044\", \"0043\", \"0042\", \"c031\", \"c02d\", \"c029\", \"c025\", \"c00e\", \"c004\", \"009c\", \"003c\", \"002f\", \"0096\", \"0041\", \"0007\", \"c011\", \"c007\", \"c00c\", \"c002\", \"0005\", \"0004\", \"c012\", \"c008\", \"0016\", \"0013\", \"0010\", \"000d\", \"c00d\", \"c003\", \"000a\", \"0015\", \"0012\", \"000f\", \"000c\", \"0009\", \"00ff\"]": 2
    }
}