{
    "flow_volume": 200,
    "flow_duration": 10,
    "flow_rate": 10,
    "sleep_time": 10,
    "dns_interval": 10,
    "ntp_interval": 10,
    "ports": {
        "33434": 151,
        "123": 52,
        "35689": 18,
        "443": 40,
        "null": 37,
        "53680": 1,
        "80": 36,
        "35276": 1,
        "60961": 1,
        "39561": 1,
        "60664": 1,
        "34969": 1,
        "39418": 1,
        "53021": 1,
        "38867": 1,
        "35994": 1,
        "33106": 1,
        "33468": 1,
        "50161": 1,
        "47666": 1,
        "42949": 1,
        "51160": 1,
        "40335": 1,
        "57954": 1,
        "56944": 1,
        "35723": 28,
        "1900": 1,
        "51377": 1,
        "59610": 1,
        "52922": 1,
        "43917": 1,
        "43517": 1,
        "40139": 1,
        "42907": 1,
        "50835": 1,
        "58647": 1,
        "60539": 1,
        "46431": 1,
        "55607": 1,
        "57353": 1,
        "38218": 1,
        "52706": 1,
        "41422": 1,
        "35076": 1,
        "41944": 1,
        "59189": 1,
        "34172": 1,
        "47893": 1,
        "51015": 1,
        "34879": 1,
        "54697": 1,
        "32899": 1,
        "44988": 1
    },
    "domains": {
        "www.example.com": 24,
        "www.example.net": 24,
        "www.example.org": 24,
        "device-metrics-us.amazon.com": 5,
        "pindorama.amazon.com": 1,
        "www.meethue.com": 1
    },
    "ciphers": {
        "[\"c014\", \"c00a\", \"0039\", \"0038\", \"0037\", \"0036\", \"0088\", \"0087\", \"0086\", \"0085\", \"c00f\", \"c005\", \"0035\", \"0084\", \"c013\", \"c009\", \"0033\", \"0032\", \"0031\", \"0030\", \"009a\", \"0099\", \"0098\", \"0097\", \"0045\", \"0044\", \"0043\", \"0042\", \"c00e\", \"c004\", \"002f\", \"0096\", \"0041\", \"0007\", \"c011\", \"c007\", \"c00c\", \"c002\", \"0005\", \"0004\", \"c012\", \"c008\", \"0016\", \"0013\", \"0010\", \"000d\", \"c00d\", \"c003\", \"000a\", \"0015\", \"0012\", \"000f\", \"000c\", \"0009\", \"00ff\"]": 5,
        "[\"c030\", \"c02c\", \"c028\", \"c024\", \"c014\", \"c00a\", \"00a5\", \"00a3\", \"00a1\", \"009f\", \"006b\", \"006a\", \"0069\", \"0068\", \"0039\", \"0038\", \"0037\", \"0036\", \"0088\", \"0087\", \"0086\", \"0085\", \"c032\", \"c02e\", \"c02a\", \"c026\", \"c00f\", \"c005\", \"009d\", \"003d\", \"0035\", \"0084\", \"c02f\", \"c02b\", \"c027\", \"c023\", \"c013\", \"c009\", \"00a4\", \"00a2\", \"00a0\", \"009e\", \"0067\", \"0040\", \"003f\", \"003e\", \"0033\", \"0032\", \"0031\", \"0030\", \"009a\", \"0099\", \"0098\", \"0097\", \"0045\", \"0044\", \"0043\", \"0042\", \"c031\", \"c02d\", \"c029\", \"c025\", \"c00e\", \"c004\", \"009c\", \"003c\", \"002f\", \"0096\", \"0041\", \"0007\", \"c011\", \"c007\", \"c00c\", \"c002\", \"0005\", \"0004\", \"c012\", \"c008\", \"0016\", \"0013\", \"0010\", \"000d\", \"c00d\", \"c003\", \"000a\", \"0015\", \"0012\", \"000f\", \"000c\", \"0009\", \"00ff\"]": 2
    }
}