{
    "flow_volume": 200,
    "flow_duration": 10,
    "flow_rate": 10,
    "sleep_time": 10,
    "dns_interval": 10,
    "ntp_interval": 10,
    "ports": {
        "33434": 157,
        "443": 41,
        "123": 62,
        "null": 40,
        "58328": 1,
        "80": 39,
        "43880": 1,
        "42603": 1,
        "37410": 4,
        "53510": 1,
        "34070": 1,
        "53615": 1,
        "39416": 1,
        "36389": 1,
        "35689": 42,
        "55627": 1,
        "44196": 1,
        "48103": 1,
        "60666": 1,
        "43823": 1,
        "53413": 1,
        "1900": 1,
        "44281": 1,
        "54325": 1,
        "50180": 1,
        "32877": 1,
        "43219": 1,
        "67": 1,
        "42139": 1,
        "37907": 1,
        "55451": 1,
        "48827": 1,
        "43140": 1,
        "57756": 1,
        "51459": 1,
        "52910": 1,
        "49229": 1,
        "38299": 1,
        "42876": 1,
        "39039": 1,
        "47987": 1,
        "39796": 1,
        "60160": 1,
        "39507": 1,
        "50322": 1,
        "50315": 1,
        "41618": 1,
        "59315": 1,
        "60241": 1,
        "36051": 1,
        "59394": 1,
        "52055": 1,
        "41070": 1,
        "52084": 1,
        "58462": 1,
        "52231": 1,
        "55049": 1
    },
    "domains": {
        "www.example.com": 26,
        "www.example.net": 26,
        "www.example.org": 26,
        "pindorama.amazon.com": 1,
        "device-metrics-us.amazon.com": 4,
        "www.meethue.com": 1
    },
    "ciphers": {
        "[\"c030\", \"c02c\", \"c028\", \"c024\", \"c014\", \"c00a\", \"00a5\", \"00a3\", \"00a1\", \"009f\", \"006b\", \"006a\", \"0069\", \"0068\", \"0039\", \"0038\", \"0037\", \"0036\", \"0088\", \"0087\", \"0086\", \"0085\", \"c032\", \"c02e\", \"c02a\", \"c026\", \"c00f\", \"c005\", \"009d\", \"003d\", \"0035\", \"0084\", \"c02f\", \"c02b\", \"c027\", \"c023\", \"c013\", \"c009\", \"00a4\", \"00a2\", \"00a0\", \"009e\", \"0067\", \"0040\", \"003f\", \"003e\", \"0033\", \"0032\", \"0031\", \"0030\", \"009a\", \"0099\", \"0098\", \"0097\", \"0045\", \"0044\", \"0043\", \"0042\", \"c031\", \"c02d\", \"c029\", \"c025\", \"c00e\", \"c004\", \"009c\", \"003c\", \"002f\", \"0096\", \"0041\", \"0007\", \"c011\", \"c007\", \"c00c\", \"c002\", \"0005\", \"0004\", \"c012\", \"c008\", \"0016\", \"0013\", \"0010\", \"000d\", \"c00d\", \"c003\", \"000a\", \"0015\", \"0012\", \"000f\", \"000c\", \"0009\", \"00ff\"]": 2,
        "[\"c014\", \"c00a\", \"0039\", \"0038\", \"0037\", \"0036\", \"0088\", \"0087\", \"0086\", \"0085\", \"c00f\", \"c005\", \"0035\", \"0084\", \"c013\", \"c009\", \"0033\", \"0032\", \"0031\", \"0030\", \"009a\", \"0099\", \"0098\", \"0097\", \"0045\", \"0044\", \"0043\", \"0042\", \"c00e\", \"c004\", \"002f\", \"0096\", \"0041\", \"0007\", \"c011\", \"c007\", \"c00c\", \"c002\", \"0005\", \"0004\", \"c012\", \"c008\", \"0016\", \"0013\", \"0010\", \"000d\", \"c00d\", \"c003\", \"000a\", \"0015\", \"0012\", \"000f\", \"000c\", \"0009\", \"00ff\"]": 4
    }
}