{
    "flow_volume": 200,
    "flow_duration": 10,
    "flow_rate": 10,
    "sleep_time": 10,
    "dns_interval": 10,
    "ntp_interval": 10,
    "ports": {
        "443": 45,
        "33434": 152,
        "123": 65,
        "null": 40,
        "52257": 1,
        "80": 39,
        "60144": 1,
        "33112": 1,
        "42683": 14,
        "44717": 1,
        "55758": 1,
        "39244": 1,
        "44722": 1,
        "40583": 1,
        "45745": 1,
        "35070": 1,
        "44821": 1,
        "42506": 1,
        "36942": 1,
        "56188": 1,
        "55233": 1,
        "41595": 1,
        "33721": 1,
        "39714": 1,
        "33520": 1,
        "42295": 1,
        "49111": 1,
        "43614": 1,
        "54024": 1,
        "52325": 27,
        "49052": 1,
        "1900": 1,
        "51011": 1,
        "60085": 1,
        "41704": 1,
        "46586": 1,
        "47044": 1,
        "39829": 1,
        "52031": 1,
        "51077": 1,
        "53867": 1,
        "36967": 1,
        "53301": 1,
        "40409": 1,
        "57449": 1,
        "39575": 1,
        "58001": 1,
        "41449": 1,
        "38055": 1,
        "51945": 1,
        "37637": 1,
        "51095": 1,
        "34242": 1,
        "52019": 1,
        "35384": 1,
        "36286": 1,
        "58410": 1,
        "59599": 1,
        "49610": 1
    },
    "domains": {
        "www.example.com": 26,
        "www.example.net": 26,
        "www.example.org": 26,
        "device-metrics-us.amazon.com": 7,
        "pindorama.amazon.com": 1,
        "www.meethue.com": 1
    },
    "ciphers": {
        "[\"c014\", \"c00a\", \"0039\", \"0038\", \"0037\", \"0036\", \"0088\", \"0087\", \"0086\", \"0085\", \"c00f\", \"c005\", \"0035\", \"0084\", \"c013\", \"c009\", \"0033\", \"0032\", \"0031\", \"0030\", \"009a\", \"0099\", \"0098\", \"0097\", \"0045\", \"0044\", \"0043\", \"0042\", \"c00e\", \"c004\", \"002f\", \"0096\", \"0041\", \"0007\", \"c011\", \"c007\", \"c00c\", \"c002\", \"0005\", \"0004\", \"c012\", \"c008\", \"0016\", \"0013\", \"0010\", \"000d\", \"c00d\", \"c003\", \"000a\", \"0015\", \"0012\", \"000f\", \"000c\", \"0009\", \"00ff\"]": 8,
        "[\"c030\", \"c02c\", \"c028\", \"c024\", \"c014\", \"c00a\", \"00a5\", \"00a3\", \"00a1\", \"009f\", \"006b\", \"006a\", \"0069\", \"0068\", \"0039\", \"0038\", \"0037\", \"0036\", \"0088\", \"0087\", \"0086\", \"0085\", \"c032\", \"c02e\", \"c02a\", \"c026\", \"c00f\", \"c005\", \"009d\", \"003d\", \"0035\", \"0084\", \"c02f\", \"c02b\", \"c027\", \"c023\", \"c013\", \"c009\", \"00a4\", \"00a2\", \"00a0\", \"009e\", \"0067\", \"0040\", \"003f\", \"003e\", \"0033\", \"0032\", \"0031\", \"0030\", \"009a\", \"0099\", \"0098\", \"0097\", \"0045\", \"0044\", \"0043\", \"0042\", \"c031\", \"c02d\", \"c029\", \"c025\", \"c00e\", \"c004\", \"009c\", \"003c\", \"002f\", \"0096\", \"0041\", \"0007\", \"c011\", \"c007\", \"c00c\", \"c002\", \"0005\", \"0004\", \"c012\", \"c008\", \"0016\", \"0013\", \"0010\", \"000d\", \"c00d\", \"c003\", \"000a\", \"0015\", \"0012\", \"000f\", \"000c\", \"0009\", \"00ff\"]": 2
    }
}