{
    "flow_volume": 200,
    "flow_duration": 10,
    "flow_rate": 10,
    "sleep_time": 10,
    "dns_interval": 10,
    "ntp_interval": 10,
    "ports": {
        "null": 36,
        "36138": 1,
        "80": 36,
        "49137": 1,
        "56935": 1,
        "33434": 149,
        "53521": 49,
        "443": 38,
        "123": 72,
        "46823": 1,
        "48756": 1,
        "34783": 1,
        "37678": 1,
        "60663": 1,
        "49922": 1,
        "47715": 1,
        "35626": 1,
        "58062": 1,
        "42221": 1,
        "50593": 1,
        "40365": 1,
        "41357": 1,
        "35992": 1,
        "36968": 1,
        "37080": 1,
        "32864": 1,
        "67": 1,
        "57979": 1,
        "37128": 1,
        "60381": 1,
        "58524": 1,
        "57327": 1,
        "42835": 1,
        "39038": 1,
        "47340": 1,
        "45117": 1,
        "51428": 1,
        "58431": 1,
        "45180": 1,
        "52817": 1,
        "42204": 1,
        "53724": 1,
        "34832": 1,
        "34840": 1,
        "44784": 1,
        "57296": 1,
        "44213": 1,
        "53965": 1,
        "50537": 1,
        "41256": 1,
        "45362": 1,
        "33524": 1
    },
    "domains": {
        "www.example.com": 24,
        "www.example.net": 24,
        "www.example.org": 24,
        "device-metrics-us.amazon.com": 5
    },
    "ciphers": {
        "[\"c014\", \"c00a\", \"0039\", \"0038\", \"0037\", \"0036\", \"0088\", \"0087\", \"0086\", \"0085\", \"c00f\", \"c005\", \"0035\", \"0084\", \"c013\", \"c009\", \"0033\", \"0032\", \"0031\", \"0030\", \"009a\", \"0099\", \"0098\", \"0097\", \"0045\", \"0044\", \"0043\", \"0042\", \"c00e\", \"c004\", \"002f\", \"0096\", \"0041\", \"0007\", \"c011\", \"c007\", \"c00c\", \"c002\", \"0005\", \"0004\", \"c012\", \"c008\", \"0016\", \"0013\", \"0010\", \"000d\", \"c00d\", \"c003\", \"000a\", \"0015\", \"0012\", \"000f\", \"000c\", \"0009\", \"00ff\"]": 4
    }
}