{
    "flow_volume": 200,
    "flow_duration": 10,
    "flow_rate": 10,
    "sleep_time": 10,
    "dns_interval": 10,
    "ntp_interval": 10,
    "ports": {
        "443": 48,
        "123": 76,
        "33434": 160,
        "46607": 39,
        "null": 37,
        "47211": 1,
        "80": 36,
        "43518": 1,
        "41491": 1,
        "48219": 1,
        "44751": 1,
        "34590": 1,
        "48185": 1,
        "56180": 1,
        "45667": 1,
        "52857": 1,
        "35213": 1,
        "55500": 1,
        "39920": 1,
        "58074": 1,
        "44641": 1,
        "36092": 1,
        "51429": 1,
        "34193": 1,
        "44115": 1,
        "33663": 1,
        "40258": 1,
        "46030": 1,
        "34278": 1,
        "39357": 1,
        "50387": 1,
        "47411": 1,
        "53340": 1,
        "36247": 1,
        "45539": 1,
        "57257": 1,
        "55955": 1,
        "38193": 1,
        "34557": 1,
        "38805": 1,
        "60414": 1,
        "50272": 1,
        "56829": 1,
        "41438": 1,
        "59643": 1,
        "51494": 1,
        "60770": 1,
        "58848": 1,
        "57085": 1,
        "53101": 1,
        "54333": 1,
        "37410": 2,
        "41536": 1,
        "1900": 1,
        "53447": 1
    },
    "domains": {
        "www.example.com": 24,
        "www.example.net": 24,
        "www.example.org": 24,
        "device-metrics-us.amazon.com": 8,
        "pindorama.amazon.com": 1,
        "www.meethue.com": 1
    },
    "ciphers": {
        "[\"c014\", \"c00a\", \"0039\", \"0038\", \"0037\", \"0036\", \"0088\", \"0087\", \"0086\", \"0085\", \"c00f\", \"c005\", \"0035\", \"0084\", \"c013\", \"c009\", \"0033\", \"0032\", \"0031\", \"0030\", \"009a\", \"0099\", \"0098\", \"0097\", \"0045\", \"0044\", \"0043\", \"0042\", \"c00e\", \"c004\", \"002f\", \"0096\", \"0041\", \"0007\", \"c011\", \"c007\", \"c00c\", \"c002\", \"0005\", \"0004\", \"c012\", \"c008\", \"0016\", \"0013\", \"0010\", \"000d\", \"c00d\", \"c003\", \"000a\", \"0015\", \"0012\", \"000f\", \"000c\", \"0009\", \"00ff\"]": 8,
        "[\"c030\", \"c02c\", \"c028\", \"c024\", \"c014\", \"c00a\", \"00a5\", \"00a3\", \"00a1\", \"009f\", \"006b\", \"006a\", \"0069\", \"0068\", \"0039\", \"0038\", \"0037\", \"0036\", \"0088\", \"0087\", \"0086\", \"0085\", \"c032\", \"c02e\", \"c02a\", \"c026\", \"c00f\", \"c005\", \"009d\", \"003d\", \"0035\", \"0084\", \"c02f\", \"c02b\", \"c027\", \"c023\", \"c013\", \"c009\", \"00a4\", \"00a2\", \"00a0\", \"009e\", \"0067\", \"0040\", \"003f\", \"003e\", \"0033\", \"0032\", \"0031\", \"0030\", \"009a\", \"0099\", \"0098\", \"0097\", \"0045\", \"0044\", \"0043\", \"0042\", \"c031\", \"c02d\", \"c029\", \"c025\", \"c00e\", \"c004\", \"009c\", \"003c\", \"002f\", \"0096\", \"0041\", \"0007\", \"c011\", \"c007\", \"c00c\", \"c002\", \"0005\", \"0004\", \"c012\", \"c008\", \"0016\", \"0013\", \"0010\", \"000d\", \"c00d\", \"c003\", \"000a\", \"0015\", \"0012\", \"000f\", \"000c\", \"0009\", \"00ff\"]": 2
    }
}