{
    "flow_volume": 200,
    "flow_duration": 10,
    "flow_rate": 10,
    "sleep_time": 10,
    "dns_interval": 10,
    "ntp_interval": 10,
    "ports": {
        "39398": 1,
        "123": 61,
        "443": 36,
        "33434": 150,
        "43950": 26,
        "null": 37,
        "45311": 1,
        "80": 36,
        "58941": 1,
        "55748": 1,
        "48122": 1,
        "58948": 1,
        "33956": 1,
        "44360": 1,
        "56777": 1,
        "42130": 1,
        "50712": 1,
        "47458": 1,
        "46124": 1,
        "43383": 1,
        "35884": 1,
        "40976": 1,
        "32913": 1,
        "53447": 1,
        "36002": 1,
        "42707": 1,
        "37979": 1,
        "57720": 1,
        "35207": 1,
        "45351": 1,
        "40133": 1,
        "44711": 1,
        "48586": 1,
        "34779": 1,
        "59826": 1,
        "47704": 1,
        "59265": 1,
        "42773": 19,
        "1900": 1,
        "56643": 1,
        "60197": 1,
        "40119": 1,
        "47958": 1,
        "36684": 1,
        "41790": 1,
        "57953": 1,
        "40357": 1,
        "34919": 1,
        "34285": 1,
        "42656": 1,
        "47605": 1,
        "45664": 1,
        "36435": 1,
        "35590": 1,
        "50560": 1
    },
    "domains": {
        "www.example.com": 24,
        "www.example.net": 24,
        "www.example.org": 24,
        "device-metrics-us.amazon.com": 4,
        "pindorama.amazon.com": 1,
        "www.meethue.com": 1
    },
    "ciphers": {
        "[\"c014\", \"c00a\", \"0039\", \"0038\", \"0037\", \"0036\", \"0088\", \"0087\", \"0086\", \"0085\", \"c00f\", \"c005\", \"0035\", \"0084\", \"c013\", \"c009\", \"0033\", \"0032\", \"0031\", \"0030\", \"009a\", \"0099\", \"0098\", \"0097\", \"0045\", \"0044\", \"0043\", \"0042\", \"c00e\", \"c004\", \"002f\", \"0096\", \"0041\", \"0007\", \"c011\", \"c007\", \"c00c\", \"c002\", \"0005\", \"0004\", \"c012\", \"c008\", \"0016\", \"0013\", \"0010\", \"000d\", \"c00d\", \"c003\", \"000a\", \"0015\", \"0012\", \"000f\", \"000c\", \"0009\", \"00ff\"]": 5,
        "[\"c030\", \"c02c\", \"c028\", \"c024\", \"c014\", \"c00a\", \"00a5\", \"00a3\", \"00a1\", \"009f\", \"006b\", \"006a\", \"0069\", \"0068\", \"0039\", \"0038\", \"0037\", \"0036\", \"0088\", \"0087\", \"0086\", \"0085\", \"c032\", \"c02e\", \"c02a\", \"c026\", \"c00f\", \"c005\", \"009d\", \"003d\", \"0035\", \"0084\", \"c02f\", \"c02b\", \"c027\", \"c023\", \"c013\", \"c009\", \"00a4\", \"00a2\", \"00a0\", \"009e\", \"0067\", \"0040\", \"003f\", \"003e\", \"0033\", \"0032\", \"0031\", \"0030\", \"009a\", \"0099\", \"0098\", \"0097\", \"0045\", \"0044\", \"0043\", \"0042\", \"c031\", \"c02d\", \"c029\", \"c025\", \"c00e\", \"c004\", \"009c\", \"003c\", \"002f\", \"0096\", \"0041\", \"0007\", \"c011\", \"c007\", \"c00c\", \"c002\", \"0005\", \"0004\", \"c012\", \"c008\", \"0016\", \"0013\", \"0010\", \"000d\", \"c00d\", \"c003\", \"000a\", \"0015\", \"0012\", \"000f\", \"000c\", \"0009\", \"00ff\"]": 2
    }
}