{
    "flow_volume": 200,
    "flow_duration": 10,
    "flow_rate": 10,
    "sleep_time": 10,
    "dns_interval": 10,
    "ntp_interval": 10,
    "ports": {
        "123": 55,
        "33434": 152,
        "33530": 3,
        "443": 42,
        "null": 37,
        "58573": 1,
        "80": 36,
        "45516": 1,
        "38430": 1,
        "40642": 1,
        "32879": 1,
        "35716": 1,
        "40402": 1,
        "58852": 1,
        "42539": 1,
        "54092": 37,
        "48481": 1,
        "44370": 1,
        "43566": 1,
        "56131": 1,
        "47950": 1,
        "40037": 1,
        "1900": 1,
        "40090": 1,
        "50211": 1,
        "44602": 1,
        "53211": 1,
        "34130": 1,
        "56356": 1,
        "60375": 1,
        "41035": 1,
        "53251": 1,
        "40899": 1,
        "40054": 1,
        "39750": 1,
        "58853": 1,
        "57712": 1,
        "47051": 1,
        "60155": 1,
        "35565": 1,
        "50156": 1,
        "41419": 1,
        "33672": 1,
        "52406": 1,
        "56266": 1,
        "60761": 1,
        "33176": 1,
        "52507": 1,
        "33446": 1,
        "43986": 1,
        "58929": 1,
        "48632": 1,
        "37748": 1
    },
    "domains": {
        "www.example.com": 24,
        "www.example.net": 24,
        "www.example.org": 24,
        "pindorama.amazon.com": 1,
        "device-metrics-us.amazon.com": 4,
        "www.meethue.com": 1
    },
    "ciphers": {
        "[\"c030\", \"c02c\", \"c028\", \"c024\", \"c014\", \"c00a\", \"00a5\", \"00a3\", \"00a1\", \"009f\", \"006b\", \"006a\", \"0069\", \"0068\", \"0039\", \"0038\", \"0037\", \"0036\", \"0088\", \"0087\", \"0086\", \"0085\", \"c032\", \"c02e\", \"c02a\", \"c026\", \"c00f\", \"c005\", \"009d\", \"003d\", \"0035\", \"0084\", \"c02f\", \"c02b\", \"c027\", \"c023\", \"c013\", \"c009\", \"00a4\", \"00a2\", \"00a0\", \"009e\", \"0067\", \"0040\", \"003f\", \"003e\", \"0033\", \"0032\", \"0031\", \"0030\", \"009a\", \"0099\", \"0098\", \"0097\", \"0045\", \"0044\", \"0043\", \"0042\", \"c031\", \"c02d\", \"c029\", \"c025\", \"c00e\", \"c004\", \"009c\", \"003c\", \"002f\", \"0096\", \"0041\", \"0007\", \"c011\", \"c007\", \"c00c\", \"c002\", \"0005\", \"0004\", \"c012\", \"c008\", \"0016\", \"0013\", \"0010\", \"000d\", \"c00d\", \"c003\", \"000a\", \"0015\", \"0012\", \"000f\", \"000c\", \"0009\", \"00ff\"]": 2,
        "[\"c014\", \"c00a\", \"0039\", \"0038\", \"0037\", \"0036\", \"0088\", \"0087\", \"0086\", \"0085\", \"c00f\", \"c005\", \"0035\", \"0084\", \"c013\", \"c009\", \"0033\", \"0032\", \"0031\", \"0030\", \"009a\", \"0099\", \"0098\", \"0097\", \"0045\", \"0044\", \"0043\", \"0042\", \"c00e\", \"c004\", \"002f\", \"0096\", \"0041\", \"0007\", \"c011\", \"c007\", \"c00c\", \"c002\", \"0005\", \"0004\", \"c012\", \"c008\", \"0016\", \"0013\", \"0010\", \"000d\", \"c00d\", \"c003\", \"000a\", \"0015\", \"0012\", \"000f\", \"000c\", \"0009\", \"00ff\"]": 4
    }
}