{
    "flow_volume": 200,
    "flow_duration": 10,
    "flow_rate": 10,
    "sleep_time": 10,
    "dns_interval": 10,
    "ntp_interval": 10,
    "ports": {
        "123": 58,
        "33434": 152,
        "33530": 48,
        "1900": 1,
        "443": 32,
        "34074": 1,
        "null": 36,
        "35458": 1,
        "80": 36,
        "40493": 1,
        "39521": 1,
        "54133": 1,
        "46306": 1,
        "55367": 1,
        "43601": 1,
        "39440": 1,
        "41902": 1,
        "45890": 1,
        "52233": 1,
        "48974": 1,
        "45475": 1,
        "37909": 1,
        "57194": 1,
        "67": 1,
        "53056": 1,
        "51041": 1,
        "55527": 1,
        "59159": 1,
        "42171": 1,
        "51143": 1,
        "59627": 1,
        "49281": 1,
        "40619": 1,
        "33042": 1,
        "37943": 1,
        "52732": 1,
        "53081": 1,
        "59691": 1,
        "48999": 1,
        "56462": 1,
        "45795": 1,
        "33273": 1,
        "39402": 1,
        "36979": 1,
        "48478": 1,
        "58949": 1,
        "56802": 1,
        "48038": 1,
        "53945": 1,
        "33702": 1,
        "50404": 1,
        "33567": 1
    },
    "domains": {
        "www.meethue.com": 1,
        "www.example.com": 24,
        "www.example.net": 24,
        "www.example.org": 24,
        "device-metrics-us.amazon.com": 5
    },
    "ciphers": {
        "[\"c030\", \"c02c\", \"c028\", \"c024\", \"c014\", \"c00a\", \"00a5\", \"00a3\", \"00a1\", \"009f\", \"006b\", \"006a\", \"0069\", \"0068\", \"0039\", \"0038\", \"0037\", \"0036\", \"0088\", \"0087\", \"0086\", \"0085\", \"c032\", \"c02e\", \"c02a\", \"c026\", \"c00f\", \"c005\", \"009d\", \"003d\", \"0035\", \"0084\", \"c02f\", \"c02b\", \"c027\", \"c023\", \"c013\", \"c009\", \"00a4\", \"00a2\", \"00a0\", \"009e\", \"0067\", \"0040\", \"003f\", \"003e\", \"0033\", \"0032\", \"0031\", \"0030\", \"009a\", \"0099\", \"0098\", \"0097\", \"0045\", \"0044\", \"0043\", \"0042\", \"c031\", \"c02d\", \"c029\", \"c025\", \"c00e\", \"c004\", \"009c\", \"003c\", \"002f\", \"0096\", \"0041\", \"0007\", \"c011\", \"c007\", \"c00c\", \"c002\", \"0005\", \"0004\", \"c012\", \"c008\", \"0016\", \"0013\", \"0010\", \"000d\", \"c00d\", \"c003\", \"000a\", \"0015\", \"0012\", \"000f\", \"000c\", \"0009\", \"00ff\"]": 1,
        "[\"c014\", \"c00a\", \"0039\", \"0038\", \"0037\", \"0036\", \"0088\", \"0087\", \"0086\", \"0085\", \"c00f\", \"c005\", \"0035\", \"0084\", \"c013\", \"c009\", \"0033\", \"0032\", \"0031\", \"0030\", \"009a\", \"0099\", \"0098\", \"0097\", \"0045\", \"0044\", \"0043\", \"0042\", \"c00e\", \"c004\", \"002f\", \"0096\", \"0041\", \"0007\", \"c011\", \"c007\", \"c00c\", \"c002\", \"0005\", \"0004\", \"c012\", \"c008\", \"0016\", \"0013\", \"0010\", \"000d\", \"c00d\", \"c003\", \"000a\", \"0015\", \"0012\", \"000f\", \"000c\", \"0009\", \"00ff\"]": 4
    }
}