{
    "flow_volume": 1900,
    "flow_duration": 60,
    "flow_rate": 40,
    "sleep_time": 10,
    "dns_interval": 10,
    "ntp_interval": -1,
    "ports": {
        "5222": 35,
        "49908": 22,
        "41776": 1,
        "51814": 1,
        "80": 10,
        "38303": 1,
        "39082": 1,
        "42922": 1,
        "35987": 1,
        "35175": 1,
        "48338": 1,
        "46816": 1,
        "56808": 1
    },
    "domains": {
        "scalews.withings.net": 10
    },
    "ciphers": {}
}