{
    "flow_volume": 1900,
    "flow_duration": 70,
    "flow_rate": 40,
    "sleep_time": 10,
    "dns_interval": 10,
    "ntp_interval": -1,
    "ports": {
        "49908": 20,
        "5222": 36,
        "54008": 1,
        "80": 11,
        "53781": 1,
        "44291": 1,
        "36453": 1,
        "37157": 1,
        "39519": 1,
        "44797": 1,
        "39181": 1,
        "40901": 1,
        "60988": 1,
        "36479": 1
    },
    "domains": {
        "scalews.withings.net": 11
    },
    "ciphers": {}
}