{
    "flow_volume": 1900,
    "flow_duration": 60,
    "flow_rate": 40,
    "sleep_time": 10,
    "dns_interval": 10,
    "ntp_interval": -1,
    "ports": {
        "49908": 23,
        "5222": 34,
        "46830": 1,
        "80": 15,
        "35580": 1,
        "51608": 1,
        "56845": 1,
        "67": 1,
        "37301": 1,
        "50112": 1,
        "55478": 1,
        "46559": 1,
        "32889": 1,
        "49542": 1,
        "36077": 1,
        "44571": 1,
        "35433": 1,
        "33098": 1,
        "44496": 1
    },
    "domains": {
        "scalews.withings.net": 15
    },
    "ciphers": {}
}