{
    "flow_volume": 1900,
    "flow_duration": 60,
    "flow_rate": 40,
    "sleep_time": 10,
    "dns_interval": 10,
    "ntp_interval": -1,
    "ports": {
        "5222": 38,
        "57287": 1,
        "80": 15,
        "52480": 1,
        "54657": 1,
        "49908": 20,
        "49626": 1,
        "39787": 1,
        "33812": 1,
        "35828": 1,
        "67": 1,
        "41993": 1,
        "40683": 1,
        "59127": 1,
        "38390": 1,
        "34311": 1,
        "33386": 1,
        "59466": 1,
        "55371": 1
    },
    "domains": {
        "scalews.withings.net": 15
    },
    "ciphers": {}
}