{
    "flow_volume": 1900,
    "flow_duration": 60,
    "flow_rate": 40,
    "sleep_time": 10,
    "dns_interval": 10,
    "ntp_interval": -1,
    "ports": {
        "5222": 37,
        "49908": 20,
        "38344": 1,
        "80": 10,
        "44855": 1,
        "55603": 1,
        "51656": 1,
        "34488": 1,
        "52987": 1,
        "46040": 1,
        "45680": 1,
        "43479": 1,
        "50167": 1
    },
    "domains": {
        "scalews.withings.net": 10
    },
    "ciphers": {}
}