{
    "flow_volume": 1900,
    "flow_duration": 60,
    "flow_rate": 40,
    "sleep_time": 10,
    "dns_interval": 10,
    "ntp_interval": -1,
    "ports": {
        "49908": 19,
        "38211": 1,
        "80": 16,
        "41178": 1,
        "5222": 40,
        "56266": 1,
        "35672": 1,
        "60920": 1,
        "58250": 1,
        "54772": 1,
        "44738": 1,
        "35699": 1,
        "52702": 1,
        "53335": 1,
        "41298": 1,
        "44080": 1,
        "45147": 1,
        "59524": 1,
        "55485": 1
    },
    "domains": {
        "scalews.withings.net": 16
    },
    "ciphers": {}
}