{
    "flow_volume": 1900,
    "flow_duration": 60,
    "flow_rate": 40,
    "sleep_time": 10,
    "dns_interval": 10,
    "ntp_interval": -1,
    "ports": {
        "5222": 36,
        "49908": 22,
        "44593": 1,
        "80": 10,
        "53814": 1,
        "60399": 1,
        "37221": 1,
        "44831": 1,
        "43471": 1,
        "53729": 1,
        "55841": 1,
        "57198": 1,
        "44467": 1
    },
    "domains": {
        "scalews.withings.net": 10
    },
    "ciphers": {}
}