{
    "flow_volume": 1900,
    "flow_duration": 60,
    "flow_rate": 40,
    "sleep_time": 10,
    "dns_interval": 10,
    "ntp_interval": -1,
    "ports": {
        "5222": 40,
        "49908": 18,
        "37594": 1,
        "80": 17,
        "47244": 1,
        "50171": 1,
        "35079": 1,
        "42158": 1,
        "51273": 1,
        "51786": 1,
        "38346": 1,
        "54325": 1,
        "67": 1,
        "59781": 1,
        "35896": 1,
        "49897": 1,
        "53871": 1,
        "39648": 1,
        "35461": 1,
        "56589": 1,
        "36410": 1
    },
    "domains": {
        "scalews.withings.net": 17
    },
    "ciphers": {}
}