{
    "flow_volume": 1900,
    "flow_duration": 60,
    "flow_rate": 40,
    "sleep_time": 10,
    "dns_interval": 10,
    "ntp_interval": -1,
    "ports": {
        "49908": 20,
        "5222": 37,
        "59603": 1,
        "80": 10,
        "48409": 1,
        "41205": 1,
        "34760": 1,
        "53877": 1,
        "56864": 1,
        "51687": 1,
        "53486": 1,
        "38164": 1,
        "58928": 1
    },
    "domains": {
        "scalews.withings.net": 10
    },
    "ciphers": {}
}