{
    "flow_volume": 1900,
    "flow_duration": 60,
    "flow_rate": 40,
    "sleep_time": 10,
    "dns_interval": 10,
    "ntp_interval": -1,
    "ports": {
        "5222": 41,
        "33921": 1,
        "80": 18,
        "57871": 1,
        "47409": 1,
        "32928": 1,
        "38143": 1,
        "41341": 1,
        "49908": 17,
        "44121": 1,
        "46706": 1,
        "38837": 1,
        "54295": 1,
        "47653": 1,
        "36073": 1,
        "55294": 1,
        "52177": 1,
        "44819": 1,
        "46740": 1,
        "57913": 1,
        "60269": 1
    },
    "domains": {
        "scalews.withings.net": 18
    },
    "ciphers": {}
}