{
    "flow_volume": 1900,
    "flow_duration": 60,
    "flow_rate": 40,
    "sleep_time": 10,
    "dns_interval": 10,
    "ntp_interval": -1,
    "ports": {
        "49908": 20,
        "35660": 1,
        "80": 15,
        "5222": 37,
        "37814": 1,
        "34179": 1,
        "33113": 1,
        "37078": 1,
        "42693": 1,
        "57141": 1,
        "44375": 1,
        "55425": 1,
        "42946": 1,
        "53041": 1,
        "52764": 1,
        "37583": 1,
        "40177": 1,
        "48124": 1
    },
    "domains": {
        "scalews.withings.net": 15
    },
    "ciphers": {}
}