{
    "flow_volume": 1900,
    "flow_duration": 70,
    "flow_rate": 40,
    "sleep_time": 10,
    "dns_interval": 10,
    "ntp_interval": -1,
    "ports": {
        "5222": 37,
        "49908": 21,
        "38580": 1,
        "80": 13,
        "39423": 1,
        "43193": 1,
        "46209": 1,
        "34835": 1,
        "46826": 1,
        "41148": 1,
        "56960": 1,
        "47871": 1,
        "40046": 1,
        "43029": 1,
        "50883": 1,
        "53586": 1
    },
    "domains": {
        "scalews.withings.net": 13
    },
    "ciphers": {}
}