{
    "flow_volume": 1900,
    "flow_duration": 60,
    "flow_rate": 40,
    "sleep_time": 10,
    "dns_interval": 10,
    "ntp_interval": -1,
    "ports": {
        "5222": 37,
        "49908": 21,
        "33189": 1,
        "80": 10,
        "56766": 1,
        "33956": 1,
        "42214": 1,
        "52172": 1,
        "53925": 1,
        "48349": 1,
        "50983": 1,
        "36669": 1,
        "40237": 1
    },
    "domains": {
        "scalews.withings.net": 10
    },
    "ciphers": {}
}