{
    "flow_volume": 1900,
    "flow_duration": 60,
    "flow_rate": 40,
    "sleep_time": 10,
    "dns_interval": 10,
    "ntp_interval": -1,
    "ports": {
        "5222": 40,
        "49908": 18,
        "45419": 1,
        "80": 10,
        "38677": 1,
        "47972": 1,
        "45816": 1,
        "39156": 1,
        "54402": 1,
        "48466": 1,
        "48704": 1,
        "52768": 1,
        "38720": 1
    },
    "domains": {
        "scalews.withings.net": 10
    },
    "ciphers": {}
}