{
    "flow_volume": 1900,
    "flow_duration": 60,
    "flow_rate": 40,
    "sleep_time": 10,
    "dns_interval": 10,
    "ntp_interval": -1,
    "ports": {
        "5222": 38,
        "49908": 20,
        "40480": 1,
        "80": 10,
        "37963": 1,
        "34206": 1,
        "33117": 1,
        "55876": 1,
        "56634": 1,
        "48224": 1,
        "36780": 1,
        "58705": 1,
        "51170": 1
    },
    "domains": {
        "scalews.withings.net": 10
    },
    "ciphers": {}
}