{
    "flow_volume": 1900,
    "flow_duration": 60,
    "flow_rate": 40,
    "sleep_time": 10,
    "dns_interval": 10,
    "ntp_interval": -1,
    "ports": {
        "49908": 24,
        "5222": 36,
        "41060": 1,
        "80": 11,
        "37365": 1,
        "51051": 1,
        "54330": 1,
        "41693": 1,
        "57414": 1,
        "54058": 1,
        "35212": 1,
        "57299": 1,
        "59158": 1,
        "67": 1,
        "49573": 1
    },
    "domains": {
        "scalews.withings.net": 11
    },
    "ciphers": {}
}