{
    "flow_volume": 1900,
    "flow_duration": 60,
    "flow_rate": 40,
    "sleep_time": 10,
    "dns_interval": 10,
    "ntp_interval": -1,
    "ports": {
        "5222": 40,
        "49908": 17,
        "40355": 1,
        "80": 16,
        "52944": 1,
        "44722": 1,
        "38272": 1,
        "43558": 1,
        "55684": 1,
        "58297": 1,
        "33767": 1,
        "46251": 1,
        "41651": 1,
        "38633": 1,
        "41796": 1,
        "43046": 1,
        "52483": 1,
        "38019": 1,
        "60490": 1
    },
    "domains": {
        "scalews.withings.net": 16
    },
    "ciphers": {}
}