{
    "flow_volume": 1900,
    "flow_duration": 60,
    "flow_rate": 40,
    "sleep_time": 10,
    "dns_interval": 10,
    "ntp_interval": -1,
    "ports": {
        "5222": 35,
        "49908": 23,
        "56138": 1,
        "80": 10,
        "46300": 1,
        "57184": 1,
        "40893": 1,
        "42464": 1,
        "43931": 1,
        "51944": 1,
        "49707": 1,
        "59674": 1,
        "50512": 1
    },
    "domains": {
        "scalews.withings.net": 10
    },
    "ciphers": {}
}