{
    "flow_volume": 100,
    "flow_duration": 10,
    "flow_rate": 6000000,
    "sleep_time": 10,
    "dns_interval": 10,
    "ntp_interval": 10,
    "ports": {
        "null": 385,
        "37410": 59,
        "33434": 266,
        "443": 330,
        "36858": 161,
        "10001": 640,
        "60162": 48,
        "56700": 60,
        "1935": 55,
        "47940": 49,
        "5222": 244,
        "3478": 41,
        "50443": 79,
        "48072": 1,
        "123": 138,
        "58387": 49,
        "5228": 14,
        "50705": 1,
        "80": 112,
        "48765": 1,
        "52983": 1,
        "29963": 2,
        "8089": 4,
        "52800": 1,
        "49908": 10,
        "4500": 14,
        "2179": 34,
        "37307": 1,
        "30254": 2,
        "56616": 1,
        "41748": 1,
        "44310": 1,
        "38581": 1,
        "44587": 1,
        "37210": 1,
        "68": 31,
        "8090": 12,
        "43286": 1,
        "6334": 1,
        "40390": 1,
        "56063": 1,
        "37616": 6,
        "42598": 1,
        "49257": 1,
        "40249": 1,
        "67": 12,
        "35499": 1,
        "34786": 1,
        "60240": 1,
        "30255": 2,
        "38747": 1,
        "36886": 1,
        "51630": 1,
        "38632": 1,
        "25587": 5,
        "25050": 5,
        "35891": 1,
        "37446": 1,
        "47955": 1,
        "41840": 1,
        "37015": 1,
        "55441": 1,
        "42650": 1,
        "30256": 2,
        "58708": 1,
        "40440": 1,
        "4395": 1,
        "50769": 1,
        "3089": 2,
        "6336": 1,
        "41983": 1,
        "52654": 1,
        "42948": 1,
        "52096": 1,
        "59840": 1,
        "45110": 1,
        "45351": 1,
        "37780": 1,
        "30257": 2,
        "40693": 1,
        "40243": 1,
        "60589": 1,
        "137": 3,
        "52824": 1,
        "49518": 1,
        "55279": 1,
        "49913": 1,
        "41961": 1,
        "39725": 1,
        "46144": 1,
        "57965": 1,
        "7275": 3,
        "37915": 1,
        "61958": 1,
        "43482": 1,
        "34250": 1,
        "33999": 1,
        "56560": 1,
        "51218": 1,
        "44648": 1,
        "42632": 1,
        "55426": 1,
        "39222": 1,
        "36879": 1,
        "37969": 1,
        "53607": 1,
        "56922": 1,
        "46607": 1,
        "62263": 1,
        "58841": 1,
        "44246": 1,
        "52152": 1,
        "40029": 1,
        "51950": 1,
        "63251": 1,
        "58714": 1,
        "44897": 1,
        "37504": 1,
        "33626": 1,
        "38330": 1,
        "42094": 1,
        "33899": 1,
        "60428": 1,
        "57990": 1,
        "50550": 1,
        "45580": 1,
        "59251": 1,
        "17090": 2,
        "57048": 1,
        "30258": 2,
        "60543": 1,
        "54485": 1,
        "51787": 1,
        "41869": 1,
        "39264": 1,
        "44822": 1,
        "57515": 1,
        "6338": 1,
        "58836": 2,
        "49346": 1,
        "57355": 1,
        "37827": 1,
        "46598": 1,
        "58746": 1,
        "59133": 1,
        "43005": 1,
        "57326": 1,
        "40268": 1,
        "49499": 1,
        "30259": 2,
        "56947": 1,
        "39093": 1,
        "40690": 1,
        "46649": 1,
        "37039": 1,
        "62563": 1,
        "57831": 1,
        "48903": 1,
        "63601": 1,
        "47352": 1,
        "39302": 1,
        "54885": 1,
        "43218": 1,
        "50332": 1,
        "53501": 1,
        "44362": 1,
        "51695": 1,
        "45371": 1,
        "56836": 1,
        "39351": 1,
        "33796": 1,
        "58792": 1,
        "35873": 1,
        "56111": 1,
        "34690": 1,
        "59398": 1,
        "43530": 1,
        "35533": 1,
        "30260": 2,
        "60786": 1,
        "57255": 1,
        "48321": 1,
        "39031": 1,
        "40451": 1,
        "36305": 4,
        "44793": 1,
        "39646": 1,
        "33915": 1,
        "54008": 1,
        "53781": 1,
        "18627": 1,
        "6340": 1,
        "46197": 1,
        "48369": 1,
        "50437": 1,
        "40733": 1,
        "44291": 1,
        "49113": 1,
        "44253": 1,
        "55982": 1,
        "60446": 1,
        "38790": 1,
        "58455": 1,
        "55311": 1,
        "30261": 2,
        "30262": 2,
        "60519": 1,
        "55494": 2,
        "42905": 1,
        "36025": 1,
        "38800": 1,
        "38758": 1,
        "36453": 1,
        "37157": 1,
        "39519": 1,
        "44797": 1,
        "34725": 1,
        "52005": 1,
        "43732": 1,
        "35626": 1,
        "49178": 1,
        "34388": 1,
        "33536": 1,
        "30263": 2,
        "47412": 1,
        "30264": 2,
        "55294": 1,
        "54409": 1,
        "465": 1,
        "45559": 1,
        "37688": 1,
        "36712": 1,
        "58771": 1,
        "47756": 1,
        "59768": 1,
        "53401": 1,
        "40869": 1,
        "993": 3,
        "53550": 1,
        "54668": 1,
        "55492": 1,
        "53404": 1,
        "52502": 1,
        "6342": 1,
        "4400": 1,
        "33635": 1,
        "44081": 1,
        "41503": 1,
        "53263": 1,
        "52796": 1,
        "39181": 1,
        "40901": 1,
        "60988": 1,
        "50505": 1,
        "30265": 2,
        "36479": 1,
        "40366": 1,
        "45768": 1,
        "55620": 1,
        "56046": 1,
        "50121": 1,
        "39081": 1,
        "55546": 2,
        "51698": 1,
        "50344": 1,
        "49546": 1,
        "53176": 1,
        "45242": 1,
        "48726": 1,
        "42083": 1,
        "47753": 1,
        "46150": 1,
        "36611": 1,
        "57052": 1,
        "45738": 1,
        "30266": 2,
        "37275": 1,
        "53884": 1,
        "4401": 2,
        "8443": 2,
        "49056": 1,
        "37121": 1,
        "54332": 1,
        "37979": 1,
        "6344": 1,
        "44467": 1,
        "56463": 1,
        "37234": 1,
        "35841": 1,
        "42772": 1,
        "38021": 1,
        "44306": 1,
        "30267": 2,
        "41718": 1,
        "57697": 1,
        "51798": 1,
        "33833": 1
    },
    "domains": {
        "time.nist.gov": 61,
        "www.example.com": 24,
        "www.example.net": 24,
        "www.example.org": 24,
        "pool.ntp.org": 34,
        "aps1-relay.tplinkcloud.com": 3,
        "devs.tplinkcloud.com": 1,
        "connect.insteon.com": 12,
        "babyws.withings.net": 24,
        "device-metrics-us.amazon.com": 5,
        "sip.invoxia.com": 6,
        "netcom.netatmo.net": 13,
        "www.belkin.com": 5,
        "d3gjecg2uu2eaq.cloudfront.net": 5,
        "apicom.netatmo.net": 1,
        "api.pix-star.com": 2,
        "api.pix-star.com.lan": 1,
        "api.pix-star.com.#": 1,
        "api.pix-star.com.wlan0": 1,
        "connectivitycheck.gstatic.com": 4,
        "BCMLS2.glpals.com": 1,
        "service.game-mode.net": 1,
        "mtalk.google.com": 2,
        "mobile.pipe.aria.microsoft.com": 4,
        "android.clients.google.com": 2,
        "www.googleapis.com": 1,
        "api.samsungosp.com": 2,
        "www.googleadservices.com": 1,
        "www.youtube.com": 1,
        "apps.skype.com": 1,
        "b.config.skype.com": 2,
        "az361816.vo.msecnd.net": 1,
        "www.google.com": 2,
        "api.accuweather.com": 1,
        "settings.crashlytics.com": 2,
        "clients3.google.com": 2,
        "imap.gmail.com": 2,
        "accounts.google.com": 1,
        "www.google.com.au": 1,
        "inst.platform.bing.com": 1,
        "pubads.g.doubleclick.net": 1,
        "www.doubleclickbygoogle.com": 1,
        "play.google.com": 1,
        "scalews.withings.net": 11,
        "clients4.google.com": 1,
        "resolver.msg.xiaomi.net": 1,
        "www.samsungsmartcam.com": 1,
        "smtp.gmail.com": 2,
        "mail.google.com": 1,
        "nexusapi.dropcam.com": 1,
        "ssl.google-analytics.com": 1,
        "uk.pool.ntp.org": 2,
        "xbcs.net": 1,
        "tunnel.xbcs.net": 1
    },
    "ciphers": {
        "[\"c014\", \"c00a\", \"0039\", \"0038\", \"0088\", \"0087\", \"c00f\", \"c005\", \"0035\", \"0084\", \"c013\", \"c009\", \"0033\", \"0032\", \"009a\", \"0099\", \"0045\", \"0044\", \"c00e\", \"c004\", \"002f\", \"0096\", \"0041\", \"0007\", \"c011\", \"c007\", \"c00c\", \"c002\", \"0005\", \"0004\", \"c012\", \"c008\", \"0016\", \"0013\", \"c00d\", \"c003\", \"000a\", \"0015\", \"0012\", \"0009\", \"0014\", \"0011\", \"0008\", \"0006\", \"0003\", \"00ff\"]": 1,
        "[\"c014\", \"c00a\", \"0039\", \"0038\", \"0037\", \"0036\", \"0088\", \"0087\", \"0086\", \"0085\", \"c00f\", \"c005\", \"0035\", \"0084\", \"c013\", \"c009\", \"0033\", \"0032\", \"0031\", \"0030\", \"009a\", \"0099\", \"0098\", \"0097\", \"0045\", \"0044\", \"0043\", \"0042\", \"c00e\", \"c004\", \"002f\", \"0096\", \"0041\", \"0007\", \"c011\", \"c007\", \"c00c\", \"c002\", \"0005\", \"0004\", \"c012\", \"c008\", \"0016\", \"0013\", \"0010\", \"000d\", \"c00d\", \"c003\", \"000a\", \"0015\", \"0012\", \"000f\", \"000c\", \"0009\", \"00ff\"]": 4,
        "[\"c030\", \"c02c\", \"c028\", \"c024\", \"c014\", \"c00a\", \"c022\", \"c021\", \"00a3\", \"009f\", \"006b\", \"006a\", \"0039\", \"0038\", \"0088\", \"0087\", \"c032\", \"c02e\", \"c02a\", \"c026\", \"c00f\", \"c005\", \"009d\", \"003d\", \"0035\", \"0084\", \"c012\", \"c008\", \"c01c\", \"c01b\", \"0016\", \"0013\", \"c00d\", \"c003\", \"000a\", \"c02f\", \"c02b\", \"c027\", \"c023\", \"c013\", \"c009\", \"c01f\", \"c01e\", \"00a2\", \"009e\", \"0067\", \"0040\", \"0033\", \"0032\", \"009a\", \"0099\", \"0045\", \"0044\", \"c031\", \"c02d\", \"c029\", \"c025\", \"c00e\", \"c004\", \"009c\", \"003c\", \"002f\", \"0096\", \"0041\", \"c011\", \"c007\", \"c00c\", \"c002\", \"0005\", \"0004\", \"0015\", \"0012\", \"0009\", \"0014\", \"0011\", \"0008\", \"0006\", \"0003\", \"00ff\"]": 1,
        "[\"c02b\", \"c02c\", \"c02f\", \"c030\", \"009e\", \"009f\", \"c009\", \"c00a\", \"c013\", \"c014\", \"0033\", \"0039\", \"c007\", \"c011\", \"009c\", \"009d\", \"002f\", \"0035\", \"0005\", \"00ff\"]": 23,
        "[\"cca9\", \"cc14\", \"c02b\", \"c02c\", \"cca8\", \"cc13\", \"c02f\", \"c030\", \"009e\", \"009f\", \"c009\", \"c00a\", \"c013\", \"c014\", \"0033\", \"0039\", \"009c\", \"009d\", \"002f\", \"0035\"]": 19,
        "[\"c030\", \"c02c\", \"c028\", \"c024\", \"c014\", \"c00a\", \"c032\", \"c02e\", \"c02a\", \"c026\", \"c00f\", \"c005\", \"009d\", \"003d\", \"0035\", \"c02f\", \"c02b\", \"c027\", \"c023\", \"c013\", \"c009\", \"c031\", \"c02d\", \"c029\", \"c025\", \"c00e\", \"c004\", \"009c\", \"003c\", \"002f\", \"c012\", \"c008\", \"c00d\", \"c003\", \"000a\", \"00ff\"]": 3,
        "[\"c030\", \"c02c\", \"c028\", \"c024\", \"c014\", \"c00a\", \"c022\", \"c021\", \"00a3\", \"009f\", \"006b\", \"006a\", \"0039\", \"0038\", \"c032\", \"c02e\", \"c02a\", \"c026\", \"c00f\", \"c005\", \"009d\", \"003d\", \"0035\", \"c012\", \"c008\", \"c01c\", \"c01b\", \"0016\", \"0013\", \"c00d\", \"c003\", \"000a\", \"c02f\", \"c02b\", \"c027\", \"c023\", \"c013\", \"c009\", \"c01f\", \"c01e\", \"00a2\", \"009e\", \"0067\", \"0040\", \"0033\", \"0032\", \"c031\", \"c02d\", \"c029\", \"c025\", \"c00e\", \"c004\", \"009c\", \"003c\", \"002f\", \"00ff\"]": 1,
        "[\"c014\", \"c00a\", \"0039\", \"0038\", \"0088\", \"0087\", \"c00f\", \"c005\", \"0035\", \"0084\", \"c012\", \"c008\", \"0016\", \"0013\", \"c00d\", \"c003\", \"000a\", \"c013\", \"c009\", \"0033\", \"0032\", \"009a\", \"0099\", \"0045\", \"0044\", \"c00e\", \"c004\", \"002f\", \"0096\", \"0041\", \"0007\", \"c011\", \"c007\", \"c00c\", \"c002\", \"0005\", \"0004\", \"0015\", \"0012\", \"0009\", \"0014\", \"0011\", \"0008\", \"0006\", \"0003\", \"00ff\"]": 2
    }
}