{
    "flow_volume": 100,
    "flow_duration": 10,
    "flow_rate": 6000000,
    "sleep_time": 10,
    "dns_interval": 10,
    "ntp_interval": 10,
    "ports": {
        "null": 380,
        "10001": 628,
        "5222": 248,
        "36858": 77,
        "443": 310,
        "60162": 48,
        "33434": 266,
        "56700": 60,
        "58387": 54,
        "4500": 100,
        "3478": 41,
        "50443": 80,
        "47940": 33,
        "50298": 1,
        "68": 13,
        "123": 140,
        "25587": 7,
        "25050": 7,
        "39203": 1,
        "80": 96,
        "49103": 1,
        "465": 3,
        "52325": 33,
        "37616": 7,
        "5228": 12,
        "67": 19,
        "57287": 1,
        "52480": 1,
        "54657": 1,
        "17898": 2,
        "8089": 4,
        "58546": 1,
        "1935": 50,
        "49626": 1,
        "49992": 1,
        "30230": 2,
        "45263": 1,
        "50097": 1,
        "43917": 1,
        "53366": 1,
        "52760": 1,
        "8090": 12,
        "2179": 16,
        "48151": 1,
        "43321": 1,
        "43409": 1,
        "58072": 1,
        "6310": 1,
        "54923": 1,
        "36573": 1,
        "58302": 1,
        "10240": 2,
        "37499": 1,
        "56001": 1,
        "39787": 1,
        "33812": 1,
        "35828": 1,
        "39388": 1,
        "30231": 2,
        "51442": 1,
        "4385": 1,
        "45407": 1,
        "47413": 1,
        "49707": 1,
        "3089": 4,
        "50582": 1,
        "33706": 1,
        "57566": 1,
        "56349": 1,
        "42704": 1,
        "47785": 1,
        "37865": 1,
        "48598": 1,
        "30232": 2,
        "59090": 1,
        "50244": 1,
        "38250": 1,
        "60998": 1,
        "42694": 1,
        "35361": 1,
        "52849": 1,
        "28869": 1,
        "6312": 1,
        "45834": 1,
        "38350": 1,
        "57028": 1,
        "137": 3,
        "30233": 2,
        "53142": 1,
        "43389": 1,
        "51233": 1,
        "37081": 1,
        "45317": 1,
        "49361": 1,
        "45748": 1,
        "33218": 1,
        "36691": 1,
        "34838": 1,
        "35802": 1,
        "17090": 2,
        "45762": 1,
        "37346": 1,
        "30234": 2,
        "33232": 1,
        "58736": 1,
        "43690": 1,
        "57839": 1,
        "36339": 1,
        "33237": 1,
        "39525": 1,
        "6314": 1,
        "46063": 1,
        "36490": 1,
        "37537": 1,
        "500": 1,
        "58934": 1,
        "30235": 2,
        "36664": 1,
        "54449": 1,
        "44193": 1,
        "49908": 6,
        "35943": 1,
        "59590": 1,
        "39781": 1,
        "46441": 1,
        "55117": 1,
        "45258": 1,
        "55811": 1,
        "60647": 1,
        "30236": 2,
        "41993": 1,
        "40004": 1,
        "40407": 1,
        "57434": 1,
        "45110": 1,
        "45689": 1,
        "53657": 1,
        "41278": 1,
        "36516": 1,
        "6316": 1,
        "46607": 26,
        "59520": 1,
        "60685": 1,
        "37895": 1,
        "38416": 1,
        "55199": 1,
        "33302": 1,
        "30237": 2,
        "57483": 1,
        "56570": 1,
        "58195": 1,
        "36545": 1,
        "55851": 1,
        "52163": 1,
        "38899": 1,
        "46678": 1,
        "50883": 1,
        "53466": 1,
        "4388": 1,
        "55067": 1,
        "54509": 1,
        "48554": 1,
        "54492": 1,
        "36133": 1,
        "35704": 1,
        "57017": 1,
        "35343": 1,
        "30238": 2,
        "44529": 1,
        "51053": 1,
        "38202": 1,
        "48977": 1,
        "40672": 1,
        "42964": 1,
        "59999": 1,
        "40683": 1,
        "59127": 1,
        "49926": 1,
        "43311": 1,
        "37400": 1,
        "52210": 1,
        "49153": 1,
        "38390": 1,
        "6318": 1,
        "50849": 1,
        "39723": 1,
        "60426": 1,
        "52571": 1,
        "39087": 1,
        "51752": 1,
        "30239": 2,
        "8443": 2,
        "33919": 1,
        "43682": 1,
        "50946": 1,
        "44187": 1,
        "49666": 1,
        "52978": 1,
        "56978": 1,
        "45707": 1,
        "46174": 1,
        "53536": 1,
        "35857": 1,
        "53020": 1,
        "60299": 1,
        "37999": 1,
        "58441": 1,
        "58353": 1,
        "58100": 1,
        "30240": 2,
        "53139": 1,
        "55147": 1,
        "49144": 1,
        "39413": 1,
        "40074": 1,
        "55314": 1,
        "44079": 1,
        "54894": 1,
        "53513": 1,
        "34311": 1,
        "33386": 1,
        "59466": 1,
        "6320": 1,
        "45783": 1,
        "55371": 1,
        "52088": 1,
        "41951": 1,
        "54347": 1,
        "58743": 1,
        "30241": 2,
        "51803": 1,
        "49425": 1,
        "38049": 1,
        "34045": 1,
        "56371": 1,
        "41069": 1,
        "34229": 1
    },
    "domains": {
        "time.nist.gov": 60,
        "netcom.netatmo.net": 19,
        "www.samsungsmartcam.com": 4,
        "smtp.gmail.com": 6,
        "sip.invoxia.com": 9,
        "scalews.withings.net": 15,
        "pool.ntp.org": 30,
        "babyws.withings.net": 26,
        "connect.insteon.com": 12,
        "www.example.com": 24,
        "www.example.net": 24,
        "www.example.org": 24,
        "device-metrics-us.amazon.com": 5,
        "www.belkin.com": 5,
        "d3gjecg2uu2eaq.cloudfront.net": 5,
        "aps1-relay.tplinkcloud.com": 3,
        "apicom.netatmo.net": 1,
        "pindorama.amazon.com": 1,
        "api.pix-star.com": 2,
        "api.pix-star.com.lan": 1,
        "api.pix-star.com.#": 1,
        "api.pix-star.com.wlan0": 1,
        "api.evrythng.com": 1,
        "www.meethue.com": 1,
        "xbcs.net": 1,
        "tunnel.xbcs.net": 1,
        "uk.pool.ntp.org": 1,
        "devs.tplinkcloud.com": 2
    },
    "ciphers": {
        "[\"c030\", \"c02c\", \"c028\", \"c024\", \"c014\", \"c00a\", \"c022\", \"c021\", \"00a3\", \"009f\", \"006b\", \"006a\", \"0039\", \"0038\", \"c032\", \"c02e\", \"c02a\", \"c026\", \"c00f\", \"c005\", \"009d\", \"003d\", \"0035\", \"c012\", \"c008\", \"c01c\", \"c01b\", \"0016\", \"0013\", \"c00d\", \"c003\", \"000a\", \"c02f\", \"c02b\", \"c027\", \"c023\", \"c013\", \"c009\", \"c01f\", \"c01e\", \"00a2\", \"009e\", \"0067\", \"0040\", \"0033\", \"0032\", \"c031\", \"c02d\", \"c029\", \"c025\", \"c00e\", \"c004\", \"009c\", \"003c\", \"002f\", \"00ff\"]": 9,
        "[\"c014\", \"c00a\", \"0039\", \"0038\", \"0037\", \"0036\", \"0088\", \"0087\", \"0086\", \"0085\", \"c00f\", \"c005\", \"0035\", \"0084\", \"c013\", \"c009\", \"0033\", \"0032\", \"0031\", \"0030\", \"009a\", \"0099\", \"0098\", \"0097\", \"0045\", \"0044\", \"0043\", \"0042\", \"c00e\", \"c004\", \"002f\", \"0096\", \"0041\", \"0007\", \"c011\", \"c007\", \"c00c\", \"c002\", \"0005\", \"0004\", \"c012\", \"c008\", \"0016\", \"0013\", \"0010\", \"000d\", \"c00d\", \"c003\", \"000a\", \"0015\", \"0012\", \"000f\", \"000c\", \"0009\", \"00ff\"]": 4,
        "[\"c030\", \"c02c\", \"c028\", \"c024\", \"c014\", \"c00a\", \"00a5\", \"00a3\", \"00a1\", \"009f\", \"006b\", \"006a\", \"0069\", \"0068\", \"0039\", \"0038\", \"0037\", \"0036\", \"0088\", \"0087\", \"0086\", \"0085\", \"c032\", \"c02e\", \"c02a\", \"c026\", \"c00f\", \"c005\", \"009d\", \"003d\", \"0035\", \"0084\", \"c02f\", \"c02b\", \"c027\", \"c023\", \"c013\", \"c009\", \"00a4\", \"00a2\", \"00a0\", \"009e\", \"0067\", \"0040\", \"003f\", \"003e\", \"0033\", \"0032\", \"0031\", \"0030\", \"009a\", \"0099\", \"0098\", \"0097\", \"0045\", \"0044\", \"0043\", \"0042\", \"c031\", \"c02d\", \"c029\", \"c025\", \"c00e\", \"c004\", \"009c\", \"003c\", \"002f\", \"0096\", \"0041\", \"0007\", \"c011\", \"c007\", \"c00c\", \"c002\", \"0005\", \"0004\", \"c012\", \"c008\", \"0016\", \"0013\", \"0010\", \"000d\", \"c00d\", \"c003\", \"000a\", \"0015\", \"0012\", \"000f\", \"000c\", \"0009\", \"00ff\"]": 2,
        "[\"c030\", \"c02c\", \"c028\", \"c024\", \"c014\", \"c00a\", \"c022\", \"c021\", \"00a3\", \"009f\", \"006b\", \"006a\", \"0039\", \"0038\", \"0088\", \"0087\", \"c032\", \"c02e\", \"c02a\", \"c026\", \"c00f\", \"c005\", \"009d\", \"003d\", \"0035\", \"0084\", \"c012\", \"c008\", \"c01c\", \"c01b\", \"0016\", \"0013\", \"c00d\", \"c003\", \"000a\", \"c02f\", \"c02b\", \"c027\", \"c023\", \"c013\", \"c009\", \"c01f\", \"c01e\", \"00a2\", \"009e\", \"0067\", \"0040\", \"0033\", \"0032\", \"009a\", \"0099\", \"0045\", \"0044\", \"c031\", \"c02d\", \"c029\", \"c025\", \"c00e\", \"c004\", \"009c\", \"003c\", \"002f\", \"0096\", \"0041\", \"c011\", \"c007\", \"c00c\", \"c002\", \"0005\", \"0004\", \"0015\", \"0012\", \"0009\", \"0014\", \"0011\", \"0008\", \"0006\", \"0003\", \"00ff\"]": 1,
        "[\"c014\", \"c00a\", \"0039\", \"0038\", \"0088\", \"0087\", \"c00f\", \"c005\", \"0035\", \"0084\", \"c012\", \"c008\", \"0016\", \"0013\", \"c00d\", \"c003\", \"000a\", \"c013\", \"c009\", \"0033\", \"0032\", \"009a\", \"0099\", \"0045\", \"0044\", \"c00e\", \"c004\", \"002f\", \"0096\", \"0041\", \"0007\", \"c011\", \"c007\", \"c00c\", \"c002\", \"0005\", \"0004\", \"0015\", \"0012\", \"0009\", \"0014\", \"0011\", \"0008\", \"0006\", \"0003\", \"00ff\"]": 2,
        "[\"c014\", \"c00a\", \"0039\", \"0038\", \"0088\", \"0087\", \"c00f\", \"c005\", \"0035\", \"0084\", \"c013\", \"c009\", \"0033\", \"0032\", \"009a\", \"0099\", \"0045\", \"0044\", \"c00e\", \"c004\", \"002f\", \"0096\", \"0041\", \"0007\", \"c011\", \"c007\", \"c00c\", \"c002\", \"0005\", \"0004\", \"c012\", \"c008\", \"0016\", \"0013\", \"c00d\", \"c003\", \"000a\", \"0015\", \"0012\", \"0009\", \"0014\", \"0011\", \"0008\", \"0006\", \"0003\", \"00ff\"]": 1
    }
}