{
    "flow_volume": 100,
    "flow_duration": 10,
    "flow_rate": 6000000,
    "sleep_time": 10,
    "dns_interval": 10,
    "ntp_interval": 10,
    "ports": {
        "null": 379,
        "443": 334,
        "5222": 246,
        "60162": 48,
        "33434": 266,
        "4500": 175,
        "3088": 2,
        "58387": 69,
        "10001": 621,
        "56700": 60,
        "123": 142,
        "2179": 29,
        "50918": 56,
        "60782": 1,
        "50443": 74,
        "1935": 38,
        "5228": 12,
        "47940": 34,
        "3478": 38,
        "21372": 2,
        "8089": 4,
        "36686": 1,
        "44681": 1,
        "80": 86,
        "43773": 1,
        "49261": 1,
        "67": 13,
        "50346": 1,
        "60452": 1,
        "38157": 1,
        "30179": 2,
        "51824": 1,
        "48507": 1,
        "8090": 12,
        "60946": 1,
        "6260": 1,
        "60548": 1,
        "42269": 1,
        "68": 29,
        "37616": 7,
        "34406": 1,
        "58563": 1,
        "43944": 1,
        "58344": 1,
        "43147": 1,
        "59676": 1,
        "30180": 2,
        "40806": 1,
        "48002": 1,
        "50576": 1,
        "61886": 1,
        "28806": 1,
        "53883": 1,
        "51002": 1,
        "44651": 1,
        "43861": 1,
        "45855": 1,
        "39387": 1,
        "14614": 1,
        "38366": 1,
        "41622": 1,
        "57255": 1,
        "46696": 1,
        "59288": 1,
        "30181": 2,
        "47959": 1,
        "54447": 1,
        "25587": 5,
        "25050": 5,
        "42150": 1,
        "137": 3,
        "55666": 1,
        "6262": 1,
        "36803": 2,
        "47083": 1,
        "49009": 1,
        "60501": 1,
        "33884": 1,
        "44255": 1,
        "51509": 1,
        "47326": 1,
        "45141": 1,
        "48274": 1,
        "30182": 2,
        "57850": 1,
        "37055": 1,
        "37832": 1,
        "55763": 1,
        "40913": 1,
        "44155": 1,
        "17090": 2,
        "52274": 1,
        "54172": 1,
        "37851": 1,
        "37836": 1,
        "55847": 1,
        "30183": 2,
        "36452": 1,
        "49005": 1,
        "46015": 1,
        "53748": 1,
        "49908": 7,
        "59322": 1,
        "6264": 1,
        "56364": 1,
        "44098": 1,
        "45116": 1,
        "44393": 1,
        "59090": 1,
        "49605": 1,
        "44916": 1,
        "30184": 2,
        "4357": 1,
        "56063": 1,
        "56782": 1,
        "36109": 1,
        "42199": 1,
        "48756": 1,
        "35645": 1,
        "59727": 1,
        "42255": 1,
        "51743": 1,
        "52468": 1,
        "48674": 1,
        "30185": 2,
        "48283": 1,
        "48565": 1,
        "38752": 1,
        "6266": 1,
        "57598": 1,
        "59921": 1,
        "42280": 1,
        "35007": 1,
        "55659": 1,
        "53087": 1,
        "51794": 1,
        "38556": 1,
        "40226": 1,
        "55738": 1,
        "43069": 1,
        "30186": 2,
        "60737": 1,
        "32946": 1,
        "36765": 1,
        "55216": 1,
        "55032": 1,
        "43219": 1,
        "35218": 1,
        "53966": 1,
        "44555": 1,
        "58992": 1,
        "30187": 2,
        "59836": 1,
        "50447": 1,
        "48238": 1,
        "45870": 1,
        "41402": 1,
        "41919": 1,
        "39177": 1,
        "55895": 1,
        "51798": 1,
        "35633": 1,
        "465": 2,
        "46053": 1,
        "6268": 1,
        "51247": 1,
        "60421": 1,
        "37812": 1,
        "45500": 1,
        "43211": 1,
        "38896": 1,
        "52290": 1,
        "52374": 1,
        "30188": 2,
        "60325": 1,
        "37494": 1,
        "42825": 1,
        "57451": 1,
        "55954": 1,
        "50321": 1,
        "51431": 1,
        "45042": 1,
        "47912": 1,
        "42674": 1,
        "46551": 1,
        "60180": 1,
        "47114": 1,
        "42824": 1,
        "44486": 1,
        "50131": 1,
        "30189": 2,
        "46790": 1,
        "36167": 1,
        "53713": 1,
        "33182": 1,
        "43145": 1,
        "41715": 1,
        "40192": 1,
        "51204": 1,
        "47231": 1,
        "56057": 1,
        "36100": 1,
        "38088": 1,
        "58265": 1,
        "55063": 1,
        "33070": 1,
        "6270": 1,
        "57708": 1,
        "53521": 4,
        "42792": 1,
        "32842": 1,
        "48562": 1,
        "45040": 1,
        "30190": 2,
        "35567": 1,
        "48046": 1,
        "49551": 1,
        "4362": 1,
        "28046": 1,
        "47042": 1,
        "44164": 1,
        "33274": 1
    },
    "domains": {
        "www.belkin.com": 4,
        "d3gjecg2uu2eaq.cloudfront.net": 4,
        "time.nist.gov": 60,
        "www.example.com": 24,
        "www.example.net": 24,
        "www.example.org": 24,
        "aps1-relay.tplinkcloud.com": 4,
        "babyws.withings.net": 25,
        "pool.ntp.org": 30,
        "connect.insteon.com": 12,
        "device-metrics-us.amazon.com": 8,
        "sip.invoxia.com": 9,
        "apicom.netatmo.net": 2,
        "173.199.154.195.in-addr.arpa": 1,
        "scalews.withings.net": 7,
        "netcom.netatmo.net": 13,
        "api.pix-star.com": 2,
        "api.pix-star.com.lan": 1,
        "api.pix-star.com.#": 1,
        "api.pix-star.com.wlan0": 1,
        "www.samsungsmartcam.com": 2,
        "smtp.gmail.com": 4,
        "uk.pool.ntp.org": 1,
        "pindorama.amazon.com": 1,
        "www.meethue.com": 1
    },
    "ciphers": {
        "[\"c014\", \"c00a\", \"0039\", \"0038\", \"0037\", \"0036\", \"0088\", \"0087\", \"0086\", \"0085\", \"c00f\", \"c005\", \"0035\", \"0084\", \"c013\", \"c009\", \"0033\", \"0032\", \"0031\", \"0030\", \"009a\", \"0099\", \"0098\", \"0097\", \"0045\", \"0044\", \"0043\", \"0042\", \"c00e\", \"c004\", \"002f\", \"0096\", \"0041\", \"0007\", \"c011\", \"c007\", \"c00c\", \"c002\", \"0005\", \"0004\", \"c012\", \"c008\", \"0016\", \"0013\", \"0010\", \"000d\", \"c00d\", \"c003\", \"000a\", \"0015\", \"0012\", \"000f\", \"000c\", \"0009\", \"00ff\"]": 8,
        "[\"c030\", \"c02c\", \"c028\", \"c024\", \"c014\", \"c00a\", \"c022\", \"c021\", \"00a3\", \"009f\", \"006b\", \"006a\", \"0039\", \"0038\", \"c032\", \"c02e\", \"c02a\", \"c026\", \"c00f\", \"c005\", \"009d\", \"003d\", \"0035\", \"c012\", \"c008\", \"c01c\", \"c01b\", \"0016\", \"0013\", \"c00d\", \"c003\", \"000a\", \"c02f\", \"c02b\", \"c027\", \"c023\", \"c013\", \"c009\", \"c01f\", \"c01e\", \"00a2\", \"009e\", \"0067\", \"0040\", \"0033\", \"0032\", \"c031\", \"c02d\", \"c029\", \"c025\", \"c00e\", \"c004\", \"009c\", \"003c\", \"002f\", \"00ff\"]": 25,
        "[\"c030\", \"c02c\", \"c028\", \"c024\", \"c014\", \"c00a\", \"c022\", \"c021\", \"00a3\", \"009f\", \"006b\", \"006a\", \"0039\", \"0038\", \"0088\", \"0087\", \"c032\", \"c02e\", \"c02a\", \"c026\", \"c00f\", \"c005\", \"009d\", \"003d\", \"0035\", \"0084\", \"c012\", \"c008\", \"c01c\", \"c01b\", \"0016\", \"0013\", \"c00d\", \"c003\", \"000a\", \"c02f\", \"c02b\", \"c027\", \"c023\", \"c013\", \"c009\", \"c01f\", \"c01e\", \"00a2\", \"009e\", \"0067\", \"0040\", \"0033\", \"0032\", \"009a\", \"0099\", \"0045\", \"0044\", \"c031\", \"c02d\", \"c029\", \"c025\", \"c00e\", \"c004\", \"009c\", \"003c\", \"002f\", \"0096\", \"0041\", \"c011\", \"c007\", \"c00c\", \"c002\", \"0005\", \"0004\", \"0015\", \"0012\", \"0009\", \"0014\", \"0011\", \"0008\", \"0006\", \"0003\", \"00ff\"]": 1,
        "[\"c030\", \"c02c\", \"c028\", \"c024\", \"c014\", \"c00a\", \"00a5\", \"00a3\", \"00a1\", \"009f\", \"006b\", \"006a\", \"0069\", \"0068\", \"0039\", \"0038\", \"0037\", \"0036\", \"0088\", \"0087\", \"0086\", \"0085\", \"c032\", \"c02e\", \"c02a\", \"c026\", \"c00f\", \"c005\", \"009d\", \"003d\", \"0035\", \"0084\", \"c02f\", \"c02b\", \"c027\", \"c023\", \"c013\", \"c009\", \"00a4\", \"00a2\", \"00a0\", \"009e\", \"0067\", \"0040\", \"003f\", \"003e\", \"0033\", \"0032\", \"0031\", \"0030\", \"009a\", \"0099\", \"0098\", \"0097\", \"0045\", \"0044\", \"0043\", \"0042\", \"c031\", \"c02d\", \"c029\", \"c025\", \"c00e\", \"c004\", \"009c\", \"003c\", \"002f\", \"0096\", \"0041\", \"0007\", \"c011\", \"c007\", \"c00c\", \"c002\", \"0005\", \"0004\", \"c012\", \"c008\", \"0016\", \"0013\", \"0010\", \"000d\", \"c00d\", \"c003\", \"000a\", \"0015\", \"0012\", \"000f\", \"000c\", \"0009\", \"00ff\"]": 2
    }
}