{
    "flow_volume": 100,
    "flow_duration": 10,
    "flow_rate": 6000000,
    "sleep_time": 10,
    "dns_interval": 10,
    "ntp_interval": 10,
    "ports": {
        "null": 384,
        "50443": 80,
        "33434": 267,
        "443": 293,
        "1935": 47,
        "4500": 51,
        "5222": 248,
        "60127": 39,
        "56700": 60,
        "60162": 48,
        "56874": 1,
        "47940": 37,
        "10001": 625,
        "58387": 58,
        "53193": 1,
        "123": 152,
        "37616": 7,
        "5228": 12,
        "3478": 38,
        "20531": 2,
        "8089": 4,
        "51477": 1,
        "68": 33,
        "25587": 4,
        "25050": 4,
        "48942": 1,
        "80": 78,
        "60495": 1,
        "33890": 1,
        "67": 10,
        "54039": 1,
        "34266": 1,
        "30088": 2,
        "2179": 22,
        "59596": 1,
        "58978": 1,
        "8090": 12,
        "53517": 1,
        "44116": 1,
        "46853": 1,
        "6176": 1,
        "54204": 1,
        "34383": 1,
        "58056": 1,
        "44330": 1,
        "56579": 1,
        "45914": 1,
        "54353": 1,
        "4304": 1,
        "30089": 2,
        "43977": 1,
        "47356": 1,
        "137": 3,
        "35328": 1,
        "35029": 1,
        "3088": 2,
        "44365": 1,
        "48552": 1,
        "42855": 1,
        "36493": 1,
        "36474": 1,
        "35926": 1,
        "36858": 124,
        "30090": 2,
        "30091": 2,
        "47730": 1,
        "41776": 1,
        "51814": 1,
        "38303": 1,
        "47786": 1,
        "45541": 1,
        "40394": 1,
        "49378": 1,
        "6178": 1,
        "55677": 1,
        "41506": 1,
        "49223": 1,
        "42692": 1,
        "46414": 1,
        "36760": 1,
        "48157": 1,
        "49850": 1,
        "44843": 1,
        "30092": 2,
        "30093": 2,
        "40916": 1,
        "19605": 2,
        "35750": 1,
        "59651": 1,
        "35182": 1,
        "58002": 1,
        "43187": 1,
        "56408": 1,
        "34520": 1,
        "49830": 1,
        "37266": 1,
        "59425": 1,
        "40650": 1,
        "30094": 2,
        "33627": 1,
        "46748": 1,
        "36917": 1,
        "48525": 1,
        "6180": 1,
        "55708": 1,
        "52558": 1,
        "56560": 1,
        "34784": 1,
        "41177": 1,
        "38726": 1,
        "30095": 2,
        "34049": 1,
        "36947": 1,
        "53733": 1,
        "45096": 1,
        "52568": 1,
        "35181": 1,
        "60828": 1,
        "58700": 1,
        "38087": 1,
        "49161": 1,
        "50126": 1,
        "39977": 1,
        "52673": 1,
        "44538": 1,
        "43568": 1,
        "47345": 1,
        "36978": 1,
        "30096": 2,
        "42888": 1,
        "47595": 1,
        "60411": 2,
        "49828": 1,
        "47145": 1,
        "49908": 4,
        "42465": 1,
        "6182": 1,
        "45842": 1,
        "57275": 1,
        "59995": 1,
        "43514": 1,
        "57966": 1,
        "37963": 1,
        "47862": 1,
        "55769": 1,
        "30097": 2,
        "49153": 1,
        "47624": 1,
        "59585": 1,
        "32876": 1,
        "4311": 1,
        "60212": 1,
        "37684": 1,
        "42284": 1,
        "35633": 1,
        "45921": 1,
        "59235": 1,
        "35889": 20,
        "45139": 1,
        "28046": 1,
        "36605": 1,
        "35479": 1,
        "30098": 2,
        "33818": 1,
        "60515": 1,
        "58863": 1,
        "54229": 1,
        "60774": 1,
        "59695": 1,
        "37746": 1,
        "49537": 1,
        "36899": 1,
        "59621": 1,
        "6184": 1,
        "38332": 1,
        "51016": 1,
        "48796": 1,
        "30099": 2,
        "39082": 1,
        "42922": 1,
        "35584": 1,
        "60355": 1,
        "36765": 1,
        "39488": 1,
        "35987": 1,
        "41396": 1,
        "45998": 1,
        "47441": 1,
        "44171": 1,
        "51010": 1,
        "47745": 1,
        "36819": 1,
        "49027": 1,
        "44328": 1,
        "56756": 1,
        "30100": 2,
        "52496": 1,
        "47609": 1,
        "52520": 1,
        "57949": 1,
        "41984": 1,
        "54659": 1,
        "34519": 1,
        "35175": 1,
        "48338": 1,
        "46816": 1,
        "6186": 1,
        "54722": 1,
        "53693": 1,
        "18733": 1,
        "56808": 1,
        "34490": 1,
        "30101": 2,
        "39933": 1,
        "59694": 1,
        "58220": 1,
        "56788": 1,
        "39289": 1,
        "55709": 1
    },
    "domains": {
        "devs.tplinkcloud.com": 1,
        "time.nist.gov": 60,
        "sip.invoxia.com": 9,
        "netcom.netatmo.net": 10,
        "www.example.com": 26,
        "www.example.net": 26,
        "www.example.org": 26,
        "aps1-relay.tplinkcloud.com": 4,
        "pool.ntp.org": 36,
        "connect.insteon.com": 12,
        "device-metrics-us.amazon.com": 6,
        "babyws.withings.net": 12,
        "www.belkin.com": 4,
        "d3gjecg2uu2eaq.cloudfront.net": 4,
        "scalews.withings.net": 11,
        "softwareupdates.amazon.com": 1,
        "api.pix-star.com": 2,
        "api.pix-star.com.lan": 1,
        "api.pix-star.com.#": 1,
        "api.pix-star.com.wlan0": 1,
        "pindorama.amazon.com": 1,
        "www.meethue.com": 1,
        "uk.pool.ntp.org": 2,
        "apicom.netatmo.net": 2
    },
    "ciphers": {
        "[\"c014\", \"c00a\", \"0039\", \"0038\", \"0088\", \"0087\", \"c00f\", \"c005\", \"0035\", \"0084\", \"c013\", \"c009\", \"0033\", \"0032\", \"009a\", \"0099\", \"0045\", \"0044\", \"c00e\", \"c004\", \"002f\", \"0096\", \"0041\", \"0007\", \"c011\", \"c007\", \"c00c\", \"c002\", \"0005\", \"0004\", \"c012\", \"c008\", \"0016\", \"0013\", \"c00d\", \"c003\", \"000a\", \"0015\", \"0012\", \"0009\", \"0014\", \"0011\", \"0008\", \"0006\", \"0003\", \"00ff\"]": 1,
        "[\"c014\", \"c00a\", \"0039\", \"0038\", \"0037\", \"0036\", \"0088\", \"0087\", \"0086\", \"0085\", \"c00f\", \"c005\", \"0035\", \"0084\", \"c013\", \"c009\", \"0033\", \"0032\", \"0031\", \"0030\", \"009a\", \"0099\", \"0098\", \"0097\", \"0045\", \"0044\", \"0043\", \"0042\", \"c00e\", \"c004\", \"002f\", \"0096\", \"0041\", \"0007\", \"c011\", \"c007\", \"c00c\", \"c002\", \"0005\", \"0004\", \"c012\", \"c008\", \"0016\", \"0013\", \"0010\", \"000d\", \"c00d\", \"c003\", \"000a\", \"0015\", \"0012\", \"000f\", \"000c\", \"0009\", \"00ff\"]": 9,
        "[\"c030\", \"c02c\", \"c028\", \"c024\", \"c014\", \"c00a\", \"c022\", \"c021\", \"00a3\", \"009f\", \"006b\", \"006a\", \"0039\", \"0038\", \"c032\", \"c02e\", \"c02a\", \"c026\", \"c00f\", \"c005\", \"009d\", \"003d\", \"0035\", \"c012\", \"c008\", \"c01c\", \"c01b\", \"0016\", \"0013\", \"c00d\", \"c003\", \"000a\", \"c02f\", \"c02b\", \"c027\", \"c023\", \"c013\", \"c009\", \"c01f\", \"c01e\", \"00a2\", \"009e\", \"0067\", \"0040\", \"0033\", \"0032\", \"c031\", \"c02d\", \"c029\", \"c025\", \"c00e\", \"c004\", \"009c\", \"003c\", \"002f\", \"00ff\"]": 1,
        "[\"c030\", \"c02c\", \"c028\", \"c024\", \"c014\", \"c00a\", \"c022\", \"c021\", \"00a3\", \"009f\", \"006b\", \"006a\", \"0039\", \"0038\", \"0088\", \"0087\", \"c032\", \"c02e\", \"c02a\", \"c026\", \"c00f\", \"c005\", \"009d\", \"003d\", \"0035\", \"0084\", \"c012\", \"c008\", \"c01c\", \"c01b\", \"0016\", \"0013\", \"c00d\", \"c003\", \"000a\", \"c02f\", \"c02b\", \"c027\", \"c023\", \"c013\", \"c009\", \"c01f\", \"c01e\", \"00a2\", \"009e\", \"0067\", \"0040\", \"0033\", \"0032\", \"009a\", \"0099\", \"0045\", \"0044\", \"c031\", \"c02d\", \"c029\", \"c025\", \"c00e\", \"c004\", \"009c\", \"003c\", \"002f\", \"0096\", \"0041\", \"c011\", \"c007\", \"c00c\", \"c002\", \"0005\", \"0004\", \"0015\", \"0012\", \"0009\", \"0014\", \"0011\", \"0008\", \"0006\", \"0003\", \"00ff\"]": 1,
        "[\"c030\", \"c02c\", \"c028\", \"c024\", \"c014\", \"c00a\", \"00a5\", \"00a3\", \"00a1\", \"009f\", \"006b\", \"006a\", \"0069\", \"0068\", \"0039\", \"0038\", \"0037\", \"0036\", \"0088\", \"0087\", \"0086\", \"0085\", \"c032\", \"c02e\", \"c02a\", \"c026\", \"c00f\", \"c005\", \"009d\", \"003d\", \"0035\", \"0084\", \"c02f\", \"c02b\", \"c027\", \"c023\", \"c013\", \"c009\", \"00a4\", \"00a2\", \"00a0\", \"009e\", \"0067\", \"0040\", \"003f\", \"003e\", \"0033\", \"0032\", \"0031\", \"0030\", \"009a\", \"0099\", \"0098\", \"0097\", \"0045\", \"0044\", \"0043\", \"0042\", \"c031\", \"c02d\", \"c029\", \"c025\", \"c00e\", \"c004\", \"009c\", \"003c\", \"002f\", \"0096\", \"0041\", \"0007\", \"c011\", \"c007\", \"c00c\", \"c002\", \"0005\", \"0004\", \"c012\", \"c008\", \"0016\", \"0013\", \"0010\", \"000d\", \"c00d\", \"c003\", \"000a\", \"0015\", \"0012\", \"000f\", \"000c\", \"0009\", \"00ff\"]": 2
    }
}