{
    "flow_volume": 100,
    "flow_duration": 10,
    "flow_rate": 6000000,
    "sleep_time": 10,
    "dns_interval": 10,
    "ntp_interval": 10,
    "ports": {
        "null": 386,
        "5222": 248,
        "33434": 266,
        "36858": 161,
        "60162": 48,
        "443": 303,
        "56700": 60,
        "8090": 12,
        "123": 142,
        "10001": 633,
        "58387": 51,
        "50443": 78,
        "54295": 1,
        "80": 85,
        "46613": 1,
        "47940": 36,
        "45926": 28,
        "5228": 13,
        "1935": 53,
        "67": 16,
        "3478": 38,
        "29963": 1,
        "8089": 4,
        "55622": 1,
        "46830": 1,
        "35580": 1,
        "51608": 2,
        "39580": 1,
        "2179": 28,
        "30383": 2,
        "35764": 1,
        "52400": 1,
        "56845": 1,
        "68": 34,
        "34781": 1,
        "39314": 1,
        "59427": 1,
        "40436": 1,
        "32958": 1,
        "58760": 1,
        "6456": 1,
        "48942": 1,
        "35213": 1,
        "43217": 1,
        "33373": 1,
        "37616": 7,
        "36916": 1,
        "39679": 1,
        "137": 3,
        "54606": 1,
        "37366": 1,
        "49424": 1,
        "30384": 2,
        "42967": 1,
        "35837": 1,
        "32988": 1,
        "51648": 1,
        "44113": 1,
        "36816": 1,
        "53599": 1,
        "38111": 1,
        "50566": 1,
        "4462": 1,
        "25587": 4,
        "25050": 4,
        "4500": 12,
        "35776": 1,
        "3090": 2,
        "30385": 2,
        "33051": 1,
        "46311": 1,
        "56550": 1,
        "52222": 1,
        "56518": 1,
        "40390": 1,
        "6458": 1,
        "59770": 1,
        "43458": 1,
        "54165": 1,
        "49908": 4,
        "30386": 2,
        "46767": 1,
        "39573": 1,
        "41618": 1,
        "37554": 1,
        "57668": 1,
        "34735": 1,
        "52831": 1,
        "44143": 1,
        "35529": 1,
        "42437": 1,
        "35892": 1,
        "30387": 2,
        "46639": 1,
        "33459": 1,
        "33936": 1,
        "47869": 1,
        "35916": 1,
        "35396": 1,
        "49319": 1,
        "6460": 1,
        "50820": 1,
        "32522": 2,
        "40827": 1,
        "55495": 1,
        "55159": 1,
        "44746": 1,
        "42211": 1,
        "41547": 1,
        "38501": 32,
        "30388": 2,
        "33298": 1,
        "46909": 1,
        "52595": 1,
        "59325": 1,
        "42653": 1,
        "31156": 1,
        "45792": 1,
        "36798": 1,
        "58618": 1,
        "40920": 1,
        "36987": 1,
        "30389": 2,
        "30390": 2,
        "51395": 1,
        "37301": 1,
        "46632": 1,
        "55383": 1,
        "48964": 1,
        "42938": 1,
        "6462": 1,
        "53820": 1,
        "33054": 1,
        "53426": 1,
        "56982": 1,
        "52493": 1,
        "37946": 1,
        "35579": 1,
        "52947": 1,
        "30391": 2,
        "39684": 1,
        "33235": 1,
        "47037": 1,
        "28046": 1,
        "44514": 1,
        "44827": 1,
        "53131": 1,
        "34168": 1,
        "55586": 1,
        "48348": 1,
        "54302": 1,
        "33911": 1,
        "50112": 1,
        "55478": 1,
        "30392": 2,
        "30393": 2,
        "4463": 1,
        "57097": 1,
        "46559": 1,
        "48436": 1,
        "58296": 1,
        "50278": 1,
        "32839": 1,
        "48443": 1,
        "59379": 1,
        "52019": 1,
        "49844": 1,
        "49153": 1,
        "6464": 1,
        "57158": 1,
        "60443": 1,
        "52867": 1,
        "48750": 1,
        "41753": 1,
        "50583": 1,
        "34033": 1,
        "30394": 2,
        "52558": 1,
        "48211": 1,
        "56522": 1,
        "26715": 1,
        "32960": 1,
        "7275": 1,
        "20329": 1,
        "13654": 1,
        "11525": 1,
        "22170": 1,
        "3885": 1,
        "1084": 1,
        "35426": 1,
        "12042": 1,
        "33394": 1,
        "19209": 1,
        "3388": 1,
        "8563": 1,
        "1753": 1,
        "19779": 1,
        "16570": 1,
        "49829": 1,
        "33750": 1,
        "27969": 1,
        "45487": 1,
        "1486": 1,
        "59745": 1,
        "45630": 1,
        "54810": 1,
        "43293": 1,
        "38006": 1,
        "37234": 1,
        "36944": 1,
        "58726": 1,
        "41265": 1,
        "58106": 1,
        "38555": 1,
        "45640": 1,
        "35116": 1,
        "30395": 2,
        "52515": 1,
        "39846": 1,
        "50365": 1,
        "40323": 1,
        "50273": 1,
        "36468": 1,
        "6466": 1,
        "39019": 1,
        "6468": 1,
        "47743": 1,
        "35485": 1,
        "38047": 1,
        "52527": 2,
        "45730": 1,
        "52176": 1,
        "32889": 1,
        "49542": 1,
        "36077": 1,
        "60209": 1,
        "56649": 1,
        "18251": 1,
        "44571": 1,
        "35433": 1,
        "33098": 1,
        "43104": 1,
        "30396": 2,
        "44496": 1,
        "43011": 1,
        "39999": 1,
        "34161": 1
    },
    "domains": {
        "babyws.withings.net": 15,
        "time.nist.gov": 60,
        "scalews.withings.net": 15,
        "pool.ntp.org": 35,
        "aps1-relay.tplinkcloud.com": 4,
        "connect.insteon.com": 12,
        "www.example.com": 24,
        "www.example.net": 24,
        "www.example.org": 24,
        "device-metrics-us.amazon.com": 5,
        "sip.invoxia.com": 8,
        "devs.tplinkcloud.com": 1,
        "www.belkin.com": 4,
        "d3gjecg2uu2eaq.cloudfront.net": 4,
        "netcom.netatmo.net": 12,
        "pindorama.amazon.com": 1,
        "www.meethue.com": 1,
        "api.pix-star.com": 2,
        "api.pix-star.com.lan": 1,
        "api.pix-star.com.#": 1,
        "api.pix-star.com.wlan0": 2,
        "api.evrythng.com": 2,
        "connectivitycheck.gstatic.com": 2,
        "resolver.msg.xiaomi.net": 1,
        "BCMLS2.glpals.com": 1,
        "mobile.pipe.aria.microsoft.com": 2,
        "mtalk.google.com": 1,
        "android.clients.google.com": 1,
        "www.googleapis.com": 1,
        "api.samsungosp.com": 1,
        "apps.skype.com": 1,
        "az361816.vo.msecnd.net": 1,
        "a.config.skype.com": 2,
        "snowplow.canary.is": 1,
        "device-api.urbanairship.com": 1,
        "uk.pool.ntp.org": 1,
        "clients3.google.com": 1,
        "apicom.netatmo.net": 2,
        "imap.gmail.com": 1
    },
    "ciphers": {
        "[\"c014\", \"c00a\", \"0039\", \"0038\", \"0037\", \"0036\", \"0088\", \"0087\", \"0086\", \"0085\", \"c00f\", \"c005\", \"0035\", \"0084\", \"c013\", \"c009\", \"0033\", \"0032\", \"0031\", \"0030\", \"009a\", \"0099\", \"0098\", \"0097\", \"0045\", \"0044\", \"0043\", \"0042\", \"c00e\", \"c004\", \"002f\", \"0096\", \"0041\", \"0007\", \"c011\", \"c007\", \"c00c\", \"c002\", \"0005\", \"0004\", \"c012\", \"c008\", \"0016\", \"0013\", \"0010\", \"000d\", \"c00d\", \"c003\", \"000a\", \"0015\", \"0012\", \"000f\", \"000c\", \"0009\", \"00ff\"]": 4,
        "[\"c014\", \"c00a\", \"0039\", \"0038\", \"0088\", \"0087\", \"c00f\", \"c005\", \"0035\", \"0084\", \"c013\", \"c009\", \"0033\", \"0032\", \"009a\", \"0099\", \"0045\", \"0044\", \"c00e\", \"c004\", \"002f\", \"0096\", \"0041\", \"0007\", \"c011\", \"c007\", \"c00c\", \"c002\", \"0005\", \"0004\", \"c012\", \"c008\", \"0016\", \"0013\", \"c00d\", \"c003\", \"000a\", \"0015\", \"0012\", \"0009\", \"0014\", \"0011\", \"0008\", \"0006\", \"0003\", \"00ff\"]": 1,
        "[\"c030\", \"c02c\", \"c028\", \"c024\", \"c014\", \"c00a\", \"c022\", \"c021\", \"00a3\", \"009f\", \"006b\", \"006a\", \"0039\", \"0038\", \"c032\", \"c02e\", \"c02a\", \"c026\", \"c00f\", \"c005\", \"009d\", \"003d\", \"0035\", \"c012\", \"c008\", \"c01c\", \"c01b\", \"0016\", \"0013\", \"c00d\", \"c003\", \"000a\", \"c02f\", \"c02b\", \"c027\", \"c023\", \"c013\", \"c009\", \"c01f\", \"c01e\", \"00a2\", \"009e\", \"0067\", \"0040\", \"0033\", \"0032\", \"c031\", \"c02d\", \"c029\", \"c025\", \"c00e\", \"c004\", \"009c\", \"003c\", \"002f\", \"00ff\"]": 1,
        "[\"c030\", \"c02c\", \"c028\", \"c024\", \"c014\", \"c00a\", \"00a5\", \"00a3\", \"00a1\", \"009f\", \"006b\", \"006a\", \"0069\", \"0068\", \"0039\", \"0038\", \"0037\", \"0036\", \"0088\", \"0087\", \"0086\", \"0085\", \"c032\", \"c02e\", \"c02a\", \"c026\", \"c00f\", \"c005\", \"009d\", \"003d\", \"0035\", \"0084\", \"c02f\", \"c02b\", \"c027\", \"c023\", \"c013\", \"c009\", \"00a4\", \"00a2\", \"00a0\", \"009e\", \"0067\", \"0040\", \"003f\", \"003e\", \"0033\", \"0032\", \"0031\", \"0030\", \"009a\", \"0099\", \"0098\", \"0097\", \"0045\", \"0044\", \"0043\", \"0042\", \"c031\", \"c02d\", \"c029\", \"c025\", \"c00e\", \"c004\", \"009c\", \"003c\", \"002f\", \"0096\", \"0041\", \"0007\", \"c011\", \"c007\", \"c00c\", \"c002\", \"0005\", \"0004\", \"c012\", \"c008\", \"0016\", \"0013\", \"0010\", \"000d\", \"c00d\", \"c003\", \"000a\", \"0015\", \"0012\", \"000f\", \"000c\", \"0009\", \"00ff\"]": 2,
        "[\"c030\", \"c02c\", \"c028\", \"c024\", \"c014\", \"c00a\", \"c022\", \"c021\", \"00a3\", \"009f\", \"006b\", \"006a\", \"0039\", \"0038\", \"0088\", \"0087\", \"c032\", \"c02e\", \"c02a\", \"c026\", \"c00f\", \"c005\", \"009d\", \"003d\", \"0035\", \"0084\", \"c012\", \"c008\", \"c01c\", \"c01b\", \"0016\", \"0013\", \"c00d\", \"c003\", \"000a\", \"c02f\", \"c02b\", \"c027\", \"c023\", \"c013\", \"c009\", \"c01f\", \"c01e\", \"00a2\", \"009e\", \"0067\", \"0040\", \"0033\", \"0032\", \"009a\", \"0099\", \"0045\", \"0044\", \"c031\", \"c02d\", \"c029\", \"c025\", \"c00e\", \"c004\", \"009c\", \"003c\", \"002f\", \"0096\", \"0041\", \"c011\", \"c007\", \"c00c\", \"c002\", \"0005\", \"0004\", \"0015\", \"0012\", \"0009\", \"0014\", \"0011\", \"0008\", \"0006\", \"0003\", \"00ff\"]": 1,
        "[\"c030\", \"c02c\", \"c028\", \"c024\", \"c014\", \"c00a\", \"c032\", \"c02e\", \"c02a\", \"c026\", \"c00f\", \"c005\", \"009d\", \"003d\", \"0035\", \"c02f\", \"c02b\", \"c027\", \"c023\", \"c013\", \"c009\", \"c031\", \"c02d\", \"c029\", \"c025\", \"c00e\", \"c004\", \"009c\", \"003c\", \"002f\", \"c012\", \"c008\", \"c00d\", \"c003\", \"000a\", \"00ff\"]": 3,
        "[\"cca9\", \"cc14\", \"c02b\", \"c02c\", \"cca8\", \"cc13\", \"c02f\", \"c030\", \"009e\", \"009f\", \"c009\", \"c00a\", \"c013\", \"c014\", \"0033\", \"0039\", \"009c\", \"009d\", \"002f\", \"0035\"]": 3,
        "[\"c02b\", \"c02c\", \"c02f\", \"c030\", \"009e\", \"009f\", \"c009\", \"c00a\", \"c013\", \"c014\", \"0033\", \"0039\", \"c007\", \"c011\", \"009c\", \"009d\", \"002f\", \"0035\", \"0005\", \"00ff\"]": 6,
        "[\"c02b\", \"c02f\", \"009e\", \"c00a\", \"c009\", \"c013\", \"c014\", \"0033\", \"0039\", \"009c\", \"002f\", \"0035\", \"00ff\"]": 1
    }
}