{
    "flow_volume": 100,
    "flow_duration": 10,
    "flow_rate": 6000000,
    "sleep_time": 10,
    "dns_interval": 10,
    "ntp_interval": 10,
    "ports": {
        "33434": 267,
        "null": 392,
        "68": 30,
        "4500": 81,
        "5222": 247,
        "10001": 628,
        "55792": 1,
        "80": 76,
        "47925": 1,
        "33412": 1,
        "443": 294,
        "1935": 50,
        "57128": 52,
        "56700": 60,
        "4436": 1,
        "50443": 79,
        "60162": 40,
        "58729": 1,
        "123": 143,
        "37616": 7,
        "5228": 23,
        "3478": 40,
        "48341": 1,
        "3090": 2,
        "47940": 37,
        "58387": 54,
        "29963": 2,
        "8089": 4,
        "58606": 1,
        "49908": 7,
        "38602": 1,
        "58101": 1,
        "30333": 2,
        "137": 3,
        "58168": 1,
        "44875": 1,
        "49480": 1,
        "39122": 1,
        "8090": 11,
        "51225": 1,
        "6406": 1,
        "48672": 1,
        "49226": 1,
        "56443": 1,
        "56894": 1,
        "56085": 1,
        "49853": 1,
        "51796": 1,
        "2179": 19,
        "67": 11,
        "43749": 1,
        "30334": 2,
        "53663": 1,
        "60606": 1,
        "52690": 1,
        "38511": 1,
        "45943": 1,
        "45874": 1,
        "40538": 1,
        "36563": 1,
        "34991": 1,
        "25587": 4,
        "25050": 4,
        "41310": 1,
        "30335": 2,
        "45696": 1,
        "38766": 1,
        "41739": 1,
        "40226": 1,
        "6408": 1,
        "50430": 1,
        "33821": 1,
        "55994": 1,
        "49002": 1,
        "44226": 1,
        "36858": 94,
        "51965": 1,
        "50936": 1,
        "53661": 1,
        "52587": 1,
        "30336": 2,
        "48391": 1,
        "44787": 1,
        "36018": 1,
        "39371": 1,
        "40074": 1,
        "35225": 1,
        "40807": 1,
        "55454": 1,
        "38231": 1,
        "40820": 1,
        "54500": 1,
        "43855": 1,
        "59098": 1,
        "46890": 1,
        "53912": 1,
        "58486": 1,
        "30337": 2,
        "54815": 1,
        "60572": 1,
        "41583": 1,
        "57622": 1,
        "17090": 2,
        "6410": 1,
        "48213": 1,
        "38889": 1,
        "37748": 1,
        "50264": 1,
        "47518": 1,
        "46919": 1,
        "30338": 2,
        "47538": 1,
        "42609": 1,
        "52832": 1,
        "37392": 1,
        "39670": 1,
        "46866": 1,
        "49322": 1,
        "55455": 1,
        "60120": 1,
        "35715": 1,
        "4437": 1,
        "48707": 1,
        "30339": 2,
        "48915": 1,
        "59650": 1,
        "48901": 1,
        "6412": 1,
        "56335": 1,
        "57752": 1,
        "52030": 1,
        "43073": 1,
        "60878": 1,
        "58330": 1,
        "41801": 1,
        "42421": 1,
        "30340": 2,
        "37810": 1,
        "43930": 1,
        "35359": 1,
        "33066": 1,
        "40890": 1,
        "51152": 1,
        "40399": 1,
        "50840": 1,
        "39780": 1,
        "46170": 1,
        "56527": 1,
        "30341": 2,
        "53977": 1,
        "52329": 1,
        "34376": 1,
        "56091": 1,
        "57588": 1,
        "39666": 1,
        "51468": 1,
        "34492": 1,
        "6414": 1,
        "44548": 1,
        "44729": 1,
        "39152": 1,
        "60436": 1,
        "59888": 1,
        "35126": 1,
        "51574": 1,
        "30342": 2,
        "40143": 1,
        "41847": 1,
        "34139": 1,
        "48698": 1,
        "52873": 1,
        "45205": 1,
        "52718": 1,
        "48543": 1,
        "57856": 1,
        "44066": 1,
        "54853": 1,
        "43299": 1,
        "35159": 1,
        "42168": 1,
        "50725": 1,
        "54047": 1,
        "59677": 8,
        "41003": 1,
        "30343": 2,
        "46899": 1,
        "28046": 1,
        "54387": 1,
        "50828": 1,
        "58219": 1,
        "40245": 1,
        "57311": 1,
        "53361": 1,
        "6416": 1,
        "48208": 1,
        "40821": 1,
        "39958": 1,
        "39417": 1,
        "58082": 1,
        "49787": 1,
        "37366": 1,
        "30344": 2,
        "52687": 1,
        "54594": 1,
        "35929": 1,
        "59587": 1
    },
    "domains": {
        "www.example.com": 26,
        "www.example.net": 26,
        "www.example.org": 26,
        "www.belkin.com": 4,
        "d3gjecg2uu2eaq.cloudfront.net": 4,
        "time.nist.gov": 60,
        "sip.invoxia.com": 9,
        "babyws.withings.net": 15,
        "devs.tplinkcloud.com": 1,
        "pool.ntp.org": 30,
        "connect.insteon.com": 12,
        "scalews.withings.net": 7,
        "device-metrics-us.amazon.com": 4,
        "netcom.netatmo.net": 12,
        "aps1-relay.tplinkcloud.com": 3,
        "apicom.netatmo.net": 1,
        "api.pix-star.com": 2,
        "api.pix-star.com.lan": 1,
        "api.pix-star.com.#": 1,
        "api.pix-star.com.wlan0": 1,
        "uk.pool.ntp.org": 1,
        "pindorama.amazon.com": 1,
        "www.meethue.com": 1
    },
    "ciphers": {
        "[\"c014\", \"c00a\", \"0039\", \"0038\", \"0088\", \"0087\", \"c00f\", \"c005\", \"0035\", \"0084\", \"c013\", \"c009\", \"0033\", \"0032\", \"009a\", \"0099\", \"0045\", \"0044\", \"c00e\", \"c004\", \"002f\", \"0096\", \"0041\", \"0007\", \"c011\", \"c007\", \"c00c\", \"c002\", \"0005\", \"0004\", \"c012\", \"c008\", \"0016\", \"0013\", \"c00d\", \"c003\", \"000a\", \"0015\", \"0012\", \"0009\", \"0014\", \"0011\", \"0008\", \"0006\", \"0003\", \"00ff\"]": 1,
        "[\"c014\", \"c00a\", \"0039\", \"0038\", \"0037\", \"0036\", \"0088\", \"0087\", \"0086\", \"0085\", \"c00f\", \"c005\", \"0035\", \"0084\", \"c013\", \"c009\", \"0033\", \"0032\", \"0031\", \"0030\", \"009a\", \"0099\", \"0098\", \"0097\", \"0045\", \"0044\", \"0043\", \"0042\", \"c00e\", \"c004\", \"002f\", \"0096\", \"0041\", \"0007\", \"c011\", \"c007\", \"c00c\", \"c002\", \"0005\", \"0004\", \"c012\", \"c008\", \"0016\", \"0013\", \"0010\", \"000d\", \"c00d\", \"c003\", \"000a\", \"0015\", \"0012\", \"000f\", \"000c\", \"0009\", \"00ff\"]": 6,
        "[\"c030\", \"c02c\", \"c028\", \"c024\", \"c014\", \"c00a\", \"c022\", \"c021\", \"00a3\", \"009f\", \"006b\", \"006a\", \"0039\", \"0038\", \"0088\", \"0087\", \"c032\", \"c02e\", \"c02a\", \"c026\", \"c00f\", \"c005\", \"009d\", \"003d\", \"0035\", \"0084\", \"c012\", \"c008\", \"c01c\", \"c01b\", \"0016\", \"0013\", \"c00d\", \"c003\", \"000a\", \"c02f\", \"c02b\", \"c027\", \"c023\", \"c013\", \"c009\", \"c01f\", \"c01e\", \"00a2\", \"009e\", \"0067\", \"0040\", \"0033\", \"0032\", \"009a\", \"0099\", \"0045\", \"0044\", \"c031\", \"c02d\", \"c029\", \"c025\", \"c00e\", \"c004\", \"009c\", \"003c\", \"002f\", \"0096\", \"0041\", \"c011\", \"c007\", \"c00c\", \"c002\", \"0005\", \"0004\", \"0015\", \"0012\", \"0009\", \"0014\", \"0011\", \"0008\", \"0006\", \"0003\", \"00ff\"]": 1,
        "[\"c030\", \"c02c\", \"c028\", \"c024\", \"c014\", \"c00a\", \"c022\", \"c021\", \"00a3\", \"009f\", \"006b\", \"006a\", \"0039\", \"0038\", \"c032\", \"c02e\", \"c02a\", \"c026\", \"c00f\", \"c005\", \"009d\", \"003d\", \"0035\", \"c012\", \"c008\", \"c01c\", \"c01b\", \"0016\", \"0013\", \"c00d\", \"c003\", \"000a\", \"c02f\", \"c02b\", \"c027\", \"c023\", \"c013\", \"c009\", \"c01f\", \"c01e\", \"00a2\", \"009e\", \"0067\", \"0040\", \"0033\", \"0032\", \"c031\", \"c02d\", \"c029\", \"c025\", \"c00e\", \"c004\", \"009c\", \"003c\", \"002f\", \"00ff\"]": 1,
        "[\"c030\", \"c02c\", \"c028\", \"c024\", \"c014\", \"c00a\", \"00a5\", \"00a3\", \"00a1\", \"009f\", \"006b\", \"006a\", \"0069\", \"0068\", \"0039\", \"0038\", \"0037\", \"0036\", \"0088\", \"0087\", \"0086\", \"0085\", \"c032\", \"c02e\", \"c02a\", \"c026\", \"c00f\", \"c005\", \"009d\", \"003d\", \"0035\", \"0084\", \"c02f\", \"c02b\", \"c027\", \"c023\", \"c013\", \"c009\", \"00a4\", \"00a2\", \"00a0\", \"009e\", \"0067\", \"0040\", \"003f\", \"003e\", \"0033\", \"0032\", \"0031\", \"0030\", \"009a\", \"0099\", \"0098\", \"0097\", \"0045\", \"0044\", \"0043\", \"0042\", \"c031\", \"c02d\", \"c029\", \"c025\", \"c00e\", \"c004\", \"009c\", \"003c\", \"002f\", \"0096\", \"0041\", \"0007\", \"c011\", \"c007\", \"c00c\", \"c002\", \"0005\", \"0004\", \"c012\", \"c008\", \"0016\", \"0013\", \"0010\", \"000d\", \"c00d\", \"c003\", \"000a\", \"0015\", \"0012\", \"000f\", \"000c\", \"0009\", \"00ff\"]": 2
    }
}