{
    "flow_volume": 100,
    "flow_duration": 10,
    "flow_rate": 6000000,
    "sleep_time": 10,
    "dns_interval": 10,
    "ntp_interval": 10,
    "ports": {
        "null": 397,
        "443": 333,
        "5222": 250,
        "60162": 48,
        "33434": 266,
        "56700": 60,
        "36858": 156,
        "10001": 621,
        "123": 158,
        "58387": 62,
        "58129": 1,
        "35889": 53,
        "50443": 79,
        "5228": 43,
        "68": 31,
        "3478": 39,
        "25587": 5,
        "25050": 5,
        "21372": 2,
        "8089": 4,
        "67": 14,
        "60811": 1,
        "1935": 42,
        "47940": 36,
        "58672": 1,
        "43526": 1,
        "80": 95,
        "30102": 2,
        "43179": 1,
        "2179": 16,
        "49942": 1,
        "8090": 12,
        "4500": 24,
        "34082": 1,
        "37460": 1,
        "34869": 1,
        "57016": 1,
        "53302": 1,
        "45576": 1,
        "47804": 1,
        "37616": 7,
        "6188": 1,
        "48998": 1,
        "37565": 1,
        "35258": 1,
        "45834": 1,
        "30103": 2,
        "41408": 1,
        "54474": 1,
        "58073": 1,
        "39491": 1,
        "56920": 1,
        "46863": 1,
        "137": 3,
        "4315": 1,
        "48939": 1,
        "58823": 1,
        "57223": 1,
        "30104": 2,
        "30105": 2,
        "57557": 1,
        "37952": 1,
        "50901": 1,
        "55627": 1,
        "3088": 2,
        "46269": 1,
        "47281": 1,
        "57855": 1,
        "41096": 1,
        "58145": 1,
        "57011": 1,
        "6190": 1,
        "44418": 1,
        "48438": 1,
        "59355": 1,
        "30106": 2,
        "53978": 1,
        "40921": 1,
        "19605": 2,
        "59717": 1,
        "33404": 1,
        "54822": 1,
        "33818": 1,
        "40203": 1,
        "43510": 1,
        "54554": 1,
        "54817": 1,
        "37137": 1,
        "36190": 1,
        "44085": 1,
        "60554": 1,
        "38707": 1,
        "50419": 1,
        "60412": 1,
        "53516": 1,
        "46401": 1,
        "30107": 2,
        "47857": 1,
        "40677": 1,
        "38796": 1,
        "53248": 1,
        "53016": 1,
        "52460": 1,
        "44261": 1,
        "6192": 1,
        "33499": 1,
        "47731": 1,
        "33897": 1,
        "30108": 2,
        "47251": 1,
        "41125": 1,
        "54939": 1,
        "60129": 1,
        "48471": 1,
        "50129": 1,
        "59942": 1,
        "51579": 1,
        "54377": 1,
        "30109": 2,
        "58596": 1,
        "55778": 1,
        "50824": 1,
        "45684": 1,
        "53926": 1,
        "43548": 1,
        "38067": 1,
        "42321": 1,
        "6194": 1,
        "54906": 1,
        "44263": 1,
        "43024": 1,
        "44593": 1,
        "53814": 1,
        "60399": 1,
        "46226": 1,
        "30110": 2,
        "59437": 1,
        "48239": 1,
        "52009": 1,
        "41960": 1,
        "41727": 1,
        "58223": 1,
        "37221": 1,
        "44831": 1,
        "7275": 1,
        "26664": 1,
        "29348": 1,
        "10950": 1,
        "23147": 1,
        "2423": 1,
        "17541": 1,
        "17332": 1,
        "22798": 1,
        "30114": 3,
        "2079": 1,
        "30006": 1,
        "12709": 1,
        "19195": 1,
        "23124": 1,
        "26747": 1,
        "47660": 1,
        "57394": 3,
        "23986": 1,
        "43471": 1,
        "33761": 1,
        "48977": 1,
        "41792": 1,
        "42928": 1,
        "41838": 11,
        "4319": 1,
        "45279": 1,
        "57427": 1,
        "44154": 1,
        "51220": 1,
        "40898": 1,
        "30111": 2,
        "49087": 1,
        "46839": 1,
        "40075": 1,
        "52315": 1,
        "34990": 1,
        "52190": 1,
        "51748": 1,
        "49166": 3,
        "40499": 1,
        "6196": 1,
        "60291": 1,
        "52815": 1,
        "49908": 3,
        "55258": 1,
        "30112": 2,
        "58222": 1,
        "41063": 1,
        "38897": 1,
        "49621": 1,
        "55720": 1,
        "65248": 1,
        "39086": 1,
        "55313": 1,
        "38289": 1,
        "40809": 1,
        "53729": 1,
        "55841": 1,
        "57198": 1,
        "48113": 1,
        "43872": 1,
        "45487": 1,
        "44617": 1,
        "37282": 1,
        "56987": 1,
        "44467": 1,
        "54378": 1,
        "48184": 1,
        "33016": 1,
        "56661": 1,
        "44634": 1,
        "41256": 1,
        "55688": 1,
        "1553": 1,
        "38281": 1,
        "58866": 1,
        "60337": 1,
        "30113": 2,
        "50690": 1,
        "41920": 1,
        "58712": 1,
        "43262": 1,
        "45761": 1,
        "50174": 1,
        "31678": 1,
        "993": 1,
        "34670": 1,
        "58612": 1,
        "51164": 1,
        "55476": 1,
        "50115": 1,
        "52191": 1,
        "33530": 6,
        "53050": 1,
        "6198": 1,
        "54946": 1,
        "57276": 1,
        "56234": 1,
        "56772": 1,
        "34424": 1,
        "57334": 1,
        "57025": 1,
        "46207": 1,
        "58130": 1,
        "44458": 1,
        "60238": 1
    },
    "domains": {
        "time.nist.gov": 60,
        "netcom.netatmo.net": 12,
        "aps1-relay.tplinkcloud.com": 4,
        "pool.ntp.org": 32,
        "connect.insteon.com": 12,
        "www.example.com": 24,
        "www.example.net": 24,
        "www.example.org": 24,
        "device-metrics-us.amazon.com": 6,
        "sip.invoxia.com": 12,
        "babyws.withings.net": 15,
        "www.belkin.com": 4,
        "d3gjecg2uu2eaq.cloudfront.net": 4,
        "api.pix-star.com": 2,
        "api.pix-star.com.lan": 1,
        "api.pix-star.com.#": 1,
        "api.pix-star.com.wlan0": 1,
        "scalews.withings.net": 10,
        "resolver.msg.xiaomi.net": 1,
        "connectivitycheck.gstatic.com": 2,
        "BCMLS2.glpals.com": 1,
        "mtalk.google.com": 1,
        "mobile.pipe.aria.microsoft.com": 4,
        "api.samsungosp.com": 1,
        "b.config.skype.com": 2,
        "apps.skype.com": 1,
        "az361816.vo.msecnd.net": 1,
        "ws.invoxia.io": 1,
        "clients3.google.com": 1,
        "devs.tplinkcloud.com": 2,
        "uk.pool.ntp.org": 2,
        "august.com": 1,
        "fb.com": 1,
        "color.lifx.com": 1,
        "mitm.it": 1,
        "www.facebook.com": 1,
        "static.xx.fbcdn.net": 1,
        "inst.platform.bing.com": 1,
        "pindorama.amazon.com": 1,
        "imap.gmail.com": 1,
        "play.googleapis.com": 1
    },
    "ciphers": {
        "[\"c014\", \"c00a\", \"0039\", \"0038\", \"0037\", \"0036\", \"0088\", \"0087\", \"0086\", \"0085\", \"c00f\", \"c005\", \"0035\", \"0084\", \"c013\", \"c009\", \"0033\", \"0032\", \"0031\", \"0030\", \"009a\", \"0099\", \"0098\", \"0097\", \"0045\", \"0044\", \"0043\", \"0042\", \"c00e\", \"c004\", \"002f\", \"0096\", \"0041\", \"0007\", \"c011\", \"c007\", \"c00c\", \"c002\", \"0005\", \"0004\", \"c012\", \"c008\", \"0016\", \"0013\", \"0010\", \"000d\", \"c00d\", \"c003\", \"000a\", \"0015\", \"0012\", \"000f\", \"000c\", \"0009\", \"00ff\"]": 7,
        "[\"c030\", \"c02c\", \"c028\", \"c024\", \"c014\", \"c00a\", \"c022\", \"c021\", \"00a3\", \"009f\", \"006b\", \"006a\", \"0039\", \"0038\", \"0088\", \"0087\", \"c032\", \"c02e\", \"c02a\", \"c026\", \"c00f\", \"c005\", \"009d\", \"003d\", \"0035\", \"0084\", \"c012\", \"c008\", \"c01c\", \"c01b\", \"0016\", \"0013\", \"c00d\", \"c003\", \"000a\", \"c02f\", \"c02b\", \"c027\", \"c023\", \"c013\", \"c009\", \"c01f\", \"c01e\", \"00a2\", \"009e\", \"0067\", \"0040\", \"0033\", \"0032\", \"009a\", \"0099\", \"0045\", \"0044\", \"c031\", \"c02d\", \"c029\", \"c025\", \"c00e\", \"c004\", \"009c\", \"003c\", \"002f\", \"0096\", \"0041\", \"c011\", \"c007\", \"c00c\", \"c002\", \"0005\", \"0004\", \"0015\", \"0012\", \"0009\", \"0014\", \"0011\", \"0008\", \"0006\", \"0003\", \"00ff\"]": 1,
        "[\"cca9\", \"cc14\", \"c02b\", \"c02c\", \"cca8\", \"cc13\", \"c02f\", \"c030\", \"009e\", \"009f\", \"c009\", \"c00a\", \"c013\", \"c014\", \"0033\", \"0039\", \"009c\", \"009d\", \"002f\", \"0035\"]": 2,
        "[\"c030\", \"c02c\", \"c028\", \"c024\", \"c014\", \"c00a\", \"c032\", \"c02e\", \"c02a\", \"c026\", \"c00f\", \"c005\", \"009d\", \"003d\", \"0035\", \"c02f\", \"c02b\", \"c027\", \"c023\", \"c013\", \"c009\", \"c031\", \"c02d\", \"c029\", \"c025\", \"c00e\", \"c004\", \"009c\", \"003c\", \"002f\", \"c012\", \"c008\", \"c00d\", \"c003\", \"000a\", \"00ff\"]": 3,
        "[\"c02b\", \"c02c\", \"c02f\", \"c030\", \"009e\", \"009f\", \"c009\", \"c00a\", \"c013\", \"c014\", \"0033\", \"0039\", \"c007\", \"c011\", \"009c\", \"009d\", \"002f\", \"0035\", \"0005\", \"00ff\"]": 9,
        "[\"c02b\", \"c02f\", \"009e\", \"c00a\", \"c009\", \"c013\", \"c014\", \"0033\", \"0039\", \"009c\", \"002f\", \"0035\", \"00ff\"]": 2,
        "[\"c014\", \"c00a\", \"0039\", \"0038\", \"0088\", \"0087\", \"c00f\", \"c005\", \"0035\", \"0084\", \"c013\", \"c009\", \"0033\", \"0032\", \"009a\", \"0099\", \"0045\", \"0044\", \"c00e\", \"c004\", \"002f\", \"0096\", \"0041\", \"0007\", \"c011\", \"c007\", \"c00c\", \"c002\", \"0005\", \"0004\", \"c012\", \"c008\", \"0016\", \"0013\", \"c00d\", \"c003\", \"000a\", \"0015\", \"0012\", \"0009\", \"0014\", \"0011\", \"0008\", \"0006\", \"0003\", \"00ff\"]": 1,
        "[\"c030\", \"c02c\", \"c028\", \"c024\", \"c014\", \"c00a\", \"c022\", \"c021\", \"00a3\", \"009f\", \"006b\", \"006a\", \"0039\", \"0038\", \"c032\", \"c02e\", \"c02a\", \"c026\", \"c00f\", \"c005\", \"009d\", \"003d\", \"0035\", \"c012\", \"c008\", \"c01c\", \"c01b\", \"0016\", \"0013\", \"c00d\", \"c003\", \"000a\", \"c02f\", \"c02b\", \"c027\", \"c023\", \"c013\", \"c009\", \"c01f\", \"c01e\", \"00a2\", \"009e\", \"0067\", \"0040\", \"0033\", \"0032\", \"c031\", \"c02d\", \"c029\", \"c025\", \"c00e\", \"c004\", \"009c\", \"003c\", \"002f\", \"00ff\"]": 1,
        "[\"c030\", \"c02c\", \"c028\", \"c024\", \"c014\", \"c00a\", \"00a5\", \"00a3\", \"00a1\", \"009f\", \"006b\", \"006a\", \"0069\", \"0068\", \"0039\", \"0038\", \"0037\", \"0036\", \"0088\", \"0087\", \"0086\", \"0085\", \"c032\", \"c02e\", \"c02a\", \"c026\", \"c00f\", \"c005\", \"009d\", \"003d\", \"0035\", \"0084\", \"c02f\", \"c02b\", \"c027\", \"c023\", \"c013\", \"c009\", \"00a4\", \"00a2\", \"00a0\", \"009e\", \"0067\", \"0040\", \"003f\", \"003e\", \"0033\", \"0032\", \"0031\", \"0030\", \"009a\", \"0099\", \"0098\", \"0097\", \"0045\", \"0044\", \"0043\", \"0042\", \"c031\", \"c02d\", \"c029\", \"c025\", \"c00e\", \"c004\", \"009c\", \"003c\", \"002f\", \"0096\", \"0041\", \"0007\", \"c011\", \"c007\", \"c00c\", \"c002\", \"0005\", \"0004\", \"c012\", \"c008\", \"0016\", \"0013\", \"0010\", \"000d\", \"c00d\", \"c003\", \"000a\", \"0015\", \"0012\", \"000f\", \"000c\", \"0009\", \"00ff\"]": 1
    }
}