{
    "flow_volume": 100,
    "flow_duration": 10,
    "flow_rate": 6000000,
    "sleep_time": 10,
    "dns_interval": 10,
    "ntp_interval": 10,
    "ports": {
        "null": 388,
        "33434": 267,
        "443": 328,
        "5222": 275,
        "993": 7,
        "123": 158,
        "80": 98,
        "4500": 59,
        "5228": 27,
        "59544": 1,
        "45153": 1,
        "53847": 1,
        "60162": 48,
        "10001": 629,
        "56700": 59,
        "54092": 18,
        "68": 24,
        "58387": 54,
        "41942": 16,
        "41683": 1,
        "50443": 74,
        "37616": 6,
        "50733": 2,
        "47940": 35,
        "3478": 38,
        "1935": 49,
        "21372": 2,
        "8089": 4,
        "53439": 1,
        "49206": 2,
        "64704": 1,
        "67": 15,
        "39735": 1,
        "49258": 1,
        "48554": 1,
        "30140": 2,
        "45906": 1,
        "50546": 1,
        "8090": 12,
        "44580": 1,
        "36397": 1,
        "25587": 6,
        "25050": 6,
        "52645": 1,
        "44695": 1,
        "56821": 1,
        "50249": 1,
        "2179": 22,
        "35276": 1,
        "51197": 1,
        "43770": 1,
        "6224": 1,
        "56185": 1,
        "60941": 1,
        "49681": 1,
        "45090": 3,
        "47793": 1,
        "53371": 1,
        "30141": 2,
        "30142": 2,
        "36858": 117,
        "50699": 1,
        "49528": 1,
        "49009": 1,
        "36949": 1,
        "44475": 1,
        "1413": 1,
        "40260": 1,
        "49668": 1,
        "44556": 1,
        "60251": 1,
        "55256": 1,
        "137": 3,
        "41664": 1,
        "34070": 1,
        "45325": 1,
        "38993": 1,
        "30143": 2,
        "51389": 1,
        "43261": 1,
        "35123": 2,
        "57872": 1,
        "50107": 1,
        "46955": 1,
        "50822": 1,
        "38250": 1,
        "6226": 1,
        "57639": 1,
        "59751": 1,
        "43561": 1,
        "50087": 1,
        "30144": 2,
        "51808": 1,
        "42468": 1,
        "60732": 1,
        "36627": 1,
        "43045": 1,
        "54402": 1,
        "58692": 41,
        "4342": 1,
        "7275": 3,
        "8001": 1,
        "31316": 1,
        "26705": 1,
        "48411": 1,
        "19757": 1,
        "15311": 1,
        "30420": 1,
        "28135": 1,
        "31411": 1,
        "11708": 1,
        "31134": 1,
        "23980": 1,
        "60529": 1,
        "27325": 1,
        "18365": 1,
        "30300": 2,
        "49908": 4,
        "24835": 1,
        "20072": 1,
        "36916": 1,
        "46121": 1,
        "34309": 1,
        "49190": 1,
        "25737": 1,
        "36930": 1,
        "52625": 1,
        "57863": 1,
        "37031": 1,
        "45397": 1,
        "56787": 1,
        "50456": 1,
        "42645": 1,
        "3088": 2,
        "30145": 2,
        "53043": 1,
        "52554": 1,
        "33007": 1,
        "32941": 1,
        "35314": 1,
        "52342": 1,
        "59724": 1,
        "44627": 1,
        "44539": 3,
        "60970": 1,
        "33380": 1,
        "52579": 1,
        "34554": 1,
        "6228": 1,
        "49210": 1,
        "39383": 1,
        "55991": 1,
        "63555": 1,
        "51052": 1,
        "30146": 2,
        "28046": 1,
        "50060": 1,
        "53233": 1,
        "58204": 1,
        "52433": 1,
        "39762": 1,
        "45850": 1,
        "45946": 1,
        "38742": 1,
        "36329": 1,
        "37238": 1,
        "32836": 1,
        "2755": 1,
        "18274": 1,
        "33625": 1,
        "57166": 1,
        "53625": 1,
        "52002": 1,
        "41433": 1,
        "47598": 1,
        "60959": 1,
        "49128": 1,
        "30147": 2,
        "48211": 1,
        "47087": 1,
        "52536": 1,
        "49180": 1,
        "37687": 1,
        "37024": 1,
        "46753": 1,
        "59906": 1,
        "60416": 1,
        "4469": 1,
        "46366": 1,
        "41982": 1,
        "35731": 1,
        "44799": 1,
        "6230": 1,
        "37896": 1,
        "37840": 1,
        "57275": 1,
        "40607": 1,
        "36557": 1,
        "34146": 1,
        "37475": 1,
        "30148": 2,
        "58759": 1,
        "34431": 1,
        "54491": 1,
        "55298": 1,
        "546": 1,
        "34514": 1,
        "41268": 2,
        "17277": 1,
        "12783": 1,
        "7836": 1,
        "30946": 1,
        "25807": 1,
        "12224": 1,
        "32785": 1,
        "9330": 1,
        "29150": 1,
        "53222": 1,
        "59190": 1,
        "59530": 1,
        "45416": 1,
        "48911": 1,
        "38091": 1,
        "49899": 1,
        "30149": 2,
        "53183": 1,
        "33736": 1,
        "47375": 1,
        "54146": 1,
        "44692": 1,
        "42443": 2,
        "58345": 1,
        "56041": 1,
        "6232": 1,
        "51936": 1,
        "44622": 1,
        "46845": 1,
        "30150": 2,
        "49658": 1,
        "50946": 1,
        "55937": 1,
        "58997": 1,
        "34895": 1,
        "54893": 1,
        "3980": 1,
        "15238": 1,
        "15757": 1,
        "29525": 1,
        "14140": 1,
        "26876": 1,
        "28246": 1,
        "13260": 1,
        "19126": 1,
        "60200": 1,
        "54354": 1,
        "50216": 1,
        "56545": 1,
        "4345": 1,
        "45420": 1,
        "59646": 1,
        "56627": 1,
        "47263": 1,
        "30151": 2,
        "48504": 1,
        "42762": 1,
        "41956": 1,
        "38812": 1,
        "47924": 1,
        "35542": 2,
        "54016": 1,
        "43380": 1,
        "6234": 1,
        "45094": 1,
        "38115": 1,
        "54321": 1,
        "30152": 2,
        "50702": 1,
        "57690": 1,
        "43993": 1,
        "39412": 1,
        "51092": 1,
        "36834": 1
    },
    "domains": {
        "www.example.com": 26,
        "www.example.net": 26,
        "www.example.org": 26,
        "time.nist.gov": 60,
        "sip.invoxia.com": 10,
        "resolver.msg.xiaomi.net": 2,
        "apicom.netatmo.net": 3,
        "pool.ntp.org": 32,
        "connect.insteon.com": 12,
        "babyws.withings.net": 12,
        "netcom.netatmo.net": 15,
        "device-metrics-us.amazon.com": 4,
        "android.clients.google.com": 3,
        "www.googleapis.com": 1,
        "resolver.gslb.mi-idc.com": 1,
        "aps1-relay.tplinkcloud.com": 3,
        "pindorama.amazon.com": 1,
        "www.belkin.com": 4,
        "d3gjecg2uu2eaq.cloudfront.net": 4,
        "BCMLS2.glpals.com": 2,
        "connectivitycheck.gstatic.com": 6,
        "mtalk.google.com": 3,
        "play.googleapis.com": 1,
        "api.samsungosp.com": 3,
        "apps.skype.com": 3,
        "az361816.vo.msecnd.net": 3,
        "a.config.skype.com": 2,
        "settings.crashlytics.com": 1,
        "mobile.pipe.aria.microsoft.com": 6,
        "LB-IM-07-826586616.ap-southeast-1.elb.amazonaws.com": 1,
        "clients4.google.com": 1,
        "scalews.withings.net": 7,
        "www.google.com.au": 1,
        "www.meethue.com": 1,
        "imap.gmail.com": 3,
        "api.pix-star.com": 2,
        "api.pix-star.com.lan": 1,
        "api.pix-star.com.#": 1,
        "api.pix-star.com.wlan0": 1,
        "uk.pool.ntp.org": 1
    },
    "ciphers": {
        "[\"c014\", \"c00a\", \"0039\", \"0038\", \"0037\", \"0036\", \"0088\", \"0087\", \"0086\", \"0085\", \"c00f\", \"c005\", \"0035\", \"0084\", \"c013\", \"c009\", \"0033\", \"0032\", \"0031\", \"0030\", \"009a\", \"0099\", \"0098\", \"0097\", \"0045\", \"0044\", \"0043\", \"0042\", \"c00e\", \"c004\", \"002f\", \"0096\", \"0041\", \"0007\", \"c011\", \"c007\", \"c00c\", \"c002\", \"0005\", \"0004\", \"c012\", \"c008\", \"0016\", \"0013\", \"0010\", \"000d\", \"c00d\", \"c003\", \"000a\", \"0015\", \"0012\", \"000f\", \"000c\", \"0009\", \"00ff\"]": 4,
        "[\"cca9\", \"cc14\", \"c02b\", \"c02c\", \"cca8\", \"cc13\", \"c02f\", \"c030\", \"009e\", \"009f\", \"c009\", \"c00a\", \"c013\", \"c014\", \"0033\", \"0039\", \"009c\", \"009d\", \"002f\", \"0035\"]": 7,
        "[\"c02b\", \"c02c\", \"c02f\", \"c030\", \"009e\", \"009f\", \"c009\", \"c00a\", \"c013\", \"c014\", \"0033\", \"0039\", \"c007\", \"c011\", \"009c\", \"009d\", \"002f\", \"0035\", \"0005\", \"00ff\"]": 21,
        "[\"c030\", \"c02c\", \"c028\", \"c024\", \"c014\", \"c00a\", \"00a5\", \"00a3\", \"00a1\", \"009f\", \"006b\", \"006a\", \"0069\", \"0068\", \"0039\", \"0038\", \"0037\", \"0036\", \"0088\", \"0087\", \"0086\", \"0085\", \"c032\", \"c02e\", \"c02a\", \"c026\", \"c00f\", \"c005\", \"009d\", \"003d\", \"0035\", \"0084\", \"c02f\", \"c02b\", \"c027\", \"c023\", \"c013\", \"c009\", \"00a4\", \"00a2\", \"00a0\", \"009e\", \"0067\", \"0040\", \"003f\", \"003e\", \"0033\", \"0032\", \"0031\", \"0030\", \"009a\", \"0099\", \"0098\", \"0097\", \"0045\", \"0044\", \"0043\", \"0042\", \"c031\", \"c02d\", \"c029\", \"c025\", \"c00e\", \"c004\", \"009c\", \"003c\", \"002f\", \"0096\", \"0041\", \"0007\", \"c011\", \"c007\", \"c00c\", \"c002\", \"0005\", \"0004\", \"c012\", \"c008\", \"0016\", \"0013\", \"0010\", \"000d\", \"c00d\", \"c003\", \"000a\", \"0015\", \"0012\", \"000f\", \"000c\", \"0009\", \"00ff\"]": 2,
        "[\"c030\", \"c02c\", \"c028\", \"c024\", \"c014\", \"c00a\", \"c032\", \"c02e\", \"c02a\", \"c026\", \"c00f\", \"c005\", \"009d\", \"003d\", \"0035\", \"c02f\", \"c02b\", \"c027\", \"c023\", \"c013\", \"c009\", \"c031\", \"c02d\", \"c029\", \"c025\", \"c00e\", \"c004\", \"009c\", \"003c\", \"002f\", \"c012\", \"c008\", \"c00d\", \"c003\", \"000a\", \"00ff\"]": 4,
        "[\"cca9\", \"cca8\", \"cc14\", \"cc13\", \"c02b\", \"c02f\", \"c02c\", \"c030\", \"c009\", \"c013\", \"c00a\", \"c014\", \"009c\", \"009d\", \"002f\", \"0035\", \"000a\"]": 1,
        "[\"c030\", \"c02c\", \"c028\", \"c024\", \"c014\", \"c00a\", \"c022\", \"c021\", \"00a3\", \"009f\", \"006b\", \"006a\", \"0039\", \"0038\", \"0088\", \"0087\", \"c032\", \"c02e\", \"c02a\", \"c026\", \"c00f\", \"c005\", \"009d\", \"003d\", \"0035\", \"0084\", \"c012\", \"c008\", \"c01c\", \"c01b\", \"0016\", \"0013\", \"c00d\", \"c003\", \"000a\", \"c02f\", \"c02b\", \"c027\", \"c023\", \"c013\", \"c009\", \"c01f\", \"c01e\", \"00a2\", \"009e\", \"0067\", \"0040\", \"0033\", \"0032\", \"009a\", \"0099\", \"0045\", \"0044\", \"c031\", \"c02d\", \"c029\", \"c025\", \"c00e\", \"c004\", \"009c\", \"003c\", \"002f\", \"0096\", \"0041\", \"c011\", \"c007\", \"c00c\", \"c002\", \"0005\", \"0004\", \"0015\", \"0012\", \"0009\", \"0014\", \"0011\", \"0008\", \"0006\", \"0003\", \"00ff\"]": 1,
        "[\"c030\", \"c02c\", \"c028\", \"c024\", \"c014\", \"c00a\", \"c022\", \"c021\", \"00a3\", \"009f\", \"006b\", \"006a\", \"0039\", \"0038\", \"c032\", \"c02e\", \"c02a\", \"c026\", \"c00f\", \"c005\", \"009d\", \"003d\", \"0035\", \"c012\", \"c008\", \"c01c\", \"c01b\", \"0016\", \"0013\", \"c00d\", \"c003\", \"000a\", \"c02f\", \"c02b\", \"c027\", \"c023\", \"c013\", \"c009\", \"c01f\", \"c01e\", \"00a2\", \"009e\", \"0067\", \"0040\", \"0033\", \"0032\", \"c031\", \"c02d\", \"c029\", \"c025\", \"c00e\", \"c004\", \"009c\", \"003c\", \"002f\", \"00ff\"]": 1
    }
}