{
    "flow_volume": 100,
    "flow_duration": 10,
    "flow_rate": 6000000,
    "sleep_time": 10,
    "dns_interval": 10,
    "ntp_interval": 10,
    "ports": {
        "4500": 162,
        "5222": 248,
        "null": 394,
        "2179": 21,
        "33434": 267,
        "443": 342,
        "123": 138,
        "60162": 48,
        "68": 24,
        "56700": 60,
        "1935": 43,
        "35689": 23,
        "10001": 633,
        "47940": 40,
        "993": 8,
        "50443": 74,
        "137": 3,
        "33787": 1,
        "5228": 15,
        "25587": 6,
        "25050": 6,
        "37526": 1,
        "67": 14,
        "49908": 6,
        "3478": 38,
        "29963": 2,
        "8089": 4,
        "33265": 1,
        "58387": 62,
        "44629": 1,
        "30281": 2,
        "37432": 1,
        "80": 101,
        "41125": 1,
        "51895": 1,
        "53680": 1,
        "35276": 1,
        "60961": 1,
        "8090": 12,
        "38527": 1,
        "6358": 1,
        "39447": 2,
        "48793": 1,
        "39561": 1,
        "60664": 1,
        "37616": 6,
        "13916": 1,
        "11084": 1,
        "38415": 1,
        "53790": 1,
        "30282": 2,
        "54927": 1,
        "53829": 1,
        "49549": 1,
        "34969": 1,
        "39418": 1,
        "53021": 1,
        "38591": 1,
        "56491": 1,
        "40383": 1,
        "45883": 1,
        "45977": 1,
        "43183": 1,
        "59019": 1,
        "30283": 2,
        "36377": 1,
        "40010": 1,
        "38867": 1,
        "35994": 1,
        "33106": 1,
        "48744": 1,
        "6360": 1,
        "46164": 1,
        "50743": 1,
        "34354": 1,
        "30284": 2,
        "35569": 1,
        "48802": 1,
        "48284": 1,
        "44904": 1,
        "33468": 1,
        "50161": 1,
        "47666": 1,
        "57942": 1,
        "4414": 1,
        "41915": 1,
        "3089": 2,
        "42949": 1,
        "64378": 1,
        "51160": 1,
        "40335": 1,
        "57954": 1,
        "10347": 1,
        "25518": 1,
        "11964": 1,
        "7517": 1,
        "40273": 1,
        "56944": 1,
        "35723": 37,
        "51377": 1,
        "35064": 1,
        "33277": 1,
        "30285": 2,
        "59815": 1,
        "58055": 1,
        "56481": 1,
        "17090": 2,
        "57727": 1,
        "36791": 1,
        "40355": 1,
        "52944": 1,
        "44722": 1,
        "45073": 1,
        "6362": 1,
        "38272": 1,
        "43558": 1,
        "18172": 1,
        "25138": 1,
        "18841": 1,
        "8834": 1,
        "53010": 1,
        "59610": 1,
        "52922": 1,
        "43917": 1,
        "43517": 1,
        "55684": 1,
        "46623": 1,
        "24342": 1,
        "55379": 1,
        "38334": 1,
        "33471": 1,
        "30286": 2,
        "60285": 1,
        "58122": 1,
        "58814": 1,
        "41399": 1,
        "49696": 1,
        "52316": 1,
        "44752": 1,
        "51590": 1,
        "34868": 1,
        "35354": 1,
        "53204": 1,
        "39219": 1,
        "35746": 1,
        "40139": 1,
        "42907": 1,
        "50835": 1,
        "37626": 1,
        "55674": 1,
        "30287": 2,
        "35081": 1,
        "50931": 1,
        "42018": 1,
        "34253": 1,
        "23409": 1,
        "31302": 1,
        "20234": 1,
        "37862": 1,
        "6364": 1,
        "40443": 1,
        "58647": 1,
        "44642": 1,
        "60539": 1,
        "46431": 1,
        "55607": 1,
        "54534": 1,
        "32910": 1,
        "43839": 1,
        "30288": 2,
        "42876": 1,
        "55613": 1,
        "40673": 1,
        "43361": 1,
        "45438": 1,
        "40703": 1,
        "60726": 1,
        "39126": 1,
        "59113": 1,
        "57353": 1,
        "38218": 1,
        "52706": 1,
        "47544": 1,
        "48657": 1,
        "49557": 1,
        "30289": 2,
        "51338": 1,
        "57624": 1,
        "34717": 1,
        "36702": 1,
        "48830": 1,
        "32786": 1,
        "34216": 1,
        "58297": 1,
        "33767": 1,
        "46251": 1,
        "42079": 1,
        "6366": 1,
        "43630": 1,
        "41651": 1,
        "34743": 1,
        "60431": 1,
        "41422": 1,
        "35076": 1,
        "41944": 1,
        "44237": 1,
        "38633": 1,
        "41796": 1,
        "43046": 1,
        "48211": 1,
        "30290": 2,
        "38261": 1,
        "47011": 1,
        "34220": 1,
        "39083": 1,
        "50489": 1,
        "47624": 1,
        "33348": 1,
        "37114": 1,
        "59189": 1,
        "34172": 1,
        "47893": 1,
        "51015": 1,
        "4417": 1,
        "45662": 1,
        "44149": 1,
        "49035": 1,
        "30291": 2,
        "55323": 1,
        "34256": 1,
        "46518": 1,
        "41965": 1,
        "33829": 1,
        "45805": 1,
        "60645": 1,
        "36858": 15,
        "6368": 1,
        "45132": 1,
        "34879": 1,
        "54697": 1,
        "32899": 1,
        "40928": 1,
        "59893": 1,
        "30292": 2,
        "57469": 1,
        "58078": 1,
        "53444": 1,
        "42509": 1,
        "45165": 1,
        "52483": 1,
        "38019": 1,
        "60490": 1
    },
    "domains": {
        "time.nist.gov": 60,
        "netcom.netatmo.net": 19,
        "pool.ntp.org": 30,
        "aps1-relay.tplinkcloud.com": 4,
        "connect.insteon.com": 12,
        "www.example.com": 24,
        "www.example.net": 24,
        "www.example.org": 24,
        "babyws.withings.net": 24,
        "device-metrics-us.amazon.com": 5,
        "sip.invoxia.com": 8,
        "play.googleapis.com": 1,
        "android.clients.google.com": 3,
        "www.belkin.com": 4,
        "d3gjecg2uu2eaq.cloudfront.net": 4,
        "apicom.netatmo.net": 1,
        "pindorama.amazon.com": 1,
        "a.config.skype.com": 2,
        "mobile.pipe.aria.microsoft.com": 2,
        "ew1.dms-gld.bigdata.ssp.samsung.com": 1,
        "www.meethue.com": 1,
        "scalews.withings.net": 16,
        "www.googleapis.com": 2,
        "www.googleadservices.com": 2,
        "www.youtube.com": 1,
        "au-odc.samsungapps.com": 1,
        "api.pix-star.com": 2,
        "api.pix-star.com.lan": 1,
        "api.pix-star.com.#": 1,
        "api.pix-star.com.wlan0": 1,
        "uk.pool.ntp.org": 2
    },
    "ciphers": {
        "[\"c014\", \"c00a\", \"0039\", \"0038\", \"0037\", \"0036\", \"0088\", \"0087\", \"0086\", \"0085\", \"c00f\", \"c005\", \"0035\", \"0084\", \"c013\", \"c009\", \"0033\", \"0032\", \"0031\", \"0030\", \"009a\", \"0099\", \"0098\", \"0097\", \"0045\", \"0044\", \"0043\", \"0042\", \"c00e\", \"c004\", \"002f\", \"0096\", \"0041\", \"0007\", \"c011\", \"c007\", \"c00c\", \"c002\", \"0005\", \"0004\", \"c012\", \"c008\", \"0016\", \"0013\", \"0010\", \"000d\", \"c00d\", \"c003\", \"000a\", \"0015\", \"0012\", \"000f\", \"000c\", \"0009\", \"00ff\"]": 5,
        "[\"c02b\", \"c02c\", \"c02f\", \"c030\", \"009e\", \"009f\", \"c009\", \"c00a\", \"c013\", \"c014\", \"0033\", \"0039\", \"c007\", \"c011\", \"009c\", \"009d\", \"002f\", \"0035\", \"0005\", \"00ff\"]": 6,
        "[\"cca9\", \"cc14\", \"c02b\", \"c02c\", \"cca8\", \"cc13\", \"c02f\", \"c030\", \"009e\", \"009f\", \"c009\", \"c00a\", \"c013\", \"c014\", \"0033\", \"0039\", \"009c\", \"009d\", \"002f\", \"0035\"]": 7,
        "[\"c030\", \"c02c\", \"c028\", \"c024\", \"c014\", \"c00a\", \"c022\", \"c021\", \"00a3\", \"009f\", \"006b\", \"006a\", \"0039\", \"0038\", \"c032\", \"c02e\", \"c02a\", \"c026\", \"c00f\", \"c005\", \"009d\", \"003d\", \"0035\", \"c012\", \"c008\", \"c01c\", \"c01b\", \"0016\", \"0013\", \"c00d\", \"c003\", \"000a\", \"c02f\", \"c02b\", \"c027\", \"c023\", \"c013\", \"c009\", \"c01f\", \"c01e\", \"00a2\", \"009e\", \"0067\", \"0040\", \"0033\", \"0032\", \"c031\", \"c02d\", \"c029\", \"c025\", \"c00e\", \"c004\", \"009c\", \"003c\", \"002f\", \"00ff\"]": 1,
        "[\"c030\", \"c02c\", \"c028\", \"c024\", \"c014\", \"c00a\", \"00a5\", \"00a3\", \"00a1\", \"009f\", \"006b\", \"006a\", \"0069\", \"0068\", \"0039\", \"0038\", \"0037\", \"0036\", \"0088\", \"0087\", \"0086\", \"0085\", \"c032\", \"c02e\", \"c02a\", \"c026\", \"c00f\", \"c005\", \"009d\", \"003d\", \"0035\", \"0084\", \"c02f\", \"c02b\", \"c027\", \"c023\", \"c013\", \"c009\", \"00a4\", \"00a2\", \"00a0\", \"009e\", \"0067\", \"0040\", \"003f\", \"003e\", \"0033\", \"0032\", \"0031\", \"0030\", \"009a\", \"0099\", \"0098\", \"0097\", \"0045\", \"0044\", \"0043\", \"0042\", \"c031\", \"c02d\", \"c029\", \"c025\", \"c00e\", \"c004\", \"009c\", \"003c\", \"002f\", \"0096\", \"0041\", \"0007\", \"c011\", \"c007\", \"c00c\", \"c002\", \"0005\", \"0004\", \"c012\", \"c008\", \"0016\", \"0013\", \"0010\", \"000d\", \"c00d\", \"c003\", \"000a\", \"0015\", \"0012\", \"000f\", \"000c\", \"0009\", \"00ff\"]": 2,
        "[\"c030\", \"c02c\", \"c028\", \"c024\", \"c014\", \"c00a\", \"c032\", \"c02e\", \"c02a\", \"c026\", \"c00f\", \"c005\", \"009d\", \"003d\", \"0035\", \"c02f\", \"c02b\", \"c027\", \"c023\", \"c013\", \"c009\", \"c031\", \"c02d\", \"c029\", \"c025\", \"c00e\", \"c004\", \"009c\", \"003c\", \"002f\", \"c012\", \"c008\", \"c00d\", \"c003\", \"000a\", \"00ff\"]": 1,
        "[\"c030\", \"c02c\", \"c028\", \"c024\", \"c014\", \"c00a\", \"c022\", \"c021\", \"00a3\", \"009f\", \"006b\", \"006a\", \"0039\", \"0038\", \"0088\", \"0087\", \"c032\", \"c02e\", \"c02a\", \"c026\", \"c00f\", \"c005\", \"009d\", \"003d\", \"0035\", \"0084\", \"c012\", \"c008\", \"c01c\", \"c01b\", \"0016\", \"0013\", \"c00d\", \"c003\", \"000a\", \"c02f\", \"c02b\", \"c027\", \"c023\", \"c013\", \"c009\", \"c01f\", \"c01e\", \"00a2\", \"009e\", \"0067\", \"0040\", \"0033\", \"0032\", \"009a\", \"0099\", \"0045\", \"0044\", \"c031\", \"c02d\", \"c029\", \"c025\", \"c00e\", \"c004\", \"009c\", \"003c\", \"002f\", \"0096\", \"0041\", \"c011\", \"c007\", \"c00c\", \"c002\", \"0005\", \"0004\", \"0015\", \"0012\", \"0009\", \"0014\", \"0011\", \"0008\", \"0006\", \"0003\", \"00ff\"]": 1
    }
}