{
    "flow_volume": 100,
    "flow_duration": 10,
    "flow_rate": 6000000,
    "sleep_time": 10,
    "dns_interval": 10,
    "ntp_interval": 10,
    "ports": {
        "5222": 252,
        "50443": 79,
        "null": 387,
        "443": 290,
        "58387": 65,
        "47940": 47,
        "36858": 133,
        "60162": 48,
        "33434": 266,
        "56700": 60,
        "10001": 630,
        "44689": 37,
        "40241": 1,
        "123": 141,
        "5228": 12,
        "1935": 41,
        "3478": 38,
        "21372": 2,
        "2179": 17,
        "8089": 4,
        "37252": 1,
        "54146": 1,
        "80": 84,
        "50003": 1,
        "53342": 1,
        "44866": 1,
        "39983": 1,
        "30166": 2,
        "56325": 1,
        "47227": 1,
        "8090": 12,
        "4500": 46,
        "47055": 1,
        "47730": 1,
        "68": 28,
        "67": 12,
        "53855": 1,
        "6248": 1,
        "32956": 1,
        "37616": 7,
        "35057": 1,
        "44284": 1,
        "33596": 1,
        "40950": 1,
        "51242": 1,
        "43236": 1,
        "30167": 2,
        "49908": 3,
        "36642": 1,
        "35187": 1,
        "42933": 1,
        "47699": 1,
        "49635": 1,
        "52689": 1,
        "45616": 1,
        "40300": 1,
        "37769": 1,
        "33782": 1,
        "60418": 1,
        "52897": 1,
        "52951": 1,
        "36861": 1,
        "41621": 1,
        "37683": 1,
        "45419": 1,
        "38677": 1,
        "47972": 1,
        "39006": 1,
        "30168": 2,
        "58445": 1,
        "38179": 1,
        "137": 3,
        "25587": 5,
        "25050": 5,
        "32932": 1,
        "50967": 1,
        "41748": 1,
        "6250": 1,
        "45816": 1,
        "39156": 1,
        "51155": 1,
        "53408": 1,
        "43787": 1,
        "51927": 1,
        "36767": 1,
        "54402": 1,
        "34808": 1,
        "30169": 2,
        "54381": 1,
        "59983": 1,
        "50650": 1,
        "30300": 2,
        "51762": 1,
        "60584": 1,
        "60857": 1,
        "36498": 1,
        "54136": 1,
        "50763": 1,
        "44972": 1,
        "42699": 1,
        "56096": 1,
        "55566": 1,
        "48399": 1,
        "30170": 2,
        "35449": 1,
        "38425": 1,
        "41051": 1,
        "38500": 2,
        "4352": 1,
        "48466": 1,
        "48704": 1,
        "52768": 1,
        "44932": 1,
        "6252": 1,
        "38720": 1,
        "43141": 1,
        "58612": 1,
        "51925": 1,
        "37618": 1,
        "54120": 1,
        "49958": 1,
        "41799": 1,
        "30171": 2,
        "30172": 2,
        "56703": 1,
        "51926": 1,
        "3088": 1,
        "60147": 1,
        "50866": 1,
        "58137": 1,
        "35956": 1,
        "41989": 1,
        "42120": 1,
        "51782": 1,
        "42890": 1,
        "46008": 1,
        "51292": 1,
        "30173": 2,
        "39047": 1,
        "44775": 1,
        "48208": 1,
        "33643": 1,
        "6254": 1,
        "52751": 1,
        "57275": 1,
        "40932": 1,
        "54616": 1,
        "45864": 1,
        "36552": 1,
        "58873": 1,
        "57364": 1,
        "48175": 1,
        "49791": 1,
        "30174": 2,
        "50918": 22,
        "56055": 1,
        "52853": 1,
        "34619": 1,
        "42529": 1,
        "51306": 1,
        "35932": 1,
        "59233": 1,
        "33852": 1,
        "35226": 1,
        "50885": 1,
        "52304": 1,
        "45504": 1,
        "55612": 1,
        "30175": 2,
        "56710": 1,
        "39680": 1,
        "45628": 1,
        "59347": 1,
        "57940": 1,
        "50119": 1,
        "6256": 1,
        "52811": 1,
        "49799": 1,
        "48649": 1,
        "41963": 1,
        "46996": 1,
        "53186": 1,
        "51077": 1,
        "30176": 2,
        "53973": 1,
        "41759": 1,
        "34414": 1,
        "37290": 1,
        "49790": 1,
        "57002": 1,
        "36633": 1,
        "36209": 1,
        "57125": 1,
        "51554": 1,
        "36822": 1,
        "58824": 1,
        "30177": 2,
        "44672": 1,
        "38102": 1,
        "32823": 1,
        "53753": 1,
        "34691": 1,
        "60355": 1,
        "39257": 1,
        "33517": 1,
        "60048": 1,
        "42830": 1,
        "51020": 1,
        "6258": 1,
        "36460": 1,
        "54384": 1,
        "56418": 1,
        "57147": 1,
        "41141": 1,
        "58045": 1,
        "40670": 1,
        "46241": 1,
        "4353": 1,
        "56083": 1,
        "59516": 1,
        "52175": 1,
        "56126": 1,
        "57726": 1,
        "33092": 1,
        "60420": 1,
        "53587": 1,
        "30178": 2,
        "47245": 1,
        "46170": 1,
        "46443": 1
    },
    "domains": {
        "time.nist.gov": 60,
        "www.example.com": 24,
        "www.example.net": 24,
        "www.example.org": 24,
        "aps1-relay.tplinkcloud.com": 3,
        "pool.ntp.org": 34,
        "connect.insteon.com": 12,
        "babyws.withings.net": 22,
        "device-metrics-us.amazon.com": 6,
        "sip.invoxia.com": 9,
        "api.pix-star.com": 4,
        "api.pix-star.com.lan": 2,
        "api.pix-star.com.#": 2,
        "api.pix-star.com.wlan0": 2,
        "apicom.netatmo.net": 1,
        "scalews.withings.net": 10,
        "netcom.netatmo.net": 12,
        "www.belkin.com": 3,
        "d3gjecg2uu2eaq.cloudfront.net": 3,
        "asia.pool.ntp.org": 2,
        "pindorama.amazon.com": 1,
        "devs.tplinkcloud.com": 1,
        "www.meethue.com": 1,
        "uk.pool.ntp.org": 1,
        "iptime.pix-star.com": 2,
        "iptime.pix-star.com.lan": 1,
        "iptime.pix-star.com.#": 1,
        "iptime.pix-star.com.wlan0": 1
    },
    "ciphers": {
        "[\"c014\", \"c00a\", \"0039\", \"0038\", \"0037\", \"0036\", \"0088\", \"0087\", \"0086\", \"0085\", \"c00f\", \"c005\", \"0035\", \"0084\", \"c013\", \"c009\", \"0033\", \"0032\", \"0031\", \"0030\", \"009a\", \"0099\", \"0098\", \"0097\", \"0045\", \"0044\", \"0043\", \"0042\", \"c00e\", \"c004\", \"002f\", \"0096\", \"0041\", \"0007\", \"c011\", \"c007\", \"c00c\", \"c002\", \"0005\", \"0004\", \"c012\", \"c008\", \"0016\", \"0013\", \"0010\", \"000d\", \"c00d\", \"c003\", \"000a\", \"0015\", \"0012\", \"000f\", \"000c\", \"0009\", \"00ff\"]": 7,
        "[\"c030\", \"c02c\", \"c028\", \"c024\", \"c014\", \"c00a\", \"c022\", \"c021\", \"00a3\", \"009f\", \"006b\", \"006a\", \"0039\", \"0038\", \"0088\", \"0087\", \"c032\", \"c02e\", \"c02a\", \"c026\", \"c00f\", \"c005\", \"009d\", \"003d\", \"0035\", \"0084\", \"c012\", \"c008\", \"c01c\", \"c01b\", \"0016\", \"0013\", \"c00d\", \"c003\", \"000a\", \"c02f\", \"c02b\", \"c027\", \"c023\", \"c013\", \"c009\", \"c01f\", \"c01e\", \"00a2\", \"009e\", \"0067\", \"0040\", \"0033\", \"0032\", \"009a\", \"0099\", \"0045\", \"0044\", \"c031\", \"c02d\", \"c029\", \"c025\", \"c00e\", \"c004\", \"009c\", \"003c\", \"002f\", \"0096\", \"0041\", \"c011\", \"c007\", \"c00c\", \"c002\", \"0005\", \"0004\", \"0015\", \"0012\", \"0009\", \"0014\", \"0011\", \"0008\", \"0006\", \"0003\", \"00ff\"]": 2,
        "[\"c030\", \"c02c\", \"c028\", \"c024\", \"c014\", \"c00a\", \"00a5\", \"00a3\", \"00a1\", \"009f\", \"006b\", \"006a\", \"0069\", \"0068\", \"0039\", \"0038\", \"0037\", \"0036\", \"0088\", \"0087\", \"0086\", \"0085\", \"c032\", \"c02e\", \"c02a\", \"c026\", \"c00f\", \"c005\", \"009d\", \"003d\", \"0035\", \"0084\", \"c02f\", \"c02b\", \"c027\", \"c023\", \"c013\", \"c009\", \"00a4\", \"00a2\", \"00a0\", \"009e\", \"0067\", \"0040\", \"003f\", \"003e\", \"0033\", \"0032\", \"0031\", \"0030\", \"009a\", \"0099\", \"0098\", \"0097\", \"0045\", \"0044\", \"0043\", \"0042\", \"c031\", \"c02d\", \"c029\", \"c025\", \"c00e\", \"c004\", \"009c\", \"003c\", \"002f\", \"0096\", \"0041\", \"0007\", \"c011\", \"c007\", \"c00c\", \"c002\", \"0005\", \"0004\", \"c012\", \"c008\", \"0016\", \"0013\", \"0010\", \"000d\", \"c00d\", \"c003\", \"000a\", \"0015\", \"0012\", \"000f\", \"000c\", \"0009\", \"00ff\"]": 2,
        "[\"c014\", \"c00a\", \"0039\", \"0038\", \"0088\", \"0087\", \"c00f\", \"c005\", \"0035\", \"0084\", \"c013\", \"c009\", \"0033\", \"0032\", \"009a\", \"0099\", \"0045\", \"0044\", \"c00e\", \"c004\", \"002f\", \"0096\", \"0041\", \"0007\", \"c011\", \"c007\", \"c00c\", \"c002\", \"0005\", \"0004\", \"c012\", \"c008\", \"0016\", \"0013\", \"c00d\", \"c003\", \"000a\", \"0015\", \"0012\", \"0009\", \"0014\", \"0011\", \"0008\", \"0006\", \"0003\", \"00ff\"]": 1,
        "[\"c030\", \"c02c\", \"c028\", \"c024\", \"c014\", \"c00a\", \"c022\", \"c021\", \"00a3\", \"009f\", \"006b\", \"006a\", \"0039\", \"0038\", \"c032\", \"c02e\", \"c02a\", \"c026\", \"c00f\", \"c005\", \"009d\", \"003d\", \"0035\", \"c012\", \"c008\", \"c01c\", \"c01b\", \"0016\", \"0013\", \"c00d\", \"c003\", \"000a\", \"c02f\", \"c02b\", \"c027\", \"c023\", \"c013\", \"c009\", \"c01f\", \"c01e\", \"00a2\", \"009e\", \"0067\", \"0040\", \"0033\", \"0032\", \"c031\", \"c02d\", \"c029\", \"c025\", \"c00e\", \"c004\", \"009c\", \"003c\", \"002f\", \"00ff\"]": 1
    }
}