{
    "flow_volume": 100,
    "flow_duration": 10,
    "flow_rate": 6000000,
    "sleep_time": 10,
    "dns_interval": 10,
    "ntp_interval": 10,
    "ports": {
        "null": 390,
        "36858": 152,
        "5222": 247,
        "42773": 40,
        "33434": 266,
        "1935": 53,
        "443": 292,
        "60162": 46,
        "56700": 59,
        "37289": 1,
        "80": 72,
        "10001": 621,
        "50443": 74,
        "53301": 1,
        "49908": 7,
        "123": 153,
        "37616": 7,
        "5228": 17,
        "59621": 1,
        "34452": 1,
        "37278": 1,
        "68": 32,
        "3478": 38,
        "29963": 2,
        "8089": 4,
        "49847": 1,
        "4500": 22,
        "58387": 53,
        "37624": 1,
        "137": 3,
        "30321": 2,
        "50835": 1,
        "57206": 1,
        "36336": 1,
        "25587": 5,
        "25050": 5,
        "67": 14,
        "8090": 12,
        "47940": 35,
        "55956": 1,
        "6394": 1,
        "40408": 1,
        "36261": 1,
        "59782": 1,
        "33258": 1,
        "40452": 1,
        "46407": 1,
        "2179": 23,
        "36197": 1,
        "41974": 1,
        "30322": 2,
        "43601": 1,
        "45912": 1,
        "58133": 1,
        "35366": 1,
        "33969": 1,
        "57565": 1,
        "39024": 1,
        "60765": 1,
        "54917": 1,
        "60434": 1,
        "56606": 1,
        "37178": 1,
        "37755": 1,
        "53642": 1,
        "42536": 1,
        "33341": 1,
        "56634": 1,
        "40400": 1,
        "53430": 1,
        "30323": 2,
        "49768": 1,
        "48835": 1,
        "47051": 1,
        "6396": 1,
        "35229": 1,
        "56267": 1,
        "33116": 1,
        "46817": 1,
        "33126": 1,
        "56426": 1,
        "30324": 2,
        "49977": 1,
        "60425": 1,
        "42464": 1,
        "55718": 1,
        "40885": 1,
        "35454": 1,
        "35408": 1,
        "50222": 1,
        "49622": 1,
        "54254": 1,
        "54813": 1,
        "47211": 1,
        "50564": 1,
        "56960": 1,
        "45440": 1,
        "54783": 1,
        "465": 1,
        "41401": 1,
        "30325": 2,
        "45054": 1,
        "42164": 1,
        "33306": 1,
        "17090": 2,
        "52455": 1,
        "6398": 1,
        "57928": 1,
        "37862": 1,
        "44388": 1,
        "59727": 1,
        "47181": 1,
        "47585": 1,
        "58576": 1,
        "49678": 1,
        "39402": 1,
        "37980": 1,
        "30326": 2,
        "35726": 1,
        "4433": 1,
        "36731": 1,
        "3090": 1,
        "37537": 1,
        "45862": 1,
        "59578": 1,
        "35067": 1,
        "58824": 1,
        "46914": 1,
        "47425": 1,
        "59100": 1,
        "45891": 1,
        "42622": 1,
        "40340": 1,
        "30327": 2,
        "59661": 1,
        "57767": 1,
        "58280": 1,
        "34132": 1,
        "6400": 1,
        "55409": 1,
        "57864": 1,
        "52425": 1,
        "57250": 1,
        "60637": 1,
        "57275": 1,
        "58891": 1,
        "46362": 1,
        "53205": 1,
        "30328": 2,
        "47696": 1,
        "56430": 1,
        "58103": 1,
        "45018": 1,
        "40852": 1,
        "44603": 1,
        "42847": 1,
        "52236": 1,
        "59850": 1,
        "48006": 1,
        "57128": 19,
        "48762": 1,
        "47384": 1,
        "30329": 2,
        "44450": 1,
        "42447": 1,
        "60683": 1,
        "6402": 1,
        "50085": 1,
        "57203": 1,
        "43316": 1,
        "54341": 1,
        "32920": 1,
        "54412": 1,
        "30330": 2,
        "28046": 1,
        "42240": 1,
        "49457": 1,
        "49722": 1,
        "51952": 1,
        "47771": 1,
        "37076": 1,
        "38460": 1,
        "46059": 1,
        "60009": 1,
        "37917": 1,
        "50933": 1,
        "54033": 1,
        "42352": 1,
        "40403": 1,
        "55222": 1,
        "30331": 2,
        "60293": 1,
        "56257": 1,
        "38021": 1,
        "55077": 1,
        "6404": 1,
        "45384": 1,
        "43014": 1,
        "56998": 1,
        "47428": 1,
        "60827": 1,
        "39624": 1,
        "55567": 1,
        "38319": 1,
        "38678": 1,
        "46057": 1,
        "44854": 1,
        "60435": 1,
        "30332": 2,
        "46392": 1,
        "45213": 1,
        "57284": 1,
        "60982": 1
    },
    "domains": {
        "babyws.withings.net": 12,
        "time.nist.gov": 60,
        "sip.invoxia.com": 8,
        "www.example.com": 24,
        "www.example.net": 24,
        "www.example.org": 24,
        "pool.ntp.org": 32,
        "aps1-relay.tplinkcloud.com": 4,
        "connect.insteon.com": 12,
        "netcom.netatmo.net": 11,
        "device-metrics-us.amazon.com": 5,
        "api.pix-star.com": 5,
        "api.pix-star.com.lan": 2,
        "api.pix-star.com.#": 2,
        "api.pix-star.com.wlan0": 2,
        "scalews.withings.net": 7,
        "www.samsungsmartcam.com": 1,
        "smtp.gmail.com": 2,
        "www.belkin.com": 2,
        "d3gjecg2uu2eaq.cloudfront.net": 2,
        "0.pool.ntp.org": 1,
        "apicom.netatmo.net": 2,
        "pindorama.amazon.com": 1,
        "www.meethue.com": 1,
        "uk.pool.ntp.org": 1
    },
    "ciphers": {
        "[\"c014\", \"c00a\", \"0039\", \"0038\", \"0037\", \"0036\", \"0088\", \"0087\", \"0086\", \"0085\", \"c00f\", \"c005\", \"0035\", \"0084\", \"c013\", \"c009\", \"0033\", \"0032\", \"0031\", \"0030\", \"009a\", \"0099\", \"0098\", \"0097\", \"0045\", \"0044\", \"0043\", \"0042\", \"c00e\", \"c004\", \"002f\", \"0096\", \"0041\", \"0007\", \"c011\", \"c007\", \"c00c\", \"c002\", \"0005\", \"0004\", \"c012\", \"c008\", \"0016\", \"0013\", \"0010\", \"000d\", \"c00d\", \"c003\", \"000a\", \"0015\", \"0012\", \"000f\", \"000c\", \"0009\", \"00ff\"]": 4,
        "[\"c030\", \"c02c\", \"c028\", \"c024\", \"c014\", \"c00a\", \"c022\", \"c021\", \"00a3\", \"009f\", \"006b\", \"006a\", \"0039\", \"0038\", \"0088\", \"0087\", \"c032\", \"c02e\", \"c02a\", \"c026\", \"c00f\", \"c005\", \"009d\", \"003d\", \"0035\", \"0084\", \"c012\", \"c008\", \"c01c\", \"c01b\", \"0016\", \"0013\", \"c00d\", \"c003\", \"000a\", \"c02f\", \"c02b\", \"c027\", \"c023\", \"c013\", \"c009\", \"c01f\", \"c01e\", \"00a2\", \"009e\", \"0067\", \"0040\", \"0033\", \"0032\", \"009a\", \"0099\", \"0045\", \"0044\", \"c031\", \"c02d\", \"c029\", \"c025\", \"c00e\", \"c004\", \"009c\", \"003c\", \"002f\", \"0096\", \"0041\", \"c011\", \"c007\", \"c00c\", \"c002\", \"0005\", \"0004\", \"0015\", \"0012\", \"0009\", \"0014\", \"0011\", \"0008\", \"0006\", \"0003\", \"00ff\"]": 2,
        "[\"c030\", \"c02c\", \"c028\", \"c024\", \"c014\", \"c00a\", \"00a5\", \"00a3\", \"00a1\", \"009f\", \"006b\", \"006a\", \"0069\", \"0068\", \"0039\", \"0038\", \"0037\", \"0036\", \"0088\", \"0087\", \"0086\", \"0085\", \"c032\", \"c02e\", \"c02a\", \"c026\", \"c00f\", \"c005\", \"009d\", \"003d\", \"0035\", \"0084\", \"c02f\", \"c02b\", \"c027\", \"c023\", \"c013\", \"c009\", \"00a4\", \"00a2\", \"00a0\", \"009e\", \"0067\", \"0040\", \"003f\", \"003e\", \"0033\", \"0032\", \"0031\", \"0030\", \"009a\", \"0099\", \"0098\", \"0097\", \"0045\", \"0044\", \"0043\", \"0042\", \"c031\", \"c02d\", \"c029\", \"c025\", \"c00e\", \"c004\", \"009c\", \"003c\", \"002f\", \"0096\", \"0041\", \"0007\", \"c011\", \"c007\", \"c00c\", \"c002\", \"0005\", \"0004\", \"c012\", \"c008\", \"0016\", \"0013\", \"0010\", \"000d\", \"c00d\", \"c003\", \"000a\", \"0015\", \"0012\", \"000f\", \"000c\", \"0009\", \"00ff\"]": 2,
        "[\"c030\", \"c02c\", \"c028\", \"c024\", \"c014\", \"c00a\", \"c022\", \"c021\", \"00a3\", \"009f\", \"006b\", \"006a\", \"0039\", \"0038\", \"c032\", \"c02e\", \"c02a\", \"c026\", \"c00f\", \"c005\", \"009d\", \"003d\", \"0035\", \"c012\", \"c008\", \"c01c\", \"c01b\", \"0016\", \"0013\", \"c00d\", \"c003\", \"000a\", \"c02f\", \"c02b\", \"c027\", \"c023\", \"c013\", \"c009\", \"c01f\", \"c01e\", \"00a2\", \"009e\", \"0067\", \"0040\", \"0033\", \"0032\", \"c031\", \"c02d\", \"c029\", \"c025\", \"c00e\", \"c004\", \"009c\", \"003c\", \"002f\", \"00ff\"]": 1
    }
}