{
    "flow_volume": 100,
    "flow_duration": 10,
    "flow_rate": 6000000,
    "sleep_time": 10,
    "dns_interval": 10,
    "ntp_interval": 10,
    "ports": {
        "58387": 54,
        "62896": 1,
        "null": 387,
        "10001": 632,
        "36858": 40,
        "33434": 266,
        "123": 143,
        "5222": 261,
        "443": 351,
        "60162": 48,
        "56700": 60,
        "5228": 84,
        "1935": 50,
        "45103": 1,
        "33530": 61,
        "3478": 39,
        "50443": 74,
        "47940": 52,
        "67": 14,
        "28046": 1,
        "34074": 1,
        "21372": 2,
        "8089": 4,
        "56035": 1,
        "56234": 2,
        "38480": 1,
        "51782": 1,
        "68": 15,
        "41838": 9,
        "30115": 2,
        "54185": 1,
        "80": 93,
        "35458": 1,
        "40493": 1,
        "39521": 1,
        "37146": 1,
        "8090": 12,
        "48047": 1,
        "2179": 11,
        "57394": 2,
        "49908": 6,
        "54133": 1,
        "47941": 1,
        "25587": 6,
        "25050": 6,
        "46306": 1,
        "37616": 6,
        "6200": 1,
        "50276": 1,
        "4500": 135,
        "37206": 1,
        "58234": 1,
        "52002": 1,
        "30116": 2,
        "44916": 1,
        "59481": 1,
        "59202": 1,
        "60142": 1,
        "43467": 1,
        "41171": 1,
        "55367": 1,
        "43601": 1,
        "39440": 1,
        "56589": 1,
        "993": 7,
        "47865": 1,
        "46547": 3,
        "60413": 2,
        "38106": 1,
        "60039": 1,
        "59298": 1,
        "137": 3,
        "40925": 1,
        "51070": 1,
        "60585": 1,
        "50559": 1,
        "30117": 2,
        "55237": 1,
        "4324": 1,
        "41902": 1,
        "45890": 1,
        "52233": 1,
        "45330": 1,
        "53784": 1,
        "45439": 1,
        "6202": 1,
        "40841": 1,
        "43696": 1,
        "3088": 2,
        "60249": 1,
        "30118": 2,
        "49694": 1,
        "48974": 1,
        "45475": 1,
        "37909": 1,
        "33137": 1,
        "19605": 2,
        "25333": 1,
        "20572": 1,
        "7275": 2,
        "13220": 1,
        "17125": 1,
        "11004": 1,
        "15756": 1,
        "51025": 1,
        "20957": 1,
        "9392": 1,
        "32543": 1,
        "29113": 1,
        "21955": 1,
        "9747": 1,
        "22335": 1,
        "12291": 1,
        "29251": 1,
        "44567": 6,
        "12742": 1,
        "42033": 1,
        "51636": 1,
        "40069": 1,
        "53997": 1,
        "41833": 1,
        "41879": 12,
        "53899": 2,
        "55897": 1,
        "57194": 1,
        "56712": 1,
        "45320": 1,
        "8660": 1,
        "56596": 1,
        "45862": 1,
        "30119": 2,
        "37985": 1,
        "55723": 1,
        "41923": 1,
        "53056": 1,
        "51041": 1,
        "55527": 1,
        "40763": 1,
        "63887": 1,
        "45404": 1,
        "51306": 3,
        "38169": 1,
        "41757": 1,
        "42859": 1,
        "6204": 1,
        "43115": 1,
        "39620": 1,
        "28434": 1,
        "56143": 1,
        "46631": 1,
        "30120": 2,
        "60460": 1,
        "59159": 1,
        "42171": 1,
        "51143": 1,
        "44816": 1,
        "38415": 1,
        "58253": 1,
        "52229": 1,
        "58969": 1,
        "37283": 1,
        "41393": 1,
        "30121": 2,
        "59311": 1,
        "59627": 1,
        "49281": 1,
        "40619": 1,
        "51801": 1,
        "41874": 1,
        "50151": 1,
        "33042": 1,
        "37943": 1,
        "6206": 1,
        "46057": 3,
        "57275": 1,
        "38235": 1,
        "44541": 1,
        "41893": 8,
        "38344": 1,
        "44855": 1,
        "44010": 1,
        "45094": 1,
        "30122": 2,
        "55603": 1,
        "49053": 1,
        "52732": 1,
        "53081": 1,
        "59691": 1,
        "35429": 1,
        "60256": 1,
        "46871": 1,
        "50956": 1,
        "51656": 1,
        "57046": 1,
        "34488": 1,
        "52987": 1,
        "45807": 1,
        "30123": 2,
        "60708": 1,
        "56139": 1,
        "48999": 1,
        "56462": 1,
        "45795": 1,
        "39967": 1,
        "46040": 1,
        "58899": 1,
        "46734": 1,
        "64470": 1,
        "55362": 1,
        "4330": 1,
        "49153": 1,
        "37236": 1,
        "47123": 1,
        "6208": 1,
        "44701": 1,
        "46793": 1,
        "39433": 1,
        "30124": 2,
        "40565": 2,
        "60277": 1,
        "33273": 1,
        "39402": 1,
        "36979": 1,
        "54481": 1,
        "37690": 1,
        "4352": 1,
        "2868": 1,
        "12004": 1,
        "16892": 1,
        "21259": 1,
        "20626": 1,
        "33393": 1,
        "45678": 1,
        "26093": 1,
        "6903": 1,
        "7254": 1,
        "60253": 1,
        "51204": 1,
        "48478": 1,
        "58949": 1,
        "35486": 1,
        "36922": 1,
        "45350": 1,
        "47249": 1,
        "30125": 2,
        "48679": 1,
        "56802": 1,
        "48038": 1,
        "53945": 1,
        "45680": 1,
        "43479": 1,
        "60578": 1,
        "50167": 1,
        "45386": 1,
        "42373": 1,
        "58032": 2,
        "58689": 1,
        "37138": 1,
        "6210": 1,
        "33679": 1,
        "54818": 1,
        "46753": 1,
        "43017": 1,
        "55729": 1,
        "37583": 1,
        "46136": 1,
        "53567": 1,
        "60338": 1,
        "35372": 1,
        "60414": 1,
        "30126": 2,
        "33092": 1,
        "49568": 1,
        "45975": 1,
        "50556": 1,
        "33702": 1,
        "50404": 1,
        "33567": 1,
        "56656": 1,
        "34561": 1
    },
    "domains": {
        "apicom.netatmo.net": 1,
        "time.nist.gov": 60,
        "www.meethue.com": 1,
        "pool.ntp.org": 30,
        "connect.insteon.com": 12,
        "www.example.com": 24,
        "www.example.net": 24,
        "www.example.org": 24,
        "sip.invoxia.com": 15,
        "netcom.netatmo.net": 11,
        "device-metrics-us.amazon.com": 5,
        "babyws.withings.net": 12,
        "api.pix-star.com": 5,
        "api.pix-star.com.lan": 2,
        "api.pix-star.com.#": 2,
        "api.pix-star.com.wlan0": 2,
        "aps1-relay.tplinkcloud.com": 3,
        "www.belkin.com": 4,
        "d3gjecg2uu2eaq.cloudfront.net": 4,
        "connectivitycheck.gstatic.com": 4,
        "BCMLS2.glpals.com": 2,
        "mtalk.google.com": 2,
        "mobile.pipe.aria.microsoft.com": 6,
        "api.samsungosp.com": 2,
        "apps.skype.com": 2,
        "b.config.skype.com": 2,
        "az361816.vo.msecnd.net": 2,
        "settings.crashlytics.com": 1,
        "ws.invoxia.io": 1,
        "clients3.google.com": 2,
        "www.google.com.au": 1,
        "imap.gmail.com": 2,
        "android.clients.google.com": 1,
        "inst.platform.bing.com": 1,
        "scalews.withings.net": 10,
        "resolver.msg.xiaomi.net": 2,
        "LB-IM-07-826586616.ap-southeast-1.elb.amazonaws.com": 1,
        "api.evrythng.com": 1,
        "uk.pool.ntp.org": 1,
        "config.edge.skype.com": 1,
        "ocos-office365-s2s.msedge.net": 1,
        "play.googleapis.com": 1
    },
    "ciphers": {
        "[\"c030\", \"c02c\", \"c028\", \"c024\", \"c014\", \"c00a\", \"00a5\", \"00a3\", \"00a1\", \"009f\", \"006b\", \"006a\", \"0069\", \"0068\", \"0039\", \"0038\", \"0037\", \"0036\", \"0088\", \"0087\", \"0086\", \"0085\", \"c032\", \"c02e\", \"c02a\", \"c026\", \"c00f\", \"c005\", \"009d\", \"003d\", \"0035\", \"0084\", \"c02f\", \"c02b\", \"c027\", \"c023\", \"c013\", \"c009\", \"00a4\", \"00a2\", \"00a0\", \"009e\", \"0067\", \"0040\", \"003f\", \"003e\", \"0033\", \"0032\", \"0031\", \"0030\", \"009a\", \"0099\", \"0098\", \"0097\", \"0045\", \"0044\", \"0043\", \"0042\", \"c031\", \"c02d\", \"c029\", \"c025\", \"c00e\", \"c004\", \"009c\", \"003c\", \"002f\", \"0096\", \"0041\", \"0007\", \"c011\", \"c007\", \"c00c\", \"c002\", \"0005\", \"0004\", \"c012\", \"c008\", \"0016\", \"0013\", \"0010\", \"000d\", \"c00d\", \"c003\", \"000a\", \"0015\", \"0012\", \"000f\", \"000c\", \"0009\", \"00ff\"]": 1,
        "[\"c014\", \"c00a\", \"0039\", \"0038\", \"0037\", \"0036\", \"0088\", \"0087\", \"0086\", \"0085\", \"c00f\", \"c005\", \"0035\", \"0084\", \"c013\", \"c009\", \"0033\", \"0032\", \"0031\", \"0030\", \"009a\", \"0099\", \"0098\", \"0097\", \"0045\", \"0044\", \"0043\", \"0042\", \"c00e\", \"c004\", \"002f\", \"0096\", \"0041\", \"0007\", \"c011\", \"c007\", \"c00c\", \"c002\", \"0005\", \"0004\", \"c012\", \"c008\", \"0016\", \"0013\", \"0010\", \"000d\", \"c00d\", \"c003\", \"000a\", \"0015\", \"0012\", \"000f\", \"000c\", \"0009\", \"00ff\"]": 4,
        "[\"c030\", \"c02c\", \"c028\", \"c024\", \"c014\", \"c00a\", \"c022\", \"c021\", \"00a3\", \"009f\", \"006b\", \"006a\", \"0039\", \"0038\", \"0088\", \"0087\", \"c032\", \"c02e\", \"c02a\", \"c026\", \"c00f\", \"c005\", \"009d\", \"003d\", \"0035\", \"0084\", \"c012\", \"c008\", \"c01c\", \"c01b\", \"0016\", \"0013\", \"c00d\", \"c003\", \"000a\", \"c02f\", \"c02b\", \"c027\", \"c023\", \"c013\", \"c009\", \"c01f\", \"c01e\", \"00a2\", \"009e\", \"0067\", \"0040\", \"0033\", \"0032\", \"009a\", \"0099\", \"0045\", \"0044\", \"c031\", \"c02d\", \"c029\", \"c025\", \"c00e\", \"c004\", \"009c\", \"003c\", \"002f\", \"0096\", \"0041\", \"c011\", \"c007\", \"c00c\", \"c002\", \"0005\", \"0004\", \"0015\", \"0012\", \"0009\", \"0014\", \"0011\", \"0008\", \"0006\", \"0003\", \"00ff\"]": 2,
        "[\"cca9\", \"cc14\", \"c02b\", \"c02c\", \"cca8\", \"cc13\", \"c02f\", \"c030\", \"009e\", \"009f\", \"c009\", \"c00a\", \"c013\", \"c014\", \"0033\", \"0039\", \"009c\", \"009d\", \"002f\", \"0035\"]": 5,
        "[\"c030\", \"c02c\", \"c028\", \"c024\", \"c014\", \"c00a\", \"c032\", \"c02e\", \"c02a\", \"c026\", \"c00f\", \"c005\", \"009d\", \"003d\", \"0035\", \"c02f\", \"c02b\", \"c027\", \"c023\", \"c013\", \"c009\", \"c031\", \"c02d\", \"c029\", \"c025\", \"c00e\", \"c004\", \"009c\", \"003c\", \"002f\", \"c012\", \"c008\", \"c00d\", \"c003\", \"000a\", \"00ff\"]": 4,
        "[\"c02b\", \"c02c\", \"c02f\", \"c030\", \"009e\", \"009f\", \"c009\", \"c00a\", \"c013\", \"c014\", \"0033\", \"0039\", \"c007\", \"c011\", \"009c\", \"009d\", \"002f\", \"0035\", \"0005\", \"00ff\"]": 17,
        "[\"c02b\", \"c02f\", \"009e\", \"c00a\", \"c009\", \"c013\", \"c014\", \"0033\", \"0039\", \"009c\", \"002f\", \"0035\", \"00ff\"]": 2,
        "[\"cca9\", \"cca8\", \"cc14\", \"cc13\", \"c02b\", \"c02f\", \"c02c\", \"c030\", \"c009\", \"c013\", \"c00a\", \"c014\", \"009c\", \"009d\", \"002f\", \"0035\", \"000a\"]": 1,
        "[\"c030\", \"c02c\", \"c028\", \"c024\", \"c014\", \"c00a\", \"c022\", \"c021\", \"00a3\", \"009f\", \"006b\", \"006a\", \"0039\", \"0038\", \"c032\", \"c02e\", \"c02a\", \"c026\", \"c00f\", \"c005\", \"009d\", \"003d\", \"0035\", \"c012\", \"c008\", \"c01c\", \"c01b\", \"0016\", \"0013\", \"c00d\", \"c003\", \"000a\", \"c02f\", \"c02b\", \"c027\", \"c023\", \"c013\", \"c009\", \"c01f\", \"c01e\", \"00a2\", \"009e\", \"0067\", \"0040\", \"0033\", \"0032\", \"c031\", \"c02d\", \"c029\", \"c025\", \"c00e\", \"c004\", \"009c\", \"003c\", \"002f\", \"00ff\"]": 1,
        "[\"0004\", \"0005\", \"002f\", \"0035\", \"c002\", \"c004\", \"c005\", \"c00c\", \"c00e\", \"c00f\", \"c007\", \"c009\", \"c00a\", \"c011\", \"c013\", \"c014\", \"0033\", \"0039\", \"0032\", \"0038\", \"000a\", \"c003\", \"c00d\", \"c008\", \"c012\", \"0016\", \"0013\", \"0009\", \"0015\", \"0012\", \"0003\", \"0008\", \"0014\", \"0011\", \"00ff\"]": 1,
        "[\"c02b\", \"c02c\", \"c02f\", \"c030\", \"c009\", \"c00a\", \"c013\", \"c014\", \"0033\", \"0039\", \"c007\", \"c011\", \"009c\", \"009d\", \"002f\", \"0035\", \"0005\", \"00ff\"]": 2
    }
}