{
    "flow_volume": 100,
    "flow_duration": 10,
    "flow_rate": 6000000,
    "sleep_time": 10,
    "dns_interval": 10,
    "ntp_interval": 10,
    "ports": {
        "null": 386,
        "5228": 19,
        "8090": 12,
        "33434": 267,
        "4500": 178,
        "443": 314,
        "56700": 60,
        "5222": 251,
        "123": 149,
        "59677": 59,
        "58387": 59,
        "50443": 79,
        "10001": 613,
        "43604": 1,
        "33921": 1,
        "80": 89,
        "57871": 1,
        "1935": 46,
        "47940": 41,
        "52585": 1,
        "49237": 1,
        "59418": 1,
        "38770": 1,
        "3478": 38,
        "29963": 2,
        "8089": 4,
        "47409": 1,
        "43960": 1,
        "60162": 42,
        "68": 28,
        "47648": 1,
        "30345": 2,
        "4439": 1,
        "32928": 1,
        "38143": 1,
        "41418": 1,
        "53935": 1,
        "46202": 1,
        "3090": 2,
        "41341": 1,
        "137": 3,
        "34712": 1,
        "6418": 1,
        "35651": 1,
        "38363": 1,
        "37616": 6,
        "34979": 1,
        "49236": 1,
        "45105": 1,
        "55866": 1,
        "35245": 1,
        "53785": 1,
        "67": 13,
        "57016": 1,
        "30346": 2,
        "30347": 2,
        "25587": 5,
        "25050": 5,
        "46724": 1,
        "58485": 1,
        "40700": 1,
        "33610": 1,
        "52172": 1,
        "2179": 22,
        "58277": 1,
        "46646": 1,
        "40755": 1,
        "44121": 1,
        "46706": 1,
        "60529": 1,
        "38837": 1,
        "33044": 1,
        "54295": 1,
        "30348": 2,
        "44834": 1,
        "57422": 1,
        "49158": 1,
        "59219": 1,
        "53768": 1,
        "60067": 1,
        "6420": 1,
        "49413": 1,
        "35515": 1,
        "41393": 1,
        "47529": 1,
        "36859": 1,
        "35385": 1,
        "50353": 1,
        "30349": 2,
        "48672": 1,
        "52977": 1,
        "59296": 1,
        "55897": 1,
        "18657": 1,
        "10896": 1,
        "7275": 1,
        "17215": 1,
        "29188": 1,
        "28483": 1,
        "15352": 1,
        "37476": 1,
        "32942": 1,
        "54684": 1,
        "59493": 1,
        "49369": 1,
        "46764": 1,
        "38652": 1,
        "39921": 1,
        "43354": 1,
        "58591": 1,
        "45508": 1,
        "993": 6,
        "48738": 1,
        "45615": 1,
        "54652": 1,
        "30350": 2,
        "41537": 1,
        "47653": 1,
        "36073": 1,
        "55294": 1,
        "34617": 1,
        "49908": 3,
        "54039": 1,
        "6422": 1,
        "52756": 1,
        "32522": 2,
        "59484": 4,
        "51543": 1,
        "40222": 1,
        "44455": 1,
        "48153": 1,
        "56364": 1,
        "54801": 1,
        "58609": 1,
        "30351": 2,
        "39196": 1,
        "52277": 1,
        "60596": 1,
        "48973": 1,
        "41179": 1,
        "38862": 1,
        "57104": 1,
        "40734": 1,
        "40140": 1,
        "47349": 1,
        "34782": 1,
        "39442": 1,
        "36606": 1,
        "57221": 1,
        "44931": 1,
        "56014": 1,
        "30352": 2,
        "45822": 1,
        "58084": 1,
        "60437": 1,
        "36640": 1,
        "4444": 1,
        "43137": 1,
        "6424": 1,
        "53296": 1,
        "55495": 1,
        "59859": 1,
        "53066": 1,
        "57282": 1,
        "54757": 1,
        "57275": 1,
        "51333": 1,
        "48115": 1,
        "58672": 1,
        "30353": 2,
        "30354": 2,
        "33387": 1,
        "37321": 1,
        "50876": 1,
        "56716": 1,
        "58487": 1,
        "49965": 1,
        "46892": 1,
        "57351": 1,
        "36372": 1,
        "24954": 1,
        "31046": 1,
        "26602": 1,
        "41769": 1,
        "30355": 2,
        "44941": 1,
        "58083": 1,
        "59183": 1,
        "31720": 1,
        "11731": 1,
        "20395": 1,
        "38334": 1,
        "49153": 1,
        "6426": 1,
        "51975": 1,
        "55307": 1,
        "38112": 1,
        "37043": 1,
        "41927": 1,
        "33130": 1,
        "50900": 1,
        "2273": 1,
        "31986": 1,
        "30356": 2,
        "55163": 1,
        "55314": 1,
        "47495": 1,
        "41751": 1,
        "52348": 1,
        "40338": 1,
        "58854": 1,
        "53124": 1,
        "35074": 1,
        "43002": 1,
        "59003": 1,
        "38840": 1,
        "46779": 1,
        "54486": 1,
        "35078": 1,
        "37970": 1,
        "35464": 1,
        "30357": 2,
        "54000": 1,
        "33786": 1,
        "45275": 1,
        "37765": 1,
        "6428": 1,
        "6430": 1,
        "35793": 1,
        "57501": 1,
        "60453": 1,
        "56758": 1,
        "59468": 1,
        "52177": 1,
        "44819": 1,
        "46740": 1,
        "55903": 1,
        "30358": 2,
        "54123": 1,
        "46378": 1,
        "38520": 1,
        "54635": 1,
        "36919": 1,
        "44701": 1,
        "38138": 1,
        "57913": 1,
        "60269": 1
    },
    "domains": {
        "time.nist.gov": 60,
        "scalews.withings.net": 18,
        "www.example.com": 26,
        "www.example.net": 26,
        "www.example.org": 26,
        "babyws.withings.net": 11,
        "pool.ntp.org": 35,
        "www.belkin.com": 4,
        "d3gjecg2uu2eaq.cloudfront.net": 4,
        "aps1-relay.tplinkcloud.com": 4,
        "connect.insteon.com": 12,
        "device-metrics-us.amazon.com": 6,
        "sip.invoxia.com": 8,
        "softwareupdates.amazon.com": 1,
        "netcom.netatmo.net": 14,
        "connectivitycheck.gstatic.com": 2,
        "alt4-mtalk.google.com": 1,
        "api.samsungosp.com": 1,
        "mobile.pipe.aria.microsoft.com": 2,
        "clients3.google.com": 1,
        "imap.gmail.com": 1,
        "android.clients.google.com": 1,
        "api.pix-star.com": 2,
        "api.pix-star.com.lan": 1,
        "api.pix-star.com.#": 1,
        "api.pix-star.com.wlan0": 1,
        "a.config.skype.com": 2,
        "apicom.netatmo.net": 1,
        "www.googleapis.com": 1,
        "www.googleadservices.com": 1,
        "www.youtube.com": 1,
        "api.evrythng.com": 1,
        "devs.tplinkcloud.com": 1,
        "www.google.com.au": 1,
        "clients4.google.com": 1,
        "uk.pool.ntp.org": 1,
        "pindorama.amazon.com": 1
    },
    "ciphers": {
        "[\"c014\", \"c00a\", \"0039\", \"0038\", \"0037\", \"0036\", \"0088\", \"0087\", \"0086\", \"0085\", \"c00f\", \"c005\", \"0035\", \"0084\", \"c013\", \"c009\", \"0033\", \"0032\", \"0031\", \"0030\", \"009a\", \"0099\", \"0098\", \"0097\", \"0045\", \"0044\", \"0043\", \"0042\", \"c00e\", \"c004\", \"002f\", \"0096\", \"0041\", \"0007\", \"c011\", \"c007\", \"c00c\", \"c002\", \"0005\", \"0004\", \"c012\", \"c008\", \"0016\", \"0013\", \"0010\", \"000d\", \"c00d\", \"c003\", \"000a\", \"0015\", \"0012\", \"000f\", \"000c\", \"0009\", \"00ff\"]": 5,
        "[\"cca9\", \"cc14\", \"c02b\", \"c02c\", \"cca8\", \"cc13\", \"c02f\", \"c030\", \"009e\", \"009f\", \"c009\", \"c00a\", \"c013\", \"c014\", \"0033\", \"0039\", \"009c\", \"009d\", \"002f\", \"0035\"]": 7,
        "[\"c02b\", \"c02c\", \"c02f\", \"c030\", \"009e\", \"009f\", \"c009\", \"c00a\", \"c013\", \"c014\", \"0033\", \"0039\", \"c007\", \"c011\", \"009c\", \"009d\", \"002f\", \"0035\", \"0005\", \"00ff\"]": 4,
        "[\"c030\", \"c02c\", \"c028\", \"c024\", \"c014\", \"c00a\", \"c032\", \"c02e\", \"c02a\", \"c026\", \"c00f\", \"c005\", \"009d\", \"003d\", \"0035\", \"c02f\", \"c02b\", \"c027\", \"c023\", \"c013\", \"c009\", \"c031\", \"c02d\", \"c029\", \"c025\", \"c00e\", \"c004\", \"009c\", \"003c\", \"002f\", \"c012\", \"c008\", \"c00d\", \"c003\", \"000a\", \"00ff\"]": 2,
        "[\"c030\", \"c02c\", \"c028\", \"c024\", \"c014\", \"c00a\", \"c022\", \"c021\", \"00a3\", \"009f\", \"006b\", \"006a\", \"0039\", \"0038\", \"c032\", \"c02e\", \"c02a\", \"c026\", \"c00f\", \"c005\", \"009d\", \"003d\", \"0035\", \"c012\", \"c008\", \"c01c\", \"c01b\", \"0016\", \"0013\", \"c00d\", \"c003\", \"000a\", \"c02f\", \"c02b\", \"c027\", \"c023\", \"c013\", \"c009\", \"c01f\", \"c01e\", \"00a2\", \"009e\", \"0067\", \"0040\", \"0033\", \"0032\", \"c031\", \"c02d\", \"c029\", \"c025\", \"c00e\", \"c004\", \"009c\", \"003c\", \"002f\", \"00ff\"]": 1,
        "[\"c030\", \"c02c\", \"c028\", \"c024\", \"c014\", \"c00a\", \"c022\", \"c021\", \"00a3\", \"009f\", \"006b\", \"006a\", \"0039\", \"0038\", \"0088\", \"0087\", \"c032\", \"c02e\", \"c02a\", \"c026\", \"c00f\", \"c005\", \"009d\", \"003d\", \"0035\", \"0084\", \"c012\", \"c008\", \"c01c\", \"c01b\", \"0016\", \"0013\", \"c00d\", \"c003\", \"000a\", \"c02f\", \"c02b\", \"c027\", \"c023\", \"c013\", \"c009\", \"c01f\", \"c01e\", \"00a2\", \"009e\", \"0067\", \"0040\", \"0033\", \"0032\", \"009a\", \"0099\", \"0045\", \"0044\", \"c031\", \"c02d\", \"c029\", \"c025\", \"c00e\", \"c004\", \"009c\", \"003c\", \"002f\", \"0096\", \"0041\", \"c011\", \"c007\", \"c00c\", \"c002\", \"0005\", \"0004\", \"0015\", \"0012\", \"0009\", \"0014\", \"0011\", \"0008\", \"0006\", \"0003\", \"00ff\"]": 1,
        "[\"c014\", \"c00a\", \"0039\", \"0038\", \"0088\", \"0087\", \"c00f\", \"c005\", \"0035\", \"0084\", \"c013\", \"c009\", \"0033\", \"0032\", \"009a\", \"0099\", \"0045\", \"0044\", \"c00e\", \"c004\", \"002f\", \"0096\", \"0041\", \"0007\", \"c011\", \"c007\", \"c00c\", \"c002\", \"0005\", \"0004\", \"c012\", \"c008\", \"0016\", \"0013\", \"c00d\", \"c003\", \"000a\", \"0015\", \"0012\", \"0009\", \"0014\", \"0011\", \"0008\", \"0006\", \"0003\", \"00ff\"]": 1,
        "[\"cca9\", \"cca8\", \"cc14\", \"cc13\", \"c02b\", \"c02f\", \"c02c\", \"c030\", \"c009\", \"c013\", \"c00a\", \"c014\", \"009c\", \"009d\", \"002f\", \"0035\", \"000a\"]": 1,
        "[\"c030\", \"c02c\", \"c028\", \"c024\", \"c014\", \"c00a\", \"00a5\", \"00a3\", \"00a1\", \"009f\", \"006b\", \"006a\", \"0069\", \"0068\", \"0039\", \"0038\", \"0037\", \"0036\", \"0088\", \"0087\", \"0086\", \"0085\", \"c032\", \"c02e\", \"c02a\", \"c026\", \"c00f\", \"c005\", \"009d\", \"003d\", \"0035\", \"0084\", \"c02f\", \"c02b\", \"c027\", \"c023\", \"c013\", \"c009\", \"00a4\", \"00a2\", \"00a0\", \"009e\", \"0067\", \"0040\", \"003f\", \"003e\", \"0033\", \"0032\", \"0031\", \"0030\", \"009a\", \"0099\", \"0098\", \"0097\", \"0045\", \"0044\", \"0043\", \"0042\", \"c031\", \"c02d\", \"c029\", \"c025\", \"c00e\", \"c004\", \"009c\", \"003c\", \"002f\", \"0096\", \"0041\", \"0007\", \"c011\", \"c007\", \"c00c\", \"c002\", \"0005\", \"0004\", \"c012\", \"c008\", \"0016\", \"0013\", \"0010\", \"000d\", \"c00d\", \"c003\", \"000a\", \"0015\", \"0012\", \"000f\", \"000c\", \"0009\", \"00ff\"]": 1
    }
}