{
    "flow_volume": 100,
    "flow_duration": 10,
    "flow_rate": 6000000,
    "sleep_time": 10,
    "dns_interval": 10,
    "ntp_interval": 10,
    "ports": {
        "443": 313,
        "10001": 640,
        "3478": 40,
        "null": 387,
        "33434": 267,
        "36858": 160,
        "1935": 44,
        "60162": 48,
        "56700": 59,
        "58692": 33,
        "4500": 16,
        "50443": 78,
        "5222": 261,
        "47940": 31,
        "57672": 1,
        "123": 163,
        "58387": 60,
        "37616": 7,
        "5228": 14,
        "34134": 1,
        "80": 101,
        "54636": 1,
        "21372": 2,
        "35542": 1,
        "8089": 4,
        "54737": 1,
        "15196": 1,
        "25999": 1,
        "16384": 1,
        "57495": 1,
        "55787": 1,
        "51183": 1,
        "30153": 2,
        "35389": 1,
        "50562": 1,
        "50300": 1,
        "58625": 1,
        "48163": 1,
        "8090": 12,
        "2179": 23,
        "41359": 1,
        "49639": 1,
        "49376": 1,
        "993": 6,
        "52936": 1,
        "67": 14,
        "45632": 1,
        "6236": 1,
        "60704": 1,
        "41164": 1,
        "59411": 1,
        "49431": 1,
        "1163": 1,
        "41634": 1,
        "33516": 1,
        "48822": 3,
        "49996": 1,
        "56707": 1,
        "30154": 2,
        "30155": 2,
        "47898": 1,
        "38887": 1,
        "59659": 1,
        "44075": 1,
        "51879": 1,
        "68": 27,
        "59449": 1,
        "37594": 1,
        "51409": 1,
        "47244": 1,
        "50171": 1,
        "36693": 1,
        "39199": 1,
        "30156": 2,
        "137": 3,
        "60496": 1,
        "54934": 1,
        "40529": 1,
        "52694": 1,
        "60422": 1,
        "36821": 1,
        "49908": 2,
        "33315": 1,
        "6238": 1,
        "56611": 1,
        "48028": 1,
        "25587": 4,
        "25050": 4,
        "57981": 1,
        "30157": 2,
        "48403": 1,
        "43939": 1,
        "38462": 1,
        "35939": 1,
        "55086": 1,
        "45372": 4,
        "24949": 1,
        "32822": 1,
        "19166": 1,
        "18519": 1,
        "17850": 1,
        "28091": 1,
        "38292": 1,
        "16112": 1,
        "32171": 1,
        "30300": 2,
        "38533": 1,
        "46704": 1,
        "38133": 1,
        "37766": 1,
        "39514": 1,
        "48406": 1,
        "46631": 1,
        "41938": 1,
        "39175": 1,
        "60417": 1,
        "4349": 1,
        "35079": 1,
        "42158": 1,
        "42179": 1,
        "35505": 1,
        "57129": 1,
        "30158": 2,
        "48599": 1,
        "46394": 1,
        "43186": 1,
        "50878": 1,
        "55367": 1,
        "33170": 1,
        "46359": 1,
        "53645": 1,
        "60904": 1,
        "44822": 1,
        "33438": 1,
        "41819": 1,
        "52388": 1,
        "51273": 1,
        "50165": 1,
        "39481": 1,
        "48896": 1,
        "6240": 1,
        "3088": 2,
        "30028": 1,
        "52690": 1,
        "35899": 1,
        "60478": 1,
        "39138": 1,
        "9531": 1,
        "30159": 2,
        "61872": 1,
        "36572": 1,
        "56681": 1,
        "42818": 1,
        "49215": 1,
        "34404": 1,
        "49055": 1,
        "47274": 1,
        "48893": 1,
        "50561": 1,
        "51867": 3,
        "48611": 1,
        "36108": 1,
        "40554": 1,
        "46153": 1,
        "34732": 1,
        "35648": 1,
        "53294": 1,
        "51786": 1,
        "38346": 1,
        "54325": 1,
        "42514": 1,
        "30160": 2,
        "59781": 1,
        "44689": 27,
        "54889": 1,
        "50364": 1,
        "35896": 1,
        "28046": 1,
        "40921": 1,
        "38678": 1,
        "46768": 1,
        "6242": 1,
        "48547": 1,
        "41499": 1,
        "39944": 1,
        "37172": 1,
        "40291": 1,
        "42800": 1,
        "34559": 1,
        "49559": 1,
        "43483": 1,
        "30161": 2,
        "53614": 1,
        "46253": 1,
        "47170": 1,
        "47797": 1,
        "43742": 1,
        "48280": 1,
        "54182": 1,
        "54549": 1,
        "33969": 1,
        "32817": 1,
        "49897": 1,
        "53871": 1,
        "39648": 1,
        "44281": 1,
        "30162": 2,
        "34385": 1,
        "35571": 1,
        "39631": 1,
        "49153": 1,
        "60569": 1,
        "6244": 1,
        "58105": 1,
        "48106": 1,
        "59917": 1,
        "46427": 1,
        "48383": 1,
        "50890": 1,
        "30163": 2,
        "45443": 1,
        "35181": 1,
        "39119": 1,
        "46116": 1,
        "49504": 1,
        "51047": 1,
        "56846": 1,
        "40749": 1,
        "60189": 1,
        "44324": 1,
        "32906": 1,
        "57600": 1,
        "54392": 1,
        "50289": 1,
        "60583": 1,
        "30164": 2,
        "33128": 1,
        "48419": 1,
        "36641": 1,
        "4350": 1,
        "49276": 1,
        "43166": 1,
        "50956": 1,
        "59820": 1,
        "35461": 1,
        "56589": 1,
        "36410": 1,
        "36347": 1,
        "6246": 1,
        "35070": 1,
        "48053": 1,
        "46387": 1,
        "38916": 1,
        "47884": 1,
        "34060": 1,
        "30165": 2,
        "39978": 1,
        "43836": 1,
        "56239": 1,
        "58843": 1,
        "48700": 1,
        "53130": 1,
        "56207": 1
    },
    "domains": {
        "time.nist.gov": 60,
        "sip.invoxia.com": 9,
        "babyws.withings.net": 20,
        "clients3.google.com": 1,
        "play.googleapis.com": 1,
        "android.clients.google.com": 4,
        "aps1-relay.tplinkcloud.com": 4,
        "pool.ntp.org": 32,
        "www.example.com": 24,
        "www.example.net": 24,
        "www.example.org": 24,
        "connect.insteon.com": 12,
        "devs.tplinkcloud.com": 2,
        "device-metrics-us.amazon.com": 4,
        "apicom.netatmo.net": 1,
        "scalews.withings.net": 17,
        "netcom.netatmo.net": 12,
        "www.googleapis.com": 1,
        "www.youtube.com": 1,
        "www.googleadservices.com": 1,
        "mail.google.com": 1,
        "b.config.skype.com": 2,
        "api.pix-star.com": 2,
        "api.pix-star.com.lan": 1,
        "api.pix-star.com.#": 1,
        "api.pix-star.com.wlan0": 1,
        "www.belkin.com": 4,
        "d3gjecg2uu2eaq.cloudfront.net": 4,
        "resolver.msg.xiaomi.net": 2,
        "LB-IM-07-826586616.ap-southeast-1.elb.amazonaws.com": 1,
        "inst.platform.bing.com": 1,
        "pindorama.amazon.com": 1,
        "www.meethue.com": 1,
        "0.invoxia.pool.ntp.org": 1,
        "api.evrythng.com": 1,
        "uk.pool.ntp.org": 2
    },
    "ciphers": {
        "[\"cca9\", \"cc14\", \"c02b\", \"c02c\", \"cca8\", \"cc13\", \"c02f\", \"c030\", \"009e\", \"009f\", \"c009\", \"c00a\", \"c013\", \"c014\", \"0033\", \"0039\", \"009c\", \"009d\", \"002f\", \"0035\"]": 7,
        "[\"c02b\", \"c02c\", \"c02f\", \"c030\", \"009e\", \"009f\", \"c009\", \"c00a\", \"c013\", \"c014\", \"0033\", \"0039\", \"c007\", \"c011\", \"009c\", \"009d\", \"002f\", \"0035\", \"0005\", \"00ff\"]": 6,
        "[\"c014\", \"c00a\", \"0039\", \"0038\", \"0088\", \"0087\", \"c00f\", \"c005\", \"0035\", \"0084\", \"c013\", \"c009\", \"0033\", \"0032\", \"009a\", \"0099\", \"0045\", \"0044\", \"c00e\", \"c004\", \"002f\", \"0096\", \"0041\", \"0007\", \"c011\", \"c007\", \"c00c\", \"c002\", \"0005\", \"0004\", \"c012\", \"c008\", \"0016\", \"0013\", \"c00d\", \"c003\", \"000a\", \"0015\", \"0012\", \"0009\", \"0014\", \"0011\", \"0008\", \"0006\", \"0003\", \"00ff\"]": 1,
        "[\"c014\", \"c00a\", \"0039\", \"0038\", \"0037\", \"0036\", \"0088\", \"0087\", \"0086\", \"0085\", \"c00f\", \"c005\", \"0035\", \"0084\", \"c013\", \"c009\", \"0033\", \"0032\", \"0031\", \"0030\", \"009a\", \"0099\", \"0098\", \"0097\", \"0045\", \"0044\", \"0043\", \"0042\", \"c00e\", \"c004\", \"002f\", \"0096\", \"0041\", \"0007\", \"c011\", \"c007\", \"c00c\", \"c002\", \"0005\", \"0004\", \"c012\", \"c008\", \"0016\", \"0013\", \"0010\", \"000d\", \"c00d\", \"c003\", \"000a\", \"0015\", \"0012\", \"000f\", \"000c\", \"0009\", \"00ff\"]": 4,
        "[\"c030\", \"c02c\", \"c028\", \"c024\", \"c014\", \"c00a\", \"c032\", \"c02e\", \"c02a\", \"c026\", \"c00f\", \"c005\", \"009d\", \"003d\", \"0035\", \"c02f\", \"c02b\", \"c027\", \"c023\", \"c013\", \"c009\", \"c031\", \"c02d\", \"c029\", \"c025\", \"c00e\", \"c004\", \"009c\", \"003c\", \"002f\", \"c012\", \"c008\", \"c00d\", \"c003\", \"000a\", \"00ff\"]": 1,
        "[\"c030\", \"c02c\", \"c028\", \"c024\", \"c014\", \"c00a\", \"c022\", \"c021\", \"00a3\", \"009f\", \"006b\", \"006a\", \"0039\", \"0038\", \"0088\", \"0087\", \"c032\", \"c02e\", \"c02a\", \"c026\", \"c00f\", \"c005\", \"009d\", \"003d\", \"0035\", \"0084\", \"c012\", \"c008\", \"c01c\", \"c01b\", \"0016\", \"0013\", \"c00d\", \"c003\", \"000a\", \"c02f\", \"c02b\", \"c027\", \"c023\", \"c013\", \"c009\", \"c01f\", \"c01e\", \"00a2\", \"009e\", \"0067\", \"0040\", \"0033\", \"0032\", \"009a\", \"0099\", \"0045\", \"0044\", \"c031\", \"c02d\", \"c029\", \"c025\", \"c00e\", \"c004\", \"009c\", \"003c\", \"002f\", \"0096\", \"0041\", \"c011\", \"c007\", \"c00c\", \"c002\", \"0005\", \"0004\", \"0015\", \"0012\", \"0009\", \"0014\", \"0011\", \"0008\", \"0006\", \"0003\", \"00ff\"]": 1,
        "[\"c030\", \"c02c\", \"c028\", \"c024\", \"c014\", \"c00a\", \"c022\", \"c021\", \"00a3\", \"009f\", \"006b\", \"006a\", \"0039\", \"0038\", \"c032\", \"c02e\", \"c02a\", \"c026\", \"c00f\", \"c005\", \"009d\", \"003d\", \"0035\", \"c012\", \"c008\", \"c01c\", \"c01b\", \"0016\", \"0013\", \"c00d\", \"c003\", \"000a\", \"c02f\", \"c02b\", \"c027\", \"c023\", \"c013\", \"c009\", \"c01f\", \"c01e\", \"00a2\", \"009e\", \"0067\", \"0040\", \"0033\", \"0032\", \"c031\", \"c02d\", \"c029\", \"c025\", \"c00e\", \"c004\", \"009c\", \"003c\", \"002f\", \"00ff\"]": 1,
        "[\"c030\", \"c02c\", \"c028\", \"c024\", \"c014\", \"c00a\", \"00a5\", \"00a3\", \"00a1\", \"009f\", \"006b\", \"006a\", \"0069\", \"0068\", \"0039\", \"0038\", \"0037\", \"0036\", \"0088\", \"0087\", \"0086\", \"0085\", \"c032\", \"c02e\", \"c02a\", \"c026\", \"c00f\", \"c005\", \"009d\", \"003d\", \"0035\", \"0084\", \"c02f\", \"c02b\", \"c027\", \"c023\", \"c013\", \"c009\", \"00a4\", \"00a2\", \"00a0\", \"009e\", \"0067\", \"0040\", \"003f\", \"003e\", \"0033\", \"0032\", \"0031\", \"0030\", \"009a\", \"0099\", \"0098\", \"0097\", \"0045\", \"0044\", \"0043\", \"0042\", \"c031\", \"c02d\", \"c029\", \"c025\", \"c00e\", \"c004\", \"009c\", \"003c\", \"002f\", \"0096\", \"0041\", \"0007\", \"c011\", \"c007\", \"c00c\", \"c002\", \"0005\", \"0004\", \"c012\", \"c008\", \"0016\", \"0013\", \"0010\", \"000d\", \"c00d\", \"c003\", \"000a\", \"0015\", \"0012\", \"000f\", \"000c\", \"0009\", \"00ff\"]": 2
    }
}