{
    "flow_volume": 100,
    "flow_duration": 10,
    "flow_rate": 6000000,
    "sleep_time": 10,
    "dns_interval": 10,
    "ntp_interval": 10,
    "ports": {
        "36858": 167,
        "null": 379,
        "5222": 249,
        "33434": 266,
        "60162": 48,
        "4500": 10,
        "56700": 60,
        "443": 305,
        "47940": 41,
        "123": 154,
        "58387": 61,
        "50443": 79,
        "10001": 625,
        "46140": 1,
        "41060": 1,
        "80": 79,
        "37365": 1,
        "51051": 1,
        "5228": 15,
        "43950": 35,
        "67": 17,
        "1935": 42,
        "3478": 38,
        "29963": 2,
        "8089": 4,
        "49827": 1,
        "45311": 1,
        "58941": 1,
        "55748": 1,
        "137": 3,
        "35455": 1,
        "49908": 3,
        "30306": 2,
        "35942": 1,
        "48412": 1,
        "56803": 1,
        "48618": 1,
        "8090": 12,
        "46146": 1,
        "6382": 1,
        "37121": 1,
        "68": 24,
        "48122": 1,
        "25587": 4,
        "25050": 4,
        "37616": 6,
        "58948": 1,
        "52853": 1,
        "2179": 21,
        "33956": 1,
        "44360": 1,
        "56777": 1,
        "993": 1,
        "50596": 1,
        "30307": 2,
        "46910": 1,
        "43504": 1,
        "34259": 1,
        "53740": 1,
        "58585": 1,
        "50581": 1,
        "42130": 1,
        "50712": 1,
        "47458": 1,
        "46151": 1,
        "30308": 2,
        "36962": 1,
        "42560": 1,
        "39704": 1,
        "59969": 1,
        "54330": 1,
        "41693": 1,
        "6384": 1,
        "52847": 1,
        "53601": 1,
        "55444": 1,
        "57414": 1,
        "59899": 1,
        "46124": 1,
        "43383": 1,
        "35884": 1,
        "38393": 1,
        "30309": 2,
        "45978": 1,
        "50636": 1,
        "38397": 1,
        "58626": 1,
        "36859": 1,
        "44257": 1,
        "43740": 1,
        "55007": 1,
        "57741": 1,
        "36061": 1,
        "38249": 1,
        "48004": 1,
        "32913": 1,
        "39353": 1,
        "57944": 1,
        "60433": 1,
        "53447": 1,
        "36002": 1,
        "42707": 1,
        "48002": 1,
        "46456": 1,
        "54537": 1,
        "30310": 2,
        "30311": 2,
        "38838": 1,
        "42999": 1,
        "33631": 1,
        "17090": 2,
        "38561": 1,
        "6386": 1,
        "44843": 1,
        "4425": 1,
        "3090": 2,
        "48871": 1,
        "37979": 1,
        "57720": 1,
        "35207": 1,
        "57197": 1,
        "50882": 1,
        "30312": 2,
        "49801": 1,
        "53460": 1,
        "53683": 1,
        "53196": 1,
        "35832": 1,
        "48341": 1,
        "51527": 1,
        "45351": 1,
        "40133": 1,
        "44711": 1,
        "54058": 1,
        "35212": 1,
        "57299": 1,
        "56478": 1,
        "59158": 1,
        "30313": 2,
        "35059": 1,
        "49573": 1,
        "34726": 1,
        "39552": 1,
        "47386": 1,
        "6388": 1,
        "60462": 1,
        "48586": 1,
        "34779": 1,
        "59826": 1,
        "47704": 1,
        "59265": 1,
        "59503": 1,
        "57404": 1,
        "42773": 23,
        "44149": 1,
        "48337": 1,
        "51931": 1,
        "30314": 2,
        "56643": 1,
        "34281": 1,
        "56443": 1,
        "15176": 1,
        "33731": 1,
        "50570": 1,
        "49677": 1,
        "52115": 1,
        "60197": 1,
        "40119": 1,
        "47958": 1,
        "56814": 1,
        "36684": 1,
        "58278": 1,
        "30315": 2,
        "30316": 2,
        "38351": 1,
        "52248": 1,
        "46335": 1,
        "49153": 1,
        "6390": 1,
        "46002": 1,
        "41790": 1,
        "57953": 1,
        "40357": 1,
        "49758": 1,
        "45480": 1,
        "30317": 2,
        "30318": 2,
        "38122": 1,
        "35442": 1,
        "58453": 1,
        "53230": 1,
        "50247": 1,
        "52022": 1,
        "34919": 1,
        "34285": 1,
        "42656": 1,
        "47605": 1,
        "45664": 1,
        "53459": 1,
        "42863": 1,
        "30319": 2,
        "45535": 1,
        "39679": 1,
        "35911": 1,
        "51561": 1,
        "44041": 1,
        "58308": 1,
        "33778": 1,
        "6392": 1,
        "43968": 1,
        "36435": 1,
        "35590": 1,
        "50560": 1,
        "59006": 1,
        "4429": 1,
        "60600": 1,
        "30320": 2,
        "57150": 1,
        "58107": 1,
        "60346": 1,
        "41156": 1
    },
    "domains": {
        "time.nist.gov": 60,
        "scalews.withings.net": 11,
        "www.example.com": 24,
        "www.example.net": 24,
        "www.example.org": 24,
        "pool.ntp.org": 36,
        "aps1-relay.tplinkcloud.com": 4,
        "connect.insteon.com": 12,
        "device-metrics-us.amazon.com": 4,
        "netcom.netatmo.net": 12,
        "sip.invoxia.com": 8,
        "babyws.withings.net": 14,
        "chat.hpeprint.com": 2,
        "developer.invoxia.com": 1,
        "devs.tplinkcloud.com": 1,
        "api.pix-star.com": 2,
        "api.pix-star.com.lan": 1,
        "api.pix-star.com.#": 1,
        "api.pix-star.com.wlan0": 1,
        "www.belkin.com": 4,
        "d3gjecg2uu2eaq.cloudfront.net": 4,
        "apicom.netatmo.net": 2,
        "pindorama.amazon.com": 1,
        "www.meethue.com": 1,
        "0.invoxia.pool.ntp.org": 1,
        "api.evrythng.com": 1,
        "uk.pool.ntp.org": 1
    },
    "ciphers": {
        "[\"c014\", \"c00a\", \"0039\", \"0038\", \"0037\", \"0036\", \"0088\", \"0087\", \"0086\", \"0085\", \"c00f\", \"c005\", \"0035\", \"0084\", \"c013\", \"c009\", \"0033\", \"0032\", \"0031\", \"0030\", \"009a\", \"0099\", \"0098\", \"0097\", \"0045\", \"0044\", \"0043\", \"0042\", \"c00e\", \"c004\", \"002f\", \"0096\", \"0041\", \"0007\", \"c011\", \"c007\", \"c00c\", \"c002\", \"0005\", \"0004\", \"c012\", \"c008\", \"0016\", \"0013\", \"0010\", \"000d\", \"c00d\", \"c003\", \"000a\", \"0015\", \"0012\", \"000f\", \"000c\", \"0009\", \"00ff\"]": 5,
        "[\"009f\", \"006b\", \"0039\", \"009d\", \"003d\", \"0035\", \"009e\", \"0067\", \"0033\", \"009c\", \"003c\", \"002f\", \"0016\", \"000a\", \"00ff\"]": 1,
        "[\"c014\", \"c00a\", \"0039\", \"0038\", \"0088\", \"0087\", \"c00f\", \"c005\", \"0035\", \"0084\", \"c013\", \"c009\", \"0033\", \"0032\", \"009a\", \"0099\", \"0045\", \"0044\", \"c00e\", \"c004\", \"002f\", \"0096\", \"0041\", \"0007\", \"c011\", \"c007\", \"c00c\", \"c002\", \"0005\", \"0004\", \"c012\", \"c008\", \"0016\", \"0013\", \"c00d\", \"c003\", \"000a\", \"0015\", \"0012\", \"0009\", \"0014\", \"0011\", \"0008\", \"0006\", \"0003\", \"00ff\"]": 1,
        "[\"c030\", \"c02c\", \"c028\", \"c024\", \"c014\", \"c00a\", \"c022\", \"c021\", \"00a3\", \"009f\", \"006b\", \"006a\", \"0039\", \"0038\", \"0088\", \"0087\", \"c032\", \"c02e\", \"c02a\", \"c026\", \"c00f\", \"c005\", \"009d\", \"003d\", \"0035\", \"0084\", \"c012\", \"c008\", \"c01c\", \"c01b\", \"0016\", \"0013\", \"c00d\", \"c003\", \"000a\", \"c02f\", \"c02b\", \"c027\", \"c023\", \"c013\", \"c009\", \"c01f\", \"c01e\", \"00a2\", \"009e\", \"0067\", \"0040\", \"0033\", \"0032\", \"009a\", \"0099\", \"0045\", \"0044\", \"c031\", \"c02d\", \"c029\", \"c025\", \"c00e\", \"c004\", \"009c\", \"003c\", \"002f\", \"0096\", \"0041\", \"c011\", \"c007\", \"c00c\", \"c002\", \"0005\", \"0004\", \"0015\", \"0012\", \"0009\", \"0014\", \"0011\", \"0008\", \"0006\", \"0003\", \"00ff\"]": 1,
        "[\"c030\", \"c02c\", \"c028\", \"c024\", \"c014\", \"c00a\", \"c022\", \"c021\", \"00a3\", \"009f\", \"006b\", \"006a\", \"0039\", \"0038\", \"c032\", \"c02e\", \"c02a\", \"c026\", \"c00f\", \"c005\", \"009d\", \"003d\", \"0035\", \"c012\", \"c008\", \"c01c\", \"c01b\", \"0016\", \"0013\", \"c00d\", \"c003\", \"000a\", \"c02f\", \"c02b\", \"c027\", \"c023\", \"c013\", \"c009\", \"c01f\", \"c01e\", \"00a2\", \"009e\", \"0067\", \"0040\", \"0033\", \"0032\", \"c031\", \"c02d\", \"c029\", \"c025\", \"c00e\", \"c004\", \"009c\", \"003c\", \"002f\", \"00ff\"]": 3,
        "[\"c030\", \"c02c\", \"c028\", \"c024\", \"c014\", \"c00a\", \"00a5\", \"00a3\", \"00a1\", \"009f\", \"006b\", \"006a\", \"0069\", \"0068\", \"0039\", \"0038\", \"0037\", \"0036\", \"0088\", \"0087\", \"0086\", \"0085\", \"c032\", \"c02e\", \"c02a\", \"c026\", \"c00f\", \"c005\", \"009d\", \"003d\", \"0035\", \"0084\", \"c02f\", \"c02b\", \"c027\", \"c023\", \"c013\", \"c009\", \"00a4\", \"00a2\", \"00a0\", \"009e\", \"0067\", \"0040\", \"003f\", \"003e\", \"0033\", \"0032\", \"0031\", \"0030\", \"009a\", \"0099\", \"0098\", \"0097\", \"0045\", \"0044\", \"0043\", \"0042\", \"c031\", \"c02d\", \"c029\", \"c025\", \"c00e\", \"c004\", \"009c\", \"003c\", \"002f\", \"0096\", \"0041\", \"0007\", \"c011\", \"c007\", \"c00c\", \"c002\", \"0005\", \"0004\", \"c012\", \"c008\", \"0016\", \"0013\", \"0010\", \"000d\", \"c00d\", \"c003\", \"000a\", \"0015\", \"0012\", \"000f\", \"000c\", \"0009\", \"00ff\"]": 2
    }
}