{
    "flow_volume": 100,
    "flow_duration": 10,
    "flow_rate": 6000000,
    "sleep_time": 10,
    "dns_interval": 10,
    "ntp_interval": 10,
    "ports": {
        "null": 393,
        "49619": 1,
        "80": 82,
        "4500": 131,
        "33434": 266,
        "60162": 48,
        "56700": 60,
        "10001": 625,
        "58113": 61,
        "8090": 12,
        "443": 294,
        "5222": 248,
        "50443": 79,
        "1935": 47,
        "46835": 1,
        "123": 148,
        "35660": 1,
        "37616": 7,
        "5228": 12,
        "58387": 57,
        "2179": 19,
        "47940": 34,
        "3478": 38,
        "29963": 2,
        "8089": 4,
        "40903": 1,
        "60181": 1,
        "56637": 1,
        "68": 38,
        "30359": 2,
        "42503": 1,
        "49908": 4,
        "52877": 1,
        "43853": 1,
        "25587": 4,
        "25050": 4,
        "41248": 1,
        "49017": 1,
        "56015": 1,
        "67": 11,
        "41463": 1,
        "6432": 1,
        "137": 3,
        "44129": 1,
        "38764": 1,
        "4447": 1,
        "36122": 1,
        "3090": 2,
        "35786": 1,
        "30360": 2,
        "42776": 1,
        "56520": 1,
        "28046": 1,
        "33665": 1,
        "38920": 1,
        "53784": 1,
        "56223": 1,
        "37281": 1,
        "37814": 1,
        "34179": 1,
        "33113": 1,
        "40443": 1,
        "45767": 1,
        "37078": 1,
        "58543": 1,
        "52509": 1,
        "60927": 1,
        "45371": 1,
        "59810": 1,
        "38215": 1,
        "42597": 1,
        "50406": 1,
        "30361": 2,
        "52965": 1,
        "57737": 1,
        "59826": 1,
        "55531": 1,
        "51672": 1,
        "45292": 1,
        "6434": 1,
        "40061": 1,
        "39731": 1,
        "42693": 1,
        "57141": 1,
        "44375": 1,
        "52692": 1,
        "30362": 2,
        "48233": 1,
        "39617": 1,
        "48982": 1,
        "37436": 1,
        "35624": 1,
        "46982": 1,
        "48780": 1,
        "37482": 1,
        "42556": 1,
        "47629": 1,
        "56605": 1,
        "49898": 1,
        "51823": 1,
        "42639": 1,
        "50508": 1,
        "60438": 1,
        "51601": 1,
        "37590": 1,
        "30363": 2,
        "47536": 1,
        "54642": 1,
        "60791": 1,
        "56266": 1,
        "35349": 1,
        "60824": 1,
        "37892": 1,
        "6436": 1,
        "32522": 2,
        "41837": 1,
        "53606": 1,
        "33439": 1,
        "30364": 2,
        "59488": 1,
        "47591": 1,
        "50226": 1,
        "49750": 1,
        "40711": 1,
        "34805": 1,
        "55028": 1,
        "58023": 1,
        "60999": 1,
        "44875": 1,
        "38949": 1,
        "30365": 2,
        "59571": 1,
        "49416": 1,
        "40974": 1,
        "43228": 1,
        "38632": 1,
        "43891": 1,
        "6438": 1,
        "52984": 1,
        "45822": 1,
        "58720": 1,
        "4452": 1,
        "59035": 1,
        "60421": 1,
        "30366": 2,
        "55332": 1,
        "55425": 1,
        "42946": 1,
        "53041": 1,
        "52764": 1,
        "59969": 1,
        "54540": 1,
        "52782": 1,
        "32990": 1,
        "41009": 1,
        "55613": 1,
        "54772": 1,
        "39586": 1,
        "7238": 1,
        "15406": 1,
        "48439": 1,
        "36858": 47,
        "30367": 2,
        "46052": 1,
        "59549": 1,
        "42059": 1,
        "45588": 1,
        "34175": 1,
        "33325": 1,
        "49365": 1,
        "6440": 1,
        "48984": 1,
        "51294": 1,
        "43004": 1,
        "38391": 1,
        "39302": 1,
        "30368": 2,
        "35499": 1,
        "50871": 1,
        "43516": 1,
        "40772": 1,
        "33777": 1,
        "57395": 1,
        "47834": 1,
        "49392": 1,
        "50890": 1,
        "47200": 1,
        "52689": 1,
        "44594": 1,
        "45453": 1,
        "37583": 1,
        "40177": 1,
        "47579": 1,
        "30369": 2,
        "60493": 1,
        "48124": 1,
        "40529": 1,
        "50540": 1,
        "60659": 1,
        "54909": 1,
        "45527": 1,
        "59047": 1,
        "49106": 1,
        "38685": 1,
        "60376": 1,
        "6442": 1,
        "41479": 1,
        "57500": 1,
        "59615": 1,
        "40424": 1,
        "30370": 2,
        "40779": 1,
        "33312": 1,
        "57319": 1,
        "47903": 1,
        "41194": 1,
        "35197": 1
    },
    "domains": {
        "babyws.withings.net": 15,
        "time.nist.gov": 60,
        "scalews.withings.net": 15,
        "sip.invoxia.com": 9,
        "pool.ntp.org": 30,
        "aps1-relay.tplinkcloud.com": 4,
        "connect.insteon.com": 12,
        "netcom.netatmo.net": 10,
        "www.example.com": 24,
        "www.example.net": 24,
        "www.example.org": 24,
        "device-metrics-us.amazon.com": 4,
        "www.belkin.com": 4,
        "d3gjecg2uu2eaq.cloudfront.net": 4,
        "play.googleapis.com": 1,
        "www.meethue.com": 1,
        "api.pix-star.com": 2,
        "api.pix-star.com.lan": 1,
        "api.pix-star.com.#": 1,
        "api.pix-star.com.wlan0": 1,
        "apicom.netatmo.net": 2,
        "74.191.154.195.in-addr.arpa": 1,
        "216.177.210.62.in-addr.arpa": 1,
        "uk.pool.ntp.org": 2,
        "devs.tplinkcloud.com": 1
    },
    "ciphers": {
        "[\"c014\", \"c00a\", \"0039\", \"0038\", \"0037\", \"0036\", \"0088\", \"0087\", \"0086\", \"0085\", \"c00f\", \"c005\", \"0035\", \"0084\", \"c013\", \"c009\", \"0033\", \"0032\", \"0031\", \"0030\", \"009a\", \"0099\", \"0098\", \"0097\", \"0045\", \"0044\", \"0043\", \"0042\", \"c00e\", \"c004\", \"002f\", \"0096\", \"0041\", \"0007\", \"c011\", \"c007\", \"c00c\", \"c002\", \"0005\", \"0004\", \"c012\", \"c008\", \"0016\", \"0013\", \"0010\", \"000d\", \"c00d\", \"c003\", \"000a\", \"0015\", \"0012\", \"000f\", \"000c\", \"0009\", \"00ff\"]": 4,
        "[\"c02b\", \"c02c\", \"c02f\", \"c030\", \"009e\", \"009f\", \"c009\", \"c00a\", \"c013\", \"c014\", \"0033\", \"0039\", \"c007\", \"c011\", \"009c\", \"009d\", \"002f\", \"0035\", \"0005\", \"00ff\"]": 1,
        "[\"c030\", \"c02c\", \"c028\", \"c024\", \"c014\", \"c00a\", \"00a5\", \"00a3\", \"00a1\", \"009f\", \"006b\", \"006a\", \"0069\", \"0068\", \"0039\", \"0038\", \"0037\", \"0036\", \"0088\", \"0087\", \"0086\", \"0085\", \"c032\", \"c02e\", \"c02a\", \"c026\", \"c00f\", \"c005\", \"009d\", \"003d\", \"0035\", \"0084\", \"c02f\", \"c02b\", \"c027\", \"c023\", \"c013\", \"c009\", \"00a4\", \"00a2\", \"00a0\", \"009e\", \"0067\", \"0040\", \"003f\", \"003e\", \"0033\", \"0032\", \"0031\", \"0030\", \"009a\", \"0099\", \"0098\", \"0097\", \"0045\", \"0044\", \"0043\", \"0042\", \"c031\", \"c02d\", \"c029\", \"c025\", \"c00e\", \"c004\", \"009c\", \"003c\", \"002f\", \"0096\", \"0041\", \"0007\", \"c011\", \"c007\", \"c00c\", \"c002\", \"0005\", \"0004\", \"c012\", \"c008\", \"0016\", \"0013\", \"0010\", \"000d\", \"c00d\", \"c003\", \"000a\", \"0015\", \"0012\", \"000f\", \"000c\", \"0009\", \"00ff\"]": 1,
        "[\"c030\", \"c02c\", \"c028\", \"c024\", \"c014\", \"c00a\", \"c022\", \"c021\", \"00a3\", \"009f\", \"006b\", \"006a\", \"0039\", \"0038\", \"0088\", \"0087\", \"c032\", \"c02e\", \"c02a\", \"c026\", \"c00f\", \"c005\", \"009d\", \"003d\", \"0035\", \"0084\", \"c012\", \"c008\", \"c01c\", \"c01b\", \"0016\", \"0013\", \"c00d\", \"c003\", \"000a\", \"c02f\", \"c02b\", \"c027\", \"c023\", \"c013\", \"c009\", \"c01f\", \"c01e\", \"00a2\", \"009e\", \"0067\", \"0040\", \"0033\", \"0032\", \"009a\", \"0099\", \"0045\", \"0044\", \"c031\", \"c02d\", \"c029\", \"c025\", \"c00e\", \"c004\", \"009c\", \"003c\", \"002f\", \"0096\", \"0041\", \"c011\", \"c007\", \"c00c\", \"c002\", \"0005\", \"0004\", \"0015\", \"0012\", \"0009\", \"0014\", \"0011\", \"0008\", \"0006\", \"0003\", \"00ff\"]": 1,
        "[\"c030\", \"c02c\", \"c028\", \"c024\", \"c014\", \"c00a\", \"c022\", \"c021\", \"00a3\", \"009f\", \"006b\", \"006a\", \"0039\", \"0038\", \"c032\", \"c02e\", \"c02a\", \"c026\", \"c00f\", \"c005\", \"009d\", \"003d\", \"0035\", \"c012\", \"c008\", \"c01c\", \"c01b\", \"0016\", \"0013\", \"c00d\", \"c003\", \"000a\", \"c02f\", \"c02b\", \"c027\", \"c023\", \"c013\", \"c009\", \"c01f\", \"c01e\", \"00a2\", \"009e\", \"0067\", \"0040\", \"0033\", \"0032\", \"c031\", \"c02d\", \"c029\", \"c025\", \"c00e\", \"c004\", \"009c\", \"003c\", \"002f\", \"00ff\"]": 1,
        "[\"c014\", \"c00a\", \"0039\", \"0038\", \"0088\", \"0087\", \"c00f\", \"c005\", \"0035\", \"0084\", \"c013\", \"c009\", \"0033\", \"0032\", \"009a\", \"0099\", \"0045\", \"0044\", \"c00e\", \"c004\", \"002f\", \"0096\", \"0041\", \"0007\", \"c011\", \"c007\", \"c00c\", \"c002\", \"0005\", \"0004\", \"c012\", \"c008\", \"0016\", \"0013\", \"c00d\", \"c003\", \"000a\", \"0015\", \"0012\", \"0009\", \"0014\", \"0011\", \"0008\", \"0006\", \"0003\", \"00ff\"]": 1
    }
}