{
    "flow_volume": 100,
    "flow_duration": 10,
    "flow_rate": 6000000,
    "sleep_time": 10,
    "dns_interval": 10,
    "ntp_interval": 10,
    "ports": {
        "4500": 176,
        "null": 385,
        "5222": 253,
        "123": 140,
        "1935": 46,
        "443": 342,
        "33434": 266,
        "60162": 48,
        "56700": 59,
        "10001": 629,
        "58220": 1,
        "33530": 6,
        "50443": 79,
        "37616": 6,
        "5228": 38,
        "47940": 38,
        "3478": 38,
        "21372": 2,
        "8089": 4,
        "58032": 1,
        "46701": 1,
        "2179": 16,
        "45085": 1,
        "58387": 58,
        "46461": 1,
        "48170": 1,
        "80": 86,
        "36696": 1,
        "30127": 2,
        "68": 23,
        "59441": 1,
        "58573": 1,
        "45516": 1,
        "38430": 1,
        "42155": 1,
        "8090": 12,
        "39170": 1,
        "32879": 1,
        "35716": 1,
        "40402": 1,
        "58852": 1,
        "67": 13,
        "48636": 1,
        "42539": 1,
        "6212": 1,
        "54092": 54,
        "25587": 5,
        "25050": 5,
        "42670": 1,
        "41905": 1,
        "40901": 4,
        "49908": 4,
        "47054": 1,
        "32803": 1,
        "36347": 1,
        "30128": 2,
        "57940": 1,
        "42480": 1,
        "44380": 1,
        "50879": 1,
        "48481": 1,
        "44370": 1,
        "43566": 1,
        "37483": 1,
        "993": 8,
        "137": 3,
        "41253": 1,
        "33414": 1,
        "54850": 1,
        "11095": 4,
        "30129": 2,
        "35187": 1,
        "51870": 1,
        "56551": 1,
        "56131": 1,
        "47950": 1,
        "40037": 1,
        "41116": 1,
        "6214": 1,
        "28046": 1,
        "40090": 1,
        "4335": 1,
        "49433": 1,
        "50695": 1,
        "37631": 1,
        "30130": 2,
        "36779": 1,
        "53206": 1,
        "55715": 2,
        "19605": 1,
        "7275": 2,
        "23367": 1,
        "26463": 1,
        "14260": 1,
        "8736": 1,
        "1210": 1,
        "14837": 1,
        "17464": 1,
        "14078": 1,
        "16503": 1,
        "28904": 1,
        "30801": 1,
        "42148": 1,
        "8777": 1,
        "49206": 4,
        "19296": 1,
        "3088": 2,
        "50211": 1,
        "44602": 1,
        "53211": 1,
        "34130": 1,
        "43829": 1,
        "39691": 1,
        "41928": 22,
        "56356": 1,
        "60375": 1,
        "57834": 1,
        "48270": 1,
        "45369": 1,
        "57791": 1,
        "55067": 1,
        "4949": 1,
        "43706": 1,
        "53333": 1,
        "30131": 2,
        "58707": 1,
        "43954": 1,
        "56591": 1,
        "44228": 1,
        "56738": 3,
        "32781": 1,
        "41035": 1,
        "53251": 1,
        "40899": 1,
        "40881": 1,
        "37759": 1,
        "55866": 1,
        "6216": 1,
        "34849": 1,
        "55430": 1,
        "19763": 1,
        "14744": 1,
        "30658": 1,
        "39518": 1,
        "30132": 2,
        "47714": 1,
        "22415": 1,
        "58311": 1,
        "47275": 1,
        "58295": 1,
        "40480": 1,
        "37963": 1,
        "40054": 1,
        "39750": 1,
        "58853": 1,
        "56935": 1,
        "34206": 1,
        "49882": 1,
        "53715": 1,
        "34486": 1,
        "30133": 2,
        "43448": 1,
        "34471": 1,
        "42733": 1,
        "57712": 1,
        "47051": 1,
        "60155": 1,
        "53882": 1,
        "35565": 1,
        "6218": 1,
        "40162": 1,
        "56972": 3,
        "33287": 1,
        "56684": 1,
        "58594": 1,
        "30134": 2,
        "55250": 1,
        "54837": 1,
        "46758": 1,
        "50156": 1,
        "41419": 1,
        "33672": 1,
        "50049": 1,
        "33117": 1,
        "55876": 1,
        "56634": 1,
        "51803": 1,
        "48224": 1,
        "52305": 1,
        "50336": 1,
        "30135": 2,
        "30136": 2,
        "44957": 1,
        "52852": 1,
        "38716": 1,
        "49721": 1,
        "41747": 1,
        "60446": 1,
        "35255": 1,
        "36780": 1,
        "58705": 1,
        "51170": 1,
        "44770": 1,
        "52406": 1,
        "56266": 1,
        "60761": 1,
        "38175": 1,
        "6220": 1,
        "39725": 1,
        "58433": 1,
        "60904": 1,
        "4339": 1,
        "30137": 2,
        "58371": 1,
        "57117": 1,
        "57832": 1,
        "63308": 1,
        "39724": 1,
        "57381": 1,
        "49394": 1,
        "59262": 1,
        "43687": 1,
        "45707": 1,
        "59421": 1,
        "51770": 1,
        "45194": 1,
        "29985": 1,
        "40982": 1,
        "1178": 1,
        "61207": 1,
        "33176": 1,
        "52507": 1,
        "33446": 1,
        "50854": 1,
        "41942": 9,
        "41671": 1,
        "43986": 1,
        "35192": 1,
        "45387": 1,
        "37113": 1,
        "53494": 1,
        "45602": 1,
        "30138": 2,
        "56188": 1,
        "52232": 1,
        "49785": 1,
        "59011": 1,
        "55759": 1,
        "57951": 1,
        "50733": 1,
        "45679": 1,
        "58929": 1,
        "48632": 1,
        "37748": 1,
        "43709": 1,
        "6222": 1,
        "60117": 1,
        "36576": 1,
        "51878": 1,
        "59699": 1,
        "30139": 2,
        "45385": 1,
        "34906": 1,
        "53155": 1,
        "55416": 1
    },
    "domains": {
        "time.nist.gov": 60,
        "sip.invoxia.com": 12,
        "aps1-relay.tplinkcloud.com": 4,
        "apicom.netatmo.net": 1,
        "pool.ntp.org": 32,
        "connect.insteon.com": 12,
        "www.example.com": 24,
        "www.example.net": 24,
        "www.example.org": 24,
        "pindorama.amazon.com": 1,
        "device-metrics-us.amazon.com": 4,
        "netcom.netatmo.net": 15,
        "babyws.withings.net": 15,
        "frontdoor.nest.com": 1,
        "transport04.rts23.iad01.production.nest.com": 1,
        "log-rts23-iad01.devices.nest.com": 1,
        "www.meethue.com": 1,
        "www.belkin.com": 4,
        "d3gjecg2uu2eaq.cloudfront.net": 4,
        "BCMLS2.glpals.com": 2,
        "connectivitycheck.gstatic.com": 4,
        "mtalk.google.com": 2,
        "ws.invoxia.io": 1,
        "api.samsungosp.com": 2,
        "apps.skype.com": 2,
        "a.config.skype.com": 2,
        "az361816.vo.msecnd.net": 2,
        "mobile.pipe.aria.microsoft.com": 5,
        "clients3.google.com": 2,
        "devs.tplinkcloud.com": 2,
        "imap.gmail.com": 3,
        "android.clients.google.com": 1,
        "inst.platform.bing.com": 1,
        "scalews.withings.net": 10,
        "api.pix-star.com": 2,
        "api.pix-star.com.lan": 1,
        "api.pix-star.com.#": 1,
        "api.pix-star.com.wlan0": 1,
        "uk.pool.ntp.org": 1,
        "service.game-mode.net": 1,
        "resolver.msg.xiaomi.net": 1
    },
    "ciphers": {
        "[\"c030\", \"c02c\", \"c028\", \"c024\", \"c014\", \"c00a\", \"00a5\", \"00a3\", \"00a1\", \"009f\", \"006b\", \"006a\", \"0069\", \"0068\", \"0039\", \"0038\", \"0037\", \"0036\", \"0088\", \"0087\", \"0086\", \"0085\", \"c032\", \"c02e\", \"c02a\", \"c026\", \"c00f\", \"c005\", \"009d\", \"003d\", \"0035\", \"0084\", \"c02f\", \"c02b\", \"c027\", \"c023\", \"c013\", \"c009\", \"00a4\", \"00a2\", \"00a0\", \"009e\", \"0067\", \"0040\", \"003f\", \"003e\", \"0033\", \"0032\", \"0031\", \"0030\", \"009a\", \"0099\", \"0098\", \"0097\", \"0045\", \"0044\", \"0043\", \"0042\", \"c031\", \"c02d\", \"c029\", \"c025\", \"c00e\", \"c004\", \"009c\", \"003c\", \"002f\", \"0096\", \"0041\", \"0007\", \"c011\", \"c007\", \"c00c\", \"c002\", \"0005\", \"0004\", \"c012\", \"c008\", \"0016\", \"0013\", \"0010\", \"000d\", \"c00d\", \"c003\", \"000a\", \"0015\", \"0012\", \"000f\", \"000c\", \"0009\", \"00ff\"]": 2,
        "[\"c014\", \"c00a\", \"0039\", \"0038\", \"0037\", \"0036\", \"0088\", \"0087\", \"0086\", \"0085\", \"c00f\", \"c005\", \"0035\", \"0084\", \"c013\", \"c009\", \"0033\", \"0032\", \"0031\", \"0030\", \"009a\", \"0099\", \"0098\", \"0097\", \"0045\", \"0044\", \"0043\", \"0042\", \"c00e\", \"c004\", \"002f\", \"0096\", \"0041\", \"0007\", \"c011\", \"c007\", \"c00c\", \"c002\", \"0005\", \"0004\", \"c012\", \"c008\", \"0016\", \"0013\", \"0010\", \"000d\", \"c00d\", \"c003\", \"000a\", \"0015\", \"0012\", \"000f\", \"000c\", \"0009\", \"00ff\"]": 4,
        "[\"cca9\", \"cc14\", \"c02b\", \"c02c\", \"cca8\", \"cc13\", \"c02f\", \"c030\", \"009e\", \"009f\", \"c009\", \"c00a\", \"c013\", \"c014\", \"0033\", \"0039\", \"009c\", \"009d\", \"002f\", \"0035\"]": 5,
        "[\"c02b\", \"c02f\", \"009e\", \"c00a\", \"c009\", \"c013\", \"c014\", \"0033\", \"0039\", \"009c\", \"002f\", \"0035\", \"00ff\"]": 2,
        "[\"c02b\", \"c02c\", \"c02f\", \"c030\", \"009e\", \"009f\", \"c009\", \"c00a\", \"c013\", \"c014\", \"0033\", \"0039\", \"c007\", \"c011\", \"009c\", \"009d\", \"002f\", \"0035\", \"0005\", \"00ff\"]": 16,
        "[\"c030\", \"c02c\", \"c028\", \"c024\", \"c014\", \"c00a\", \"c032\", \"c02e\", \"c02a\", \"c026\", \"c00f\", \"c005\", \"009d\", \"003d\", \"0035\", \"c02f\", \"c02b\", \"c027\", \"c023\", \"c013\", \"c009\", \"c031\", \"c02d\", \"c029\", \"c025\", \"c00e\", \"c004\", \"009c\", \"003c\", \"002f\", \"c012\", \"c008\", \"c00d\", \"c003\", \"000a\", \"00ff\"]": 3,
        "[\"c014\", \"c00a\", \"0039\", \"0038\", \"0088\", \"0087\", \"c00f\", \"c005\", \"0035\", \"0084\", \"c013\", \"c009\", \"0033\", \"0032\", \"009a\", \"0099\", \"0045\", \"0044\", \"c00e\", \"c004\", \"002f\", \"0096\", \"0041\", \"0007\", \"c011\", \"c007\", \"c00c\", \"c002\", \"0005\", \"0004\", \"c012\", \"c008\", \"0016\", \"0013\", \"c00d\", \"c003\", \"000a\", \"0015\", \"0012\", \"0009\", \"0014\", \"0011\", \"0008\", \"0006\", \"0003\", \"00ff\"]": 1,
        "[\"c030\", \"c02c\", \"c028\", \"c024\", \"c014\", \"c00a\", \"c022\", \"c021\", \"00a3\", \"009f\", \"006b\", \"006a\", \"0039\", \"0038\", \"0088\", \"0087\", \"c032\", \"c02e\", \"c02a\", \"c026\", \"c00f\", \"c005\", \"009d\", \"003d\", \"0035\", \"0084\", \"c012\", \"c008\", \"c01c\", \"c01b\", \"0016\", \"0013\", \"c00d\", \"c003\", \"000a\", \"c02f\", \"c02b\", \"c027\", \"c023\", \"c013\", \"c009\", \"c01f\", \"c01e\", \"00a2\", \"009e\", \"0067\", \"0040\", \"0033\", \"0032\", \"009a\", \"0099\", \"0045\", \"0044\", \"c031\", \"c02d\", \"c029\", \"c025\", \"c00e\", \"c004\", \"009c\", \"003c\", \"002f\", \"0096\", \"0041\", \"c011\", \"c007\", \"c00c\", \"c002\", \"0005\", \"0004\", \"0015\", \"0012\", \"0009\", \"0014\", \"0011\", \"0008\", \"0006\", \"0003\", \"00ff\"]": 1,
        "[\"c030\", \"c02c\", \"c028\", \"c024\", \"c014\", \"c00a\", \"c022\", \"c021\", \"00a3\", \"009f\", \"006b\", \"006a\", \"0039\", \"0038\", \"c032\", \"c02e\", \"c02a\", \"c026\", \"c00f\", \"c005\", \"009d\", \"003d\", \"0035\", \"c012\", \"c008\", \"c01c\", \"c01b\", \"0016\", \"0013\", \"c00d\", \"c003\", \"000a\", \"c02f\", \"c02b\", \"c027\", \"c023\", \"c013\", \"c009\", \"c01f\", \"c01e\", \"00a2\", \"009e\", \"0067\", \"0040\", \"0033\", \"0032\", \"c031\", \"c02d\", \"c029\", \"c025\", \"c00e\", \"c004\", \"009c\", \"003c\", \"002f\", \"00ff\"]": 1
    }
}