{
    "flow_volume": 100,
    "flow_duration": 10,
    "flow_rate": 6000000,
    "sleep_time": 10,
    "dns_interval": 10,
    "ntp_interval": 10,
    "ports": {
        "null": 404,
        "33434": 267,
        "37410": 5,
        "47940": 55,
        "58387": 64,
        "60162": 47,
        "5222": 253,
        "56700": 60,
        "36858": 123,
        "443": 285,
        "50443": 79,
        "10001": 629,
        "2179": 31,
        "123": 147,
        "45637": 1,
        "37616": 7,
        "5228": 18,
        "58328": 1,
        "80": 90,
        "43880": 1,
        "42603": 1,
        "3478": 38,
        "29963": 2,
        "8089": 4,
        "44949": 1,
        "4500": 52,
        "44225": 1,
        "51167": 1,
        "50910": 1,
        "60174": 1,
        "30268": 2,
        "36465": 1,
        "34741": 1,
        "60066": 1,
        "56053": 1,
        "1935": 43,
        "53510": 1,
        "34070": 1,
        "53615": 1,
        "39416": 1,
        "68": 36,
        "8090": 12,
        "25587": 4,
        "25050": 4,
        "57806": 1,
        "67": 12,
        "35689": 56,
        "6346": 1,
        "41550": 1,
        "36389": 1,
        "40012": 1,
        "46012": 1,
        "39763": 1,
        "47559": 1,
        "30269": 2,
        "30270": 2,
        "47459": 1,
        "50639": 1,
        "36594": 1,
        "32959": 1,
        "52174": 1,
        "46619": 1,
        "59889": 1,
        "46856": 1,
        "55627": 1,
        "44196": 1,
        "48103": 1,
        "59900": 1,
        "56420": 1,
        "7275": 2,
        "65451": 1,
        "47299": 1,
        "48722": 1,
        "61632": 1,
        "43508": 1,
        "54405": 1,
        "51053": 1,
        "60429": 1,
        "50341": 1,
        "59875": 1,
        "56275": 1,
        "57285": 1,
        "45584": 1,
        "36681": 1,
        "35052": 1,
        "30271": 2,
        "55704": 1,
        "59111": 1,
        "50722": 1,
        "60666": 1,
        "43823": 1,
        "53413": 1,
        "40894": 3,
        "60243": 1,
        "6348": 1,
        "52716": 1,
        "38264": 1,
        "57536": 1,
        "4404": 1,
        "43303": 1,
        "3089": 2,
        "30272": 2,
        "28046": 1,
        "44281": 1,
        "44755": 1,
        "56460": 1,
        "52921": 1,
        "54325": 1,
        "50180": 1,
        "32877": 1,
        "38491": 1,
        "137": 2,
        "30555": 1,
        "57367": 1,
        "5058": 1,
        "12520": 1,
        "14050": 1,
        "43219": 1,
        "1536": 1,
        "57320": 1,
        "42139": 1,
        "52164": 1,
        "58053": 1,
        "30273": 2,
        "17090": 2,
        "51008": 1,
        "54823": 1,
        "37907": 1,
        "55451": 1,
        "48827": 1,
        "1430": 1,
        "993": 6,
        "41037": 1,
        "6350": 1,
        "58402": 1,
        "49908": 1,
        "49125": 3,
        "54654": 1,
        "38161": 1,
        "30274": 2,
        "57532": 1,
        "38061": 1,
        "39983": 1,
        "40517": 1,
        "43140": 1,
        "57756": 1,
        "51459": 1,
        "63919": 1,
        "52197": 1,
        "56138": 1,
        "46300": 1,
        "48539": 1,
        "57184": 1,
        "40893": 1,
        "42464": 1,
        "43931": 1,
        "39308": 1,
        "44685": 1,
        "59450": 1,
        "53937": 1,
        "34329": 2,
        "30275": 2,
        "48128": 1,
        "38190": 1,
        "46763": 1,
        "38227": 1,
        "52910": 1,
        "49229": 1,
        "38299": 1,
        "46432": 1,
        "6352": 1,
        "36277": 1,
        "42876": 1,
        "57275": 1,
        "49981": 1,
        "39039": 1,
        "37736": 1,
        "47924": 1,
        "30276": 2,
        "57497": 1,
        "47653": 1,
        "55511": 2,
        "49153": 3,
        "41212": 1,
        "47987": 1,
        "39796": 1,
        "60160": 1,
        "45013": 1,
        "49427": 1,
        "52362": 1,
        "54263": 1,
        "43074": 1,
        "30277": 2,
        "39918": 1,
        "48959": 1,
        "39507": 1,
        "50322": 1,
        "50315": 1,
        "50352": 1,
        "46948": 1,
        "6354": 1,
        "57835": 1,
        "58855": 1,
        "39914": 1,
        "41731": 1,
        "44313": 1,
        "56780": 1,
        "51944": 1,
        "49707": 1,
        "59674": 1,
        "55767": 2,
        "57882": 1,
        "50512": 1,
        "30278": 2,
        "4411": 1,
        "35668": 1,
        "51132": 1,
        "45745": 1,
        "41618": 1,
        "59315": 1,
        "60241": 1,
        "40599": 1,
        "35307": 1,
        "55674": 1,
        "38801": 1,
        "59427": 1,
        "36051": 1,
        "46833": 1,
        "32888": 1,
        "30279": 2,
        "55060": 1,
        "54558": 1,
        "60538": 1,
        "52055": 1,
        "41070": 1,
        "52084": 1,
        "42238": 1,
        "6356": 1,
        "45982": 1,
        "41203": 1,
        "56570": 1,
        "34992": 1,
        "51873": 1,
        "52418": 1,
        "54467": 1,
        "2088": 1,
        "50051": 1,
        "60430": 1,
        "30280": 2,
        "58065": 1,
        "44618": 1,
        "41258": 1,
        "44341": 1,
        "55173": 1,
        "58462": 1,
        "52231": 1,
        "55049": 1,
        "46898": 1
    },
    "domains": {
        "time.nist.gov": 60,
        "sip.invoxia.com": 9,
        "www.example.com": 26,
        "www.example.net": 26,
        "www.example.org": 26,
        "connectivitycheck.gstatic.com": 3,
        "play.googleapis.com": 1,
        "mtalk.google.com": 2,
        "pool.ntp.org": 32,
        "aps1-relay.tplinkcloud.com": 4,
        "connect.insteon.com": 12,
        "pindorama.amazon.com": 1,
        "netcom.netatmo.net": 10,
        "device-metrics-us.amazon.com": 4,
        "babyws.withings.net": 17,
        "api.pix-star.com": 4,
        "api.pix-star.com.lan": 2,
        "api.pix-star.com.#": 2,
        "api.pix-star.com.wlan0": 2,
        "BCMLS2.glpals.com": 2,
        "api.samsungosp.com": 1,
        "apps.skype.com": 1,
        "az361816.vo.msecnd.net": 1,
        "mobile.pipe.aria.microsoft.com": 2,
        "devs.tplinkcloud.com": 1,
        "www.belkin.com": 4,
        "d3gjecg2uu2eaq.cloudfront.net": 4,
        "www.meethue.com": 1,
        "a.config.skype.com": 3,
        "apicom.netatmo.net": 1,
        "imap.gmail.com": 2,
        "clients3.google.com": 1,
        "scalews.withings.net": 11,
        "api.evrythng.com": 1,
        "android.clients.google.com": 1,
        "www.google.com.au": 1,
        "resolver.msg.xiaomi.net": 1,
        "uk.pool.ntp.org": 1,
        "www.google.com": 1
    },
    "ciphers": {
        "[\"c02b\", \"c02c\", \"c02f\", \"c030\", \"009e\", \"009f\", \"c009\", \"c00a\", \"c013\", \"c014\", \"0033\", \"0039\", \"c007\", \"c011\", \"009c\", \"009d\", \"002f\", \"0035\", \"0005\", \"00ff\"]": 9,
        "[\"cca9\", \"cc14\", \"c02b\", \"c02c\", \"cca8\", \"cc13\", \"c02f\", \"c030\", \"009e\", \"009f\", \"c009\", \"c00a\", \"c013\", \"c014\", \"0033\", \"0039\", \"009c\", \"009d\", \"002f\", \"0035\"]": 5,
        "[\"c030\", \"c02c\", \"c028\", \"c024\", \"c014\", \"c00a\", \"00a5\", \"00a3\", \"00a1\", \"009f\", \"006b\", \"006a\", \"0069\", \"0068\", \"0039\", \"0038\", \"0037\", \"0036\", \"0088\", \"0087\", \"0086\", \"0085\", \"c032\", \"c02e\", \"c02a\", \"c026\", \"c00f\", \"c005\", \"009d\", \"003d\", \"0035\", \"0084\", \"c02f\", \"c02b\", \"c027\", \"c023\", \"c013\", \"c009\", \"00a4\", \"00a2\", \"00a0\", \"009e\", \"0067\", \"0040\", \"003f\", \"003e\", \"0033\", \"0032\", \"0031\", \"0030\", \"009a\", \"0099\", \"0098\", \"0097\", \"0045\", \"0044\", \"0043\", \"0042\", \"c031\", \"c02d\", \"c029\", \"c025\", \"c00e\", \"c004\", \"009c\", \"003c\", \"002f\", \"0096\", \"0041\", \"0007\", \"c011\", \"c007\", \"c00c\", \"c002\", \"0005\", \"0004\", \"c012\", \"c008\", \"0016\", \"0013\", \"0010\", \"000d\", \"c00d\", \"c003\", \"000a\", \"0015\", \"0012\", \"000f\", \"000c\", \"0009\", \"00ff\"]": 2,
        "[\"c014\", \"c00a\", \"0039\", \"0038\", \"0037\", \"0036\", \"0088\", \"0087\", \"0086\", \"0085\", \"c00f\", \"c005\", \"0035\", \"0084\", \"c013\", \"c009\", \"0033\", \"0032\", \"0031\", \"0030\", \"009a\", \"0099\", \"0098\", \"0097\", \"0045\", \"0044\", \"0043\", \"0042\", \"c00e\", \"c004\", \"002f\", \"0096\", \"0041\", \"0007\", \"c011\", \"c007\", \"c00c\", \"c002\", \"0005\", \"0004\", \"c012\", \"c008\", \"0016\", \"0013\", \"0010\", \"000d\", \"c00d\", \"c003\", \"000a\", \"0015\", \"0012\", \"000f\", \"000c\", \"0009\", \"00ff\"]": 4,
        "[\"c030\", \"c02c\", \"c028\", \"c024\", \"c014\", \"c00a\", \"c022\", \"c021\", \"00a3\", \"009f\", \"006b\", \"006a\", \"0039\", \"0038\", \"0088\", \"0087\", \"c032\", \"c02e\", \"c02a\", \"c026\", \"c00f\", \"c005\", \"009d\", \"003d\", \"0035\", \"0084\", \"c012\", \"c008\", \"c01c\", \"c01b\", \"0016\", \"0013\", \"c00d\", \"c003\", \"000a\", \"c02f\", \"c02b\", \"c027\", \"c023\", \"c013\", \"c009\", \"c01f\", \"c01e\", \"00a2\", \"009e\", \"0067\", \"0040\", \"0033\", \"0032\", \"009a\", \"0099\", \"0045\", \"0044\", \"c031\", \"c02d\", \"c029\", \"c025\", \"c00e\", \"c004\", \"009c\", \"003c\", \"002f\", \"0096\", \"0041\", \"c011\", \"c007\", \"c00c\", \"c002\", \"0005\", \"0004\", \"0015\", \"0012\", \"0009\", \"0014\", \"0011\", \"0008\", \"0006\", \"0003\", \"00ff\"]": 2,
        "[\"c030\", \"c02c\", \"c028\", \"c024\", \"c014\", \"c00a\", \"c032\", \"c02e\", \"c02a\", \"c026\", \"c00f\", \"c005\", \"009d\", \"003d\", \"0035\", \"c02f\", \"c02b\", \"c027\", \"c023\", \"c013\", \"c009\", \"c031\", \"c02d\", \"c029\", \"c025\", \"c00e\", \"c004\", \"009c\", \"003c\", \"002f\", \"c012\", \"c008\", \"c00d\", \"c003\", \"000a\", \"00ff\"]": 2,
        "[\"c014\", \"c00a\", \"0039\", \"0038\", \"0088\", \"0087\", \"c00f\", \"c005\", \"0035\", \"0084\", \"c013\", \"c009\", \"0033\", \"0032\", \"009a\", \"0099\", \"0045\", \"0044\", \"c00e\", \"c004\", \"002f\", \"0096\", \"0041\", \"0007\", \"c011\", \"c007\", \"c00c\", \"c002\", \"0005\", \"0004\", \"c012\", \"c008\", \"0016\", \"0013\", \"c00d\", \"c003\", \"000a\", \"0015\", \"0012\", \"0009\", \"0014\", \"0011\", \"0008\", \"0006\", \"0003\", \"00ff\"]": 1,
        "[\"c030\", \"c02c\", \"c028\", \"c024\", \"c014\", \"c00a\", \"c022\", \"c021\", \"00a3\", \"009f\", \"006b\", \"006a\", \"0039\", \"0038\", \"c032\", \"c02e\", \"c02a\", \"c026\", \"c00f\", \"c005\", \"009d\", \"003d\", \"0035\", \"c012\", \"c008\", \"c01c\", \"c01b\", \"0016\", \"0013\", \"c00d\", \"c003\", \"000a\", \"c02f\", \"c02b\", \"c027\", \"c023\", \"c013\", \"c009\", \"c01f\", \"c01e\", \"00a2\", \"009e\", \"0067\", \"0040\", \"0033\", \"0032\", \"c031\", \"c02d\", \"c029\", \"c025\", \"c00e\", \"c004\", \"009c\", \"003c\", \"002f\", \"00ff\"]": 1,
        "[\"0004\", \"0005\", \"002f\", \"0035\", \"c002\", \"c004\", \"c005\", \"c00c\", \"c00e\", \"c00f\", \"c007\", \"c009\", \"c00a\", \"c011\", \"c013\", \"c014\", \"0033\", \"0039\", \"0032\", \"0038\", \"000a\", \"c003\", \"c00d\", \"c008\", \"c012\", \"0016\", \"0013\", \"0009\", \"0015\", \"0012\", \"0003\", \"0008\", \"0014\", \"0011\", \"00ff\"]": 1,
        "[\"cca9\", \"cca8\", \"cc14\", \"cc13\", \"c02b\", \"c02f\", \"c02c\", \"c030\", \"c009\", \"c013\", \"c00a\", \"c014\", \"009c\", \"009d\", \"002f\", \"0035\", \"000a\"]": 1
    }
}