{
    "flow_volume": 100,
    "flow_duration": 10,
    "flow_rate": 6000000,
    "sleep_time": 10,
    "dns_interval": 10,
    "ntp_interval": 10,
    "ports": {
        "443": 295,
        "null": 383,
        "123": 163,
        "33434": 266,
        "60162": 48,
        "49908": 7,
        "56700": 60,
        "4500": 95,
        "58387": 58,
        "5222": 248,
        "10001": 629,
        "46607": 57,
        "50443": 74,
        "47267": 1,
        "1935": 48,
        "37616": 7,
        "5228": 12,
        "50185": 1,
        "80": 87,
        "3478": 38,
        "29963": 2,
        "8089": 4,
        "45286": 1,
        "47940": 41,
        "46330": 1,
        "52346": 1,
        "30242": 2,
        "57866": 1,
        "59795": 1,
        "8090": 12,
        "47211": 1,
        "43518": 1,
        "41491": 1,
        "34091": 1,
        "6322": 1,
        "46158": 1,
        "48219": 1,
        "44751": 1,
        "34590": 1,
        "2179": 14,
        "67": 13,
        "37219": 1,
        "47668": 1,
        "38198": 1,
        "48770": 1,
        "51588": 1,
        "465": 4,
        "40572": 1,
        "30243": 2,
        "68": 21,
        "59764": 1,
        "25587": 5,
        "25050": 5,
        "55285": 1,
        "51473": 1,
        "40653": 1,
        "59059": 1,
        "48185": 1,
        "56180": 1,
        "45667": 1,
        "48494": 1,
        "45927": 1,
        "39729": 1,
        "36837": 1,
        "37726": 1,
        "56431": 1,
        "4390": 1,
        "56102": 1,
        "60343": 1,
        "3089": 2,
        "36289": 1,
        "57738": 1,
        "30244": 2,
        "33182": 1,
        "42132": 1,
        "52857": 1,
        "35213": 1,
        "55500": 1,
        "41174": 1,
        "46313": 1,
        "30600": 1,
        "6324": 1,
        "39808": 1,
        "59444": 1,
        "50597": 1,
        "48131": 1,
        "4082": 1,
        "30245": 2,
        "38333": 1,
        "33264": 1,
        "137": 3,
        "57239": 1,
        "39920": 1,
        "58074": 1,
        "44641": 1,
        "39341": 1,
        "41605": 1,
        "36092": 1,
        "58727": 1,
        "33558": 1,
        "48918": 1,
        "17090": 2,
        "38064": 1,
        "30246": 2,
        "35684": 1,
        "54866": 1,
        "51429": 1,
        "34193": 1,
        "44115": 1,
        "34621": 1,
        "6326": 1,
        "44994": 1,
        "52949": 1,
        "60975": 1,
        "46786": 1,
        "57854": 2,
        "30247": 2,
        "36569": 1,
        "48645": 1,
        "36858": 82,
        "54400": 1,
        "33663": 1,
        "40258": 1,
        "46030": 1,
        "47407": 1,
        "39669": 1,
        "54309": 1,
        "33178": 1,
        "50956": 1,
        "50842": 1,
        "53689": 1,
        "49050": 1,
        "35474": 1,
        "55935": 1,
        "48125": 1,
        "50772": 1,
        "53795": 1,
        "30248": 2,
        "37247": 1,
        "55440": 1,
        "60427": 1,
        "39357": 1,
        "50387": 1,
        "47411": 1,
        "55954": 1,
        "6328": 1,
        "58908": 1,
        "53340": 1,
        "57275": 1,
        "43170": 1,
        "39739": 1,
        "33376": 1,
        "41270": 1,
        "37522": 1,
        "38139": 1,
        "30249": 2,
        "59356": 1,
        "52879": 1,
        "36260": 1,
        "37715": 1,
        "36247": 1,
        "45539": 1,
        "57257": 1,
        "58531": 1,
        "36997": 1,
        "54602": 1,
        "57652": 1,
        "42694": 1,
        "40523": 1,
        "4394": 1,
        "58893": 1,
        "30250": 2,
        "49118": 1,
        "58907": 1,
        "49434": 1,
        "55955": 1,
        "38193": 1,
        "34557": 1,
        "54163": 1,
        "6330": 1,
        "49905": 1,
        "56390": 1,
        "44046": 1,
        "30251": 2,
        "41947": 1,
        "55946": 1,
        "34894": 1,
        "40062": 1,
        "58098": 1,
        "49893": 1,
        "55437": 1,
        "38805": 1,
        "60414": 1,
        "50272": 1,
        "48829": 1,
        "36332": 1,
        "53683": 1,
        "56829": 1,
        "45422": 1,
        "45389": 1,
        "30252": 2,
        "40747": 1,
        "51975": 1,
        "58196": 1,
        "46425": 1,
        "41438": 1,
        "59643": 1,
        "51494": 1,
        "60770": 1,
        "59899": 1,
        "6332": 1,
        "49084": 1,
        "58848": 1,
        "57085": 1,
        "53101": 1,
        "54333": 1,
        "48885": 1,
        "37410": 3,
        "41580": 1,
        "47220": 1,
        "30253": 2,
        "48735": 1,
        "48057": 1,
        "56864": 1,
        "54111": 1,
        "41536": 1,
        "28046": 1,
        "53447": 1,
        "48106": 1,
        "47233": 1
    },
    "domains": {
        "time.nist.gov": 60,
        "sip.invoxia.com": 9,
        "babyws.withings.net": 24,
        "aps1-relay.tplinkcloud.com": 4,
        "pool.ntp.org": 32,
        "connect.insteon.com": 12,
        "www.example.com": 24,
        "www.example.net": 24,
        "www.example.org": 24,
        "device-metrics-us.amazon.com": 8,
        "www.samsungsmartcam.com": 6,
        "smtp.gmail.com": 8,
        "netcom.netatmo.net": 12,
        "www.belkin.com": 4,
        "d3gjecg2uu2eaq.cloudfront.net": 4,
        "apicom.netatmo.net": 2,
        "147.172.154.195.in-addr.arpa": 1,
        "asia.pool.ntp.org": 2,
        "api.pix-star.com": 2,
        "api.pix-star.com.lan": 1,
        "api.pix-star.com.#": 1,
        "api.pix-star.com.wlan0": 1,
        "scalews.withings.net": 7,
        "uk.pool.ntp.org": 1,
        "pindorama.amazon.com": 1,
        "www.meethue.com": 1
    },
    "ciphers": {
        "[\"c014\", \"c00a\", \"0039\", \"0038\", \"0037\", \"0036\", \"0088\", \"0087\", \"0086\", \"0085\", \"c00f\", \"c005\", \"0035\", \"0084\", \"c013\", \"c009\", \"0033\", \"0032\", \"0031\", \"0030\", \"009a\", \"0099\", \"0098\", \"0097\", \"0045\", \"0044\", \"0043\", \"0042\", \"c00e\", \"c004\", \"002f\", \"0096\", \"0041\", \"0007\", \"c011\", \"c007\", \"c00c\", \"c002\", \"0005\", \"0004\", \"c012\", \"c008\", \"0016\", \"0013\", \"0010\", \"000d\", \"c00d\", \"c003\", \"000a\", \"0015\", \"0012\", \"000f\", \"000c\", \"0009\", \"00ff\"]": 8,
        "[\"c030\", \"c02c\", \"c028\", \"c024\", \"c014\", \"c00a\", \"c022\", \"c021\", \"00a3\", \"009f\", \"006b\", \"006a\", \"0039\", \"0038\", \"0088\", \"0087\", \"c032\", \"c02e\", \"c02a\", \"c026\", \"c00f\", \"c005\", \"009d\", \"003d\", \"0035\", \"0084\", \"c012\", \"c008\", \"c01c\", \"c01b\", \"0016\", \"0013\", \"c00d\", \"c003\", \"000a\", \"c02f\", \"c02b\", \"c027\", \"c023\", \"c013\", \"c009\", \"c01f\", \"c01e\", \"00a2\", \"009e\", \"0067\", \"0040\", \"0033\", \"0032\", \"009a\", \"0099\", \"0045\", \"0044\", \"c031\", \"c02d\", \"c029\", \"c025\", \"c00e\", \"c004\", \"009c\", \"003c\", \"002f\", \"0096\", \"0041\", \"c011\", \"c007\", \"c00c\", \"c002\", \"0005\", \"0004\", \"0015\", \"0012\", \"0009\", \"0014\", \"0011\", \"0008\", \"0006\", \"0003\", \"00ff\"]": 1,
        "[\"c030\", \"c02c\", \"c028\", \"c024\", \"c014\", \"c00a\", \"c022\", \"c021\", \"00a3\", \"009f\", \"006b\", \"006a\", \"0039\", \"0038\", \"c032\", \"c02e\", \"c02a\", \"c026\", \"c00f\", \"c005\", \"009d\", \"003d\", \"0035\", \"c012\", \"c008\", \"c01c\", \"c01b\", \"0016\", \"0013\", \"c00d\", \"c003\", \"000a\", \"c02f\", \"c02b\", \"c027\", \"c023\", \"c013\", \"c009\", \"c01f\", \"c01e\", \"00a2\", \"009e\", \"0067\", \"0040\", \"0033\", \"0032\", \"c031\", \"c02d\", \"c029\", \"c025\", \"c00e\", \"c004\", \"009c\", \"003c\", \"002f\", \"00ff\"]": 1,
        "[\"c030\", \"c02c\", \"c028\", \"c024\", \"c014\", \"c00a\", \"00a5\", \"00a3\", \"00a1\", \"009f\", \"006b\", \"006a\", \"0069\", \"0068\", \"0039\", \"0038\", \"0037\", \"0036\", \"0088\", \"0087\", \"0086\", \"0085\", \"c032\", \"c02e\", \"c02a\", \"c026\", \"c00f\", \"c005\", \"009d\", \"003d\", \"0035\", \"0084\", \"c02f\", \"c02b\", \"c027\", \"c023\", \"c013\", \"c009\", \"00a4\", \"00a2\", \"00a0\", \"009e\", \"0067\", \"0040\", \"003f\", \"003e\", \"0033\", \"0032\", \"0031\", \"0030\", \"009a\", \"0099\", \"0098\", \"0097\", \"0045\", \"0044\", \"0043\", \"0042\", \"c031\", \"c02d\", \"c029\", \"c025\", \"c00e\", \"c004\", \"009c\", \"003c\", \"002f\", \"0096\", \"0041\", \"0007\", \"c011\", \"c007\", \"c00c\", \"c002\", \"0005\", \"0004\", \"c012\", \"c008\", \"0016\", \"0013\", \"0010\", \"000d\", \"c00d\", \"c003\", \"000a\", \"0015\", \"0012\", \"000f\", \"000c\", \"0009\", \"00ff\"]": 2
    }
}