{
    "flow_volume": 100,
    "flow_duration": 10,
    "flow_rate": 0,
    "sleep_time": 10,
    "dns_interval": 10,
    "ntp_interval": 10,
    "ports": {
        "37659": 1,
        "80": 233,
        "58387": 81,
        "443": 465,
        "null": 386,
        "33434": 267,
        "123": 151,
        "5222": 249,
        "10001": 625,
        "4500": 50,
        "60162": 48,
        "42086": 1,
        "68": 36,
        "35566": 1,
        "39774": 1,
        "7275": 2,
        "55736": 1,
        "56700": 60,
        "57170": 1,
        "5228": 20,
        "50274": 1,
        "49718": 1,
        "49273": 1,
        "51412": 1,
        "58310": 1,
        "43646": 1,
        "46525": 1,
        "58219": 1,
        "55760": 1,
        "1935": 32,
        "42683": 26,
        "50443": 79,
        "47642": 1,
        "32869": 9,
        "67": 12,
        "47940": 60,
        "52257": 1,
        "2179": 45,
        "60144": 1,
        "33112": 1,
        "58395": 1,
        "42091": 7,
        "49794": 1,
        "37027": 1,
        "465": 114,
        "3478": 38,
        "21372": 1,
        "8089": 4,
        "45190": 1,
        "43144": 1,
        "51168": 1,
        "43535": 1,
        "35638": 1,
        "993": 2,
        "40178": 1,
        "45532": 1,
        "43463": 1,
        "36858": 129,
        "56794": 1,
        "54643": 1,
        "59279": 1,
        "30216": 2,
        "30217": 2,
        "44590": 1,
        "43149": 1,
        "43482": 1,
        "42197": 1,
        "8090": 12,
        "40805": 1,
        "38630": 1,
        "25587": 4,
        "25050": 4,
        "57439": 3,
        "51870": 1,
        "46369": 1,
        "4381": 1,
        "6296": 1,
        "42365": 1,
        "37271": 1,
        "57715": 1,
        "34145": 1,
        "40108": 1,
        "44717": 1,
        "59603": 1,
        "48409": 1,
        "41205": 1,
        "37616": 6,
        "55758": 1,
        "39244": 1,
        "44722": 1,
        "34243": 1,
        "45943": 1,
        "37834": 1,
        "3089": 2,
        "49908": 8,
        "40583": 1,
        "48107": 2,
        "34760": 1,
        "34098": 1,
        "58139": 1,
        "56656": 1,
        "42122": 1,
        "44827": 1,
        "38101": 1,
        "35730": 1,
        "30218": 2,
        "33216": 1,
        "36622": 1,
        "45657": 1,
        "39471": 1,
        "49711": 1,
        "55466": 1,
        "48331": 1,
        "49485": 1,
        "58380": 1,
        "48773": 1,
        "37279": 1,
        "36269": 1,
        "59539": 1,
        "60424": 1,
        "54318": 1,
        "49852": 1,
        "51675": 1,
        "47993": 1,
        "46449": 1,
        "52486": 1,
        "52489": 1,
        "52729": 1,
        "45745": 1,
        "35070": 1,
        "44821": 1,
        "38008": 1,
        "47783": 1,
        "46015": 1,
        "40560": 1,
        "32986": 1,
        "46453": 1,
        "30219": 2,
        "58321": 1,
        "51757": 1,
        "56338": 1,
        "34229": 1,
        "34050": 1,
        "41438": 1,
        "60922": 1,
        "45810": 1,
        "53710": 1,
        "56384": 1,
        "46158": 1,
        "56343": 1,
        "33095": 1,
        "52905": 1,
        "36848": 2,
        "6298": 1,
        "45768": 1,
        "32849": 1,
        "42506": 1,
        "36942": 1,
        "56188": 1,
        "47180": 1,
        "44610": 1,
        "60545": 1,
        "60903": 1,
        "57690": 1,
        "137": 3,
        "56899": 1,
        "50333": 1,
        "38223": 1,
        "40061": 1,
        "48243": 1,
        "40147": 1,
        "30220": 2,
        "37234": 1,
        "60483": 1,
        "59650": 1,
        "58060": 1,
        "60692": 1,
        "49599": 1,
        "52079": 1,
        "32864": 1,
        "55966": 1,
        "50701": 1,
        "53982": 1,
        "48956": 1,
        "34755": 1,
        "28991": 1,
        "4484": 1,
        "19075": 1,
        "26955": 1,
        "23817": 1,
        "4255": 1,
        "15548": 1,
        "3687": 1,
        "26841": 1,
        "29314": 1,
        "30758": 1,
        "4029": 1,
        "21298": 1,
        "17369": 1,
        "47155": 1,
        "55700": 1,
        "54009": 1,
        "46655": 1,
        "55233": 1,
        "14567": 1,
        "38538": 1,
        "55500": 1,
        "41595": 1,
        "33721": 1,
        "39714": 1,
        "59490": 14,
        "47599": 1,
        "35589": 1,
        "60225": 1,
        "57955": 1,
        "35861": 1,
        "52126": 1,
        "33026": 1,
        "42066": 1,
        "42112": 7,
        "17090": 2,
        "38354": 1,
        "44230": 1,
        "60229": 1,
        "39435": 1,
        "33088": 1,
        "57349": 1,
        "49835": 1,
        "42155": 1,
        "41431": 1,
        "54989": 1,
        "45553": 1,
        "53014": 1,
        "35385": 1,
        "37571": 1,
        "30221": 2,
        "45508": 1,
        "52515": 1,
        "43142": 1,
        "33520": 1,
        "39540": 1,
        "53591": 1,
        "46051": 1,
        "50699": 1,
        "49958": 1,
        "43023": 1,
        "32880": 1,
        "39809": 1,
        "34657": 1,
        "37243": 1,
        "42295": 1,
        "49111": 1,
        "43614": 1,
        "54024": 1,
        "52476": 1,
        "46814": 1,
        "34197": 1,
        "50831": 1,
        "58583": 1,
        "50707": 1,
        "60204": 1,
        "42167": 1,
        "6300": 1,
        "6302": 1,
        "45276": 1,
        "39677": 2,
        "33898": 1,
        "52325": 36,
        "56690": 1,
        "46060": 1,
        "48732": 1,
        "32797": 1,
        "47113": 1,
        "60356": 1,
        "59775": 2,
        "57918": 1,
        "33126": 1,
        "38162": 1,
        "38348": 1,
        "50084": 1,
        "57477": 1,
        "30222": 2,
        "36727": 1,
        "30223": 2,
        "46211": 1,
        "35832": 1,
        "49052": 1,
        "43282": 1,
        "28046": 1,
        "51011": 1,
        "50226": 1,
        "57702": 1,
        "38275": 1,
        "58977": 1,
        "47123": 1,
        "58117": 1,
        "36774": 1,
        "53350": 1,
        "60085": 1,
        "41704": 1,
        "46586": 1,
        "46451": 1,
        "59236": 1,
        "53912": 1,
        "48371": 1,
        "54163": 1,
        "44967": 1,
        "60621": 1,
        "55332": 1,
        "40172": 1,
        "42141": 1,
        "32904": 1,
        "17898": 1,
        "34289": 1,
        "56056": 1,
        "36980": 1,
        "49260": 1,
        "53255": 1,
        "58140": 1,
        "35189": 1,
        "47560": 1,
        "35143": 1,
        "47044": 1,
        "53425": 1,
        "54015": 1,
        "30224": 2,
        "58094": 1,
        "45644": 1,
        "37083": 1,
        "41114": 1,
        "47153": 1,
        "57267": 1,
        "33937": 1,
        "39745": 1,
        "33813": 1,
        "43263": 1,
        "59178": 1,
        "39829": 1,
        "52031": 1,
        "51077": 1,
        "41383": 1,
        "32977": 1,
        "40224": 1,
        "6304": 1,
        "37879": 1,
        "43642": 1,
        "53867": 1,
        "44039": 1,
        "34761": 1,
        "45509": 1,
        "42569": 1,
        "50978": 1,
        "57275": 1,
        "57494": 1,
        "36967": 1,
        "38268": 1,
        "50059": 1,
        "4383": 1,
        "56489": 1,
        "55599": 1,
        "35041": 1,
        "50175": 1,
        "59679": 1,
        "33632": 1,
        "58274": 1,
        "40853": 1,
        "30225": 2,
        "55323": 1,
        "39347": 1,
        "34444": 1,
        "546": 1,
        "47518": 1,
        "36901": 1,
        "35900": 1,
        "49329": 1,
        "49623": 1,
        "60668": 1,
        "56455": 1,
        "42221": 1,
        "53301": 1,
        "40409": 1,
        "57449": 1,
        "53506": 1,
        "51890": 1,
        "49797": 1,
        "42256": 1,
        "36602": 1,
        "59222": 1,
        "46711": 1,
        "41793": 1,
        "55121": 1,
        "50780": 1,
        "34716": 1,
        "58124": 1,
        "50431": 1,
        "53808": 1,
        "48323": 1,
        "49749": 1,
        "36044": 1,
        "60328": 1,
        "36055": 1,
        "48884": 1,
        "55984": 1,
        "59871": 1,
        "53015": 1,
        "50788": 1,
        "44147": 1,
        "55565": 1,
        "30226": 2,
        "46811": 1,
        "52042": 1,
        "39430": 1,
        "48229": 1,
        "46595": 1,
        "44730": 1,
        "44353": 1,
        "56557": 1,
        "41499": 1,
        "43082": 1,
        "49264": 1,
        "37694": 1,
        "56481": 1,
        "58234": 1,
        "45374": 1,
        "44835": 1,
        "52493": 1,
        "47920": 1,
        "56486": 1,
        "45106": 1,
        "41117": 1,
        "39575": 1,
        "58001": 1,
        "41449": 1,
        "38778": 1,
        "50696": 1,
        "56339": 1,
        "36715": 1,
        "6306": 1,
        "39508": 1,
        "54625": 1,
        "40119": 1,
        "34670": 1,
        "58122": 1,
        "51339": 1,
        "43099": 1,
        "41552": 1,
        "33839": 1,
        "45048": 1,
        "53703": 1,
        "46616": 1,
        "49328": 1,
        "58692": 1,
        "45637": 1,
        "35159": 1,
        "47686": 1,
        "53877": 1,
        "56864": 1,
        "51687": 1,
        "57726": 1,
        "40779": 1,
        "39645": 1,
        "44056": 1,
        "47386": 1,
        "30227": 2,
        "51602": 1,
        "41239": 1,
        "56313": 1,
        "49619": 1,
        "54328": 1,
        "46077": 1,
        "56613": 1,
        "49149": 1,
        "51686": 1,
        "34870": 1,
        "53486": 1,
        "38164": 1,
        "55551": 1,
        "48324": 1,
        "55566": 1,
        "48335": 1,
        "38055": 1,
        "51945": 1,
        "37637": 1,
        "42179": 1,
        "40405": 1,
        "58928": 1,
        "50042": 1,
        "49330": 1,
        "35094": 1,
        "51095": 1,
        "46658": 1,
        "34242": 1,
        "43699": 1,
        "33814": 1,
        "45676": 1,
        "33883": 1,
        "39216": 1,
        "34745": 1,
        "45282": 1,
        "44214": 1,
        "40679": 1,
        "59532": 1,
        "51558": 1,
        "40369": 1,
        "51170": 1,
        "48221": 1,
        "57712": 1,
        "30228": 2,
        "39917": 1,
        "57370": 1,
        "48141": 1,
        "52470": 1,
        "56363": 1,
        "45965": 1,
        "56328": 1,
        "45774": 1,
        "52842": 1,
        "39385": 1,
        "52019": 1,
        "35384": 1,
        "36286": 1,
        "57914": 1,
        "39503": 1,
        "6308": 1,
        "42174": 1,
        "51873": 1,
        "50483": 1,
        "48378": 1,
        "57884": 1,
        "37619": 1,
        "40439": 1,
        "34727": 1,
        "37939": 1,
        "52479": 1,
        "48562": 1,
        "52915": 1,
        "55513": 1,
        "49290": 1,
        "45234": 1,
        "39630": 1,
        "46038": 1,
        "43078": 1,
        "36306": 1,
        "54521": 1,
        "60425": 1,
        "40422": 1,
        "30229": 2,
        "55633": 1,
        "41700": 1,
        "41802": 1,
        "35249": 1,
        "54407": 1,
        "38892": 1,
        "38248": 1,
        "58954": 1,
        "33414": 1,
        "35802": 1,
        "32935": 1,
        "58410": 1,
        "59599": 1,
        "49610": 1,
        "60575": 1,
        "57320": 1
    },
    "domains": {
        "babyws.withings.net": 24,
        "connectivitycheck.gstatic.com": 4,
        "BCMLS2.glpals.com": 2,
        "mtalk.google.com": 2,
        "api.samsungosp.com": 2,
        "apps.skype.com": 2,
        "az361816.vo.msecnd.net": 2,
        "ws.invoxia.io": 2,
        "mobile.pipe.aria.microsoft.com": 6,
        "sip.invoxia.com": 9,
        "time.nist.gov": 60,
        "www.example.com": 26,
        "www.example.net": 26,
        "www.example.org": 26,
        "www.samsungsmartcam.com": 156,
        "smtp.gmail.com": 228,
        "imap.gmail.com": 1,
        "aps1-relay.tplinkcloud.com": 4,
        "pool.ntp.org": 35,
        "connect.insteon.com": 12,
        "netcom.netatmo.net": 12,
        "www.belkin.com": 4,
        "d3gjecg2uu2eaq.cloudfront.net": 4,
        "device-metrics-us.amazon.com": 7,
        "scalews.withings.net": 10,
        "api.pix-star.com": 4,
        "api.pix-star.com.lan": 2,
        "api.pix-star.com.#": 2,
        "api.pix-star.com.wlan0": 2,
        "devs.tplinkcloud.com": 2,
        "apicom.netatmo.net": 1,
        "b.config.skype.com": 2,
        "clients3.google.com": 1,
        "pindorama.amazon.com": 1,
        "www.meethue.com": 1,
        "uk.pool.ntp.org": 1
    },
    "ciphers": {
        "[\"cca9\", \"cc14\", \"c02b\", \"c02c\", \"cca8\", \"cc13\", \"c02f\", \"c030\", \"009e\", \"009f\", \"c009\", \"c00a\", \"c013\", \"c014\", \"0033\", \"0039\", \"009c\", \"009d\", \"002f\", \"0035\"]": 3,
        "[\"c02b\", \"c02c\", \"c02f\", \"c030\", \"009e\", \"009f\", \"c009\", \"c00a\", \"c013\", \"c014\", \"0033\", \"0039\", \"c007\", \"c011\", \"009c\", \"009d\", \"002f\", \"0035\", \"0005\", \"00ff\"]": 8,
        "[\"c02b\", \"c02f\", \"009e\", \"c00a\", \"c009\", \"c013\", \"c014\", \"0033\", \"0039\", \"009c\", \"002f\", \"0035\", \"00ff\"]": 4,
        "[\"c030\", \"c02c\", \"c028\", \"c024\", \"c014\", \"c00a\", \"c032\", \"c02e\", \"c02a\", \"c026\", \"c00f\", \"c005\", \"009d\", \"003d\", \"0035\", \"c02f\", \"c02b\", \"c027\", \"c023\", \"c013\", \"c009\", \"c031\", \"c02d\", \"c029\", \"c025\", \"c00e\", \"c004\", \"009c\", \"003c\", \"002f\", \"c012\", \"c008\", \"c00d\", \"c003\", \"000a\", \"00ff\"]": 4,
        "[\"c030\", \"c02c\", \"c028\", \"c024\", \"c014\", \"c00a\", \"c022\", \"c021\", \"00a3\", \"009f\", \"006b\", \"006a\", \"0039\", \"0038\", \"c032\", \"c02e\", \"c02a\", \"c026\", \"c00f\", \"c005\", \"009d\", \"003d\", \"0035\", \"c012\", \"c008\", \"c01c\", \"c01b\", \"0016\", \"0013\", \"c00d\", \"c003\", \"000a\", \"c02f\", \"c02b\", \"c027\", \"c023\", \"c013\", \"c009\", \"c01f\", \"c01e\", \"00a2\", \"009e\", \"0067\", \"0040\", \"0033\", \"0032\", \"c031\", \"c02d\", \"c029\", \"c025\", \"c00e\", \"c004\", \"009c\", \"003c\", \"002f\", \"00ff\"]": 102,
        "[\"c014\", \"c00a\", \"0039\", \"0038\", \"0037\", \"0036\", \"0088\", \"0087\", \"0086\", \"0085\", \"c00f\", \"c005\", \"0035\", \"0084\", \"c013\", \"c009\", \"0033\", \"0032\", \"0031\", \"0030\", \"009a\", \"0099\", \"0098\", \"0097\", \"0045\", \"0044\", \"0043\", \"0042\", \"c00e\", \"c004\", \"002f\", \"0096\", \"0041\", \"0007\", \"c011\", \"c007\", \"c00c\", \"c002\", \"0005\", \"0004\", \"c012\", \"c008\", \"0016\", \"0013\", \"0010\", \"000d\", \"c00d\", \"c003\", \"000a\", \"0015\", \"0012\", \"000f\", \"000c\", \"0009\", \"00ff\"]": 8,
        "[\"c030\", \"c02c\", \"c028\", \"c024\", \"c014\", \"c00a\", \"c022\", \"c021\", \"00a3\", \"009f\", \"006b\", \"006a\", \"0039\", \"0038\", \"0088\", \"0087\", \"c032\", \"c02e\", \"c02a\", \"c026\", \"c00f\", \"c005\", \"009d\", \"003d\", \"0035\", \"0084\", \"c012\", \"c008\", \"c01c\", \"c01b\", \"0016\", \"0013\", \"c00d\", \"c003\", \"000a\", \"c02f\", \"c02b\", \"c027\", \"c023\", \"c013\", \"c009\", \"c01f\", \"c01e\", \"00a2\", \"009e\", \"0067\", \"0040\", \"0033\", \"0032\", \"009a\", \"0099\", \"0045\", \"0044\", \"c031\", \"c02d\", \"c029\", \"c025\", \"c00e\", \"c004\", \"009c\", \"003c\", \"002f\", \"0096\", \"0041\", \"c011\", \"c007\", \"c00c\", \"c002\", \"0005\", \"0004\", \"0015\", \"0012\", \"0009\", \"0014\", \"0011\", \"0008\", \"0006\", \"0003\", \"00ff\"]": 2,
        "[\"c014\", \"c00a\", \"0039\", \"0038\", \"0088\", \"0087\", \"c00f\", \"c005\", \"0035\", \"0084\", \"c013\", \"c009\", \"0033\", \"0032\", \"009a\", \"0099\", \"0045\", \"0044\", \"c00e\", \"c004\", \"002f\", \"0096\", \"0041\", \"0007\", \"c011\", \"c007\", \"c00c\", \"c002\", \"0005\", \"0004\", \"c012\", \"c008\", \"0016\", \"0013\", \"c00d\", \"c003\", \"000a\", \"0015\", \"0012\", \"0009\", \"0014\", \"0011\", \"0008\", \"0006\", \"0003\", \"00ff\"]": 1,
        "[\"c030\", \"c02c\", \"c028\", \"c024\", \"c014\", \"c00a\", \"00a5\", \"00a3\", \"00a1\", \"009f\", \"006b\", \"006a\", \"0069\", \"0068\", \"0039\", \"0038\", \"0037\", \"0036\", \"0088\", \"0087\", \"0086\", \"0085\", \"c032\", \"c02e\", \"c02a\", \"c026\", \"c00f\", \"c005\", \"009d\", \"003d\", \"0035\", \"0084\", \"c02f\", \"c02b\", \"c027\", \"c023\", \"c013\", \"c009\", \"00a4\", \"00a2\", \"00a0\", \"009e\", \"0067\", \"0040\", \"003f\", \"003e\", \"0033\", \"0032\", \"0031\", \"0030\", \"009a\", \"0099\", \"0098\", \"0097\", \"0045\", \"0044\", \"0043\", \"0042\", \"c031\", \"c02d\", \"c029\", \"c025\", \"c00e\", \"c004\", \"009c\", \"003c\", \"002f\", \"0096\", \"0041\", \"0007\", \"c011\", \"c007\", \"c00c\", \"c002\", \"0005\", \"0004\", \"c012\", \"c008\", \"0016\", \"0013\", \"0010\", \"000d\", \"c00d\", \"c003\", \"000a\", \"0015\", \"0012\", \"000f\", \"000c\", \"0009\", \"00ff\"]": 2
    }
}