{
    "flow_volume": 100,
    "flow_duration": 10,
    "flow_rate": 6000000,
    "sleep_time": 10,
    "dns_interval": 10,
    "ntp_interval": 10,
    "ports": {
        "null": 406,
        "36858": 100,
        "5222": 247,
        "10001": 644,
        "35723": 33,
        "60162": 48,
        "33434": 266,
        "56700": 60,
        "1935": 48,
        "443": 332,
        "50443": 75,
        "123": 158,
        "3478": 40,
        "41612": 1,
        "37616": 7,
        "5228": 24,
        "58387": 55,
        "49908": 6,
        "39855": 1,
        "80": 87,
        "43299": 1,
        "56335": 1,
        "137": 3,
        "29963": 2,
        "8089": 4,
        "39530": 1,
        "67": 11,
        "35152": 1,
        "36653": 1,
        "30293": 2,
        "18872": 1,
        "60211": 1,
        "36343": 1,
        "47940": 31,
        "8090": 12,
        "4500": 79,
        "2179": 23,
        "28174": 1,
        "47890": 1,
        "1402": 1,
        "6370": 1,
        "68": 43,
        "15016": 1,
        "40589": 1,
        "49876": 1,
        "45314": 1,
        "59053": 1,
        "48555": 1,
        "40758": 1,
        "60518": 1,
        "993": 7,
        "40166": 1,
        "37768": 1,
        "30294": 2,
        "30295": 2,
        "57606": 1,
        "54126": 1,
        "39435": 1,
        "56673": 1,
        "38321": 1,
        "56072": 1,
        "60225": 1,
        "49684": 1,
        "48586": 1,
        "60047": 1,
        "33668": 1,
        "43993": 1,
        "30296": 2,
        "25587": 4,
        "25050": 4,
        "44608": 1,
        "48297": 1,
        "59481": 1,
        "39683": 1,
        "6372": 1,
        "51352": 1,
        "36063": 1,
        "52976": 1,
        "60283": 1,
        "54740": 1,
        "45330": 1,
        "30297": 2,
        "33189": 1,
        "56766": 1,
        "40111": 1,
        "36187": 1,
        "50942": 1,
        "24430": 1,
        "33956": 1,
        "47711": 1,
        "43600": 1,
        "48484": 1,
        "33052": 1,
        "35863": 1,
        "55821": 1,
        "38127": 1,
        "53522": 1,
        "42685": 1,
        "46972": 1,
        "42985": 1,
        "11911": 1,
        "31479": 1,
        "41173": 1,
        "4421": 1,
        "30298": 2,
        "47751": 1,
        "51044": 1,
        "51747": 1,
        "3090": 2,
        "17090": 2,
        "39771": 1,
        "58056": 1,
        "48685": 1,
        "6374": 1,
        "34966": 1,
        "48324": 1,
        "35850": 1,
        "58044": 1,
        "38098": 1,
        "59749": 1,
        "32888": 1,
        "39087": 1,
        "40586": 1,
        "50192": 1,
        "30299": 2,
        "59636": 1,
        "36826": 1,
        "57112": 1,
        "33341": 1,
        "60143": 1,
        "34489": 1,
        "42214": 1,
        "52172": 1,
        "53925": 1,
        "51221": 1,
        "57636": 1,
        "51770": 1,
        "33460": 1,
        "48405": 1,
        "46506": 1,
        "58850": 1,
        "45849": 1,
        "54263": 1,
        "43303": 1,
        "39032": 1,
        "34221": 1,
        "47978": 1,
        "34303": 1,
        "43950": 28,
        "30300": 2,
        "50841": 1,
        "60432": 1,
        "58111": 1,
        "59919": 1,
        "28046": 1,
        "46292": 1,
        "52353": 1,
        "6376": 1,
        "37758": 1,
        "43704": 1,
        "57275": 1,
        "48782": 1,
        "49241": 1,
        "40065": 1,
        "54378": 1,
        "55318": 1,
        "53223": 1,
        "30301": 2,
        "49215": 1,
        "55967": 1,
        "42708": 1,
        "546": 1,
        "48349": 1,
        "50983": 1,
        "36669": 1,
        "60700": 1,
        "38136": 1,
        "40237": 1,
        "55159": 1,
        "38531": 1,
        "35017": 1,
        "51574": 1,
        "37042": 1,
        "40118": 1,
        "44181": 1,
        "30302": 2,
        "58357": 1,
        "48167": 1,
        "45221": 1,
        "54899": 1,
        "51902": 1,
        "6378": 1,
        "49477": 1,
        "53421": 1,
        "46669": 1,
        "49105": 1,
        "35362": 1,
        "52759": 1,
        "51892": 1,
        "30303": 2,
        "38864": 1,
        "47403": 1,
        "44795": 1,
        "43412": 1,
        "44219": 1,
        "38090": 1,
        "57652": 1,
        "53165": 1,
        "34858": 1,
        "58366": 1,
        "59668": 1,
        "48525": 1,
        "30304": 2,
        "53": 3,
        "55857": 1,
        "1602": 1,
        "40412": 1,
        "60985": 1,
        "33016": 1,
        "41249": 1,
        "4423": 1,
        "34457": 1,
        "6380": 1,
        "43083": 1,
        "52770": 1,
        "41365": 1,
        "39285": 1,
        "45995": 1,
        "54655": 1,
        "43894": 1,
        "55267": 1,
        "47460": 1,
        "49294": 1,
        "30305": 2,
        "59066": 1,
        "33290": 1,
        "60953": 1,
        "28555": 1,
        "56505": 1,
        "34481": 1
    },
    "domains": {
        "time.nist.gov": 60,
        "sip.invoxia.com": 9,
        "www.example.com": 26,
        "www.example.net": 26,
        "www.example.org": 26,
        "babyws.withings.net": 19,
        "pool.ntp.org": 32,
        "play.googleapis.com": 2,
        "connect.insteon.com": 12,
        "connectivitycheck.gstatic.com": 1,
        "mtalk.google.com": 1,
        "android.clients.google.com": 3,
        "device-metrics-us.amazon.com": 5,
        "netcom.netatmo.net": 10,
        "aps1-relay.tplinkcloud.com": 3,
        "scalews.withings.net": 10,
        "inst.platform.bing.com": 1,
        "a.config.skype.com": 2,
        "www.belkin.com": 4,
        "d3gjecg2uu2eaq.cloudfront.net": 4,
        "apicom.netatmo.net": 1,
        "pindorama.amazon.com": 1,
        "api.pix-star.com": 2,
        "api.pix-star.com.lan": 1,
        "api.pix-star.com.#": 1,
        "api.pix-star.com.wlan0": 1,
        "www.meethue.com": 1,
        "2.android.pool.ntp.org": 1,
        "uk.pool.ntp.org": 1,
        "clients4.google.com": 2,
        "www.google.com.au": 2,
        "android.googleapis.com": 1
    },
    "ciphers": {
        "[\"c02b\", \"c02c\", \"c02f\", \"c030\", \"009e\", \"009f\", \"c009\", \"c00a\", \"c013\", \"c014\", \"0033\", \"0039\", \"c007\", \"c011\", \"009c\", \"009d\", \"002f\", \"0035\", \"0005\", \"00ff\"]": 3,
        "[\"cca9\", \"cc14\", \"c02b\", \"c02c\", \"cca8\", \"cc13\", \"c02f\", \"c030\", \"009e\", \"009f\", \"c009\", \"c00a\", \"c013\", \"c014\", \"0033\", \"0039\", \"009c\", \"009d\", \"002f\", \"0035\"]": 4,
        "[\"c014\", \"c00a\", \"0039\", \"0038\", \"0037\", \"0036\", \"0088\", \"0087\", \"0086\", \"0085\", \"c00f\", \"c005\", \"0035\", \"0084\", \"c013\", \"c009\", \"0033\", \"0032\", \"0031\", \"0030\", \"009a\", \"0099\", \"0098\", \"0097\", \"0045\", \"0044\", \"0043\", \"0042\", \"c00e\", \"c004\", \"002f\", \"0096\", \"0041\", \"0007\", \"c011\", \"c007\", \"c00c\", \"c002\", \"0005\", \"0004\", \"c012\", \"c008\", \"0016\", \"0013\", \"0010\", \"000d\", \"c00d\", \"c003\", \"000a\", \"0015\", \"0012\", \"000f\", \"000c\", \"0009\", \"00ff\"]": 4,
        "[\"c030\", \"c02c\", \"c028\", \"c024\", \"c014\", \"c00a\", \"c032\", \"c02e\", \"c02a\", \"c026\", \"c00f\", \"c005\", \"009d\", \"003d\", \"0035\", \"c02f\", \"c02b\", \"c027\", \"c023\", \"c013\", \"c009\", \"c031\", \"c02d\", \"c029\", \"c025\", \"c00e\", \"c004\", \"009c\", \"003c\", \"002f\", \"c012\", \"c008\", \"c00d\", \"c003\", \"000a\", \"00ff\"]": 1,
        "[\"c030\", \"c02c\", \"c028\", \"c024\", \"c014\", \"c00a\", \"c022\", \"c021\", \"00a3\", \"009f\", \"006b\", \"006a\", \"0039\", \"0038\", \"c032\", \"c02e\", \"c02a\", \"c026\", \"c00f\", \"c005\", \"009d\", \"003d\", \"0035\", \"c012\", \"c008\", \"c01c\", \"c01b\", \"0016\", \"0013\", \"c00d\", \"c003\", \"000a\", \"c02f\", \"c02b\", \"c027\", \"c023\", \"c013\", \"c009\", \"c01f\", \"c01e\", \"00a2\", \"009e\", \"0067\", \"0040\", \"0033\", \"0032\", \"c031\", \"c02d\", \"c029\", \"c025\", \"c00e\", \"c004\", \"009c\", \"003c\", \"002f\", \"00ff\"]": 1,
        "[\"c030\", \"c02c\", \"c028\", \"c024\", \"c014\", \"c00a\", \"00a5\", \"00a3\", \"00a1\", \"009f\", \"006b\", \"006a\", \"0069\", \"0068\", \"0039\", \"0038\", \"0037\", \"0036\", \"0088\", \"0087\", \"0086\", \"0085\", \"c032\", \"c02e\", \"c02a\", \"c026\", \"c00f\", \"c005\", \"009d\", \"003d\", \"0035\", \"0084\", \"c02f\", \"c02b\", \"c027\", \"c023\", \"c013\", \"c009\", \"00a4\", \"00a2\", \"00a0\", \"009e\", \"0067\", \"0040\", \"003f\", \"003e\", \"0033\", \"0032\", \"0031\", \"0030\", \"009a\", \"0099\", \"0098\", \"0097\", \"0045\", \"0044\", \"0043\", \"0042\", \"c031\", \"c02d\", \"c029\", \"c025\", \"c00e\", \"c004\", \"009c\", \"003c\", \"002f\", \"0096\", \"0041\", \"0007\", \"c011\", \"c007\", \"c00c\", \"c002\", \"0005\", \"0004\", \"c012\", \"c008\", \"0016\", \"0013\", \"0010\", \"000d\", \"c00d\", \"c003\", \"000a\", \"0015\", \"0012\", \"000f\", \"000c\", \"0009\", \"00ff\"]": 2,
        "[\"c030\", \"c02c\", \"c028\", \"c024\", \"c014\", \"c00a\", \"c022\", \"c021\", \"00a3\", \"009f\", \"006b\", \"006a\", \"0039\", \"0038\", \"0088\", \"0087\", \"c032\", \"c02e\", \"c02a\", \"c026\", \"c00f\", \"c005\", \"009d\", \"003d\", \"0035\", \"0084\", \"c012\", \"c008\", \"c01c\", \"c01b\", \"0016\", \"0013\", \"c00d\", \"c003\", \"000a\", \"c02f\", \"c02b\", \"c027\", \"c023\", \"c013\", \"c009\", \"c01f\", \"c01e\", \"00a2\", \"009e\", \"0067\", \"0040\", \"0033\", \"0032\", \"009a\", \"0099\", \"0045\", \"0044\", \"c031\", \"c02d\", \"c029\", \"c025\", \"c00e\", \"c004\", \"009c\", \"003c\", \"002f\", \"0096\", \"0041\", \"c011\", \"c007\", \"c00c\", \"c002\", \"0005\", \"0004\", \"0015\", \"0012\", \"0009\", \"0014\", \"0011\", \"0008\", \"0006\", \"0003\", \"00ff\"]": 1,
        "[\"cca9\", \"cca8\", \"cc14\", \"cc13\", \"c02b\", \"c02f\", \"c02c\", \"c030\", \"c009\", \"c013\", \"c00a\", \"c014\", \"009c\", \"009d\", \"002f\", \"0035\", \"000a\"]": 2
    }
}