{
    "flow_volume": 100,
    "flow_duration": 10,
    "flow_rate": 6000000,
    "sleep_time": 10,
    "dns_interval": 10,
    "ntp_interval": 10,
    "ports": {
        "443": 282,
        "36858": 165,
        "null": 385,
        "10001": 644,
        "50443": 75,
        "33434": 266,
        "123": 159,
        "60162": 48,
        "56700": 60,
        "4500": 10,
        "34864": 1,
        "80": 79,
        "58113": 15,
        "8090": 12,
        "5222": 249,
        "58387": 57,
        "47940": 45,
        "59052": 1,
        "37616": 7,
        "5228": 12,
        "3478": 40,
        "29963": 2,
        "8089": 4,
        "1935": 47,
        "57342": 1,
        "67": 14,
        "43825": 1,
        "60643": 1,
        "30371": 2,
        "68": 20,
        "38580": 1,
        "39423": 1,
        "43193": 1,
        "54114": 1,
        "45355": 1,
        "41656": 1,
        "45229": 1,
        "45400": 1,
        "46209": 1,
        "39739": 1,
        "6444": 1,
        "42083": 1,
        "137": 3,
        "44677": 1,
        "25587": 6,
        "25050": 6,
        "2179": 23,
        "42320": 1,
        "55020": 1,
        "49908": 4,
        "35756": 1,
        "43747": 1,
        "53365": 1,
        "30372": 2,
        "52467": 1,
        "50332": 1,
        "36249": 1,
        "41527": 1,
        "38514": 1,
        "53944": 1,
        "56771": 1,
        "42098": 1,
        "4457": 1,
        "57890": 1,
        "47842": 1,
        "39972": 1,
        "60439": 1,
        "47740": 1,
        "3090": 2,
        "39105": 1,
        "56690": 1,
        "60784": 1,
        "38234": 1,
        "30373": 2,
        "48148": 1,
        "43621": 1,
        "39646": 1,
        "42384": 1,
        "47528": 1,
        "53083": 1,
        "60313": 1,
        "58883": 1,
        "41690": 1,
        "53685": 1,
        "56952": 1,
        "6446": 1,
        "53009": 1,
        "45926": 45,
        "39999": 1,
        "35333": 1,
        "30374": 2,
        "47097": 1,
        "33987": 1,
        "50171": 1,
        "40573": 1,
        "36899": 1,
        "50378": 1,
        "39548": 1,
        "42131": 1,
        "41185": 1,
        "38492": 1,
        "53507": 1,
        "33518": 1,
        "48963": 1,
        "30375": 2,
        "42941": 1,
        "55516": 1,
        "39926": 1,
        "57177": 1,
        "49277": 1,
        "57167": 1,
        "6448": 1,
        "28046": 1,
        "39289": 1,
        "53496": 1,
        "34835": 1,
        "46826": 1,
        "41148": 1,
        "32522": 2,
        "48768": 1,
        "44617": 1,
        "30376": 2,
        "49910": 1,
        "38424": 1,
        "47489": 1,
        "50421": 1,
        "38778": 1,
        "46601": 1,
        "58228": 1,
        "60653": 1,
        "41565": 1,
        "36271": 1,
        "52904": 1,
        "55448": 1,
        "30377": 2,
        "42090": 1,
        "54392": 1,
        "60075": 1,
        "35147": 1,
        "41570": 1,
        "37206": 1,
        "55946": 1,
        "6450": 1,
        "39575": 1,
        "56960": 1,
        "47871": 1,
        "40046": 1,
        "56741": 1,
        "56921": 1,
        "44579": 1,
        "57275": 1,
        "38904": 1,
        "47257": 1,
        "30378": 2,
        "36691": 1,
        "546": 1,
        "44805": 1,
        "55249": 1,
        "35384": 1,
        "58886": 1,
        "46490": 1,
        "38764": 1,
        "4461": 1,
        "52893": 1,
        "42867": 1,
        "46204": 1,
        "30379": 2,
        "53802": 1,
        "41480": 1,
        "43629": 1,
        "58444": 1,
        "54612": 1,
        "41134": 1,
        "48658": 1,
        "6452": 1,
        "43596": 1,
        "43029": 1,
        "50883": 1,
        "59949": 1,
        "53586": 1,
        "45282": 1,
        "5599": 1,
        "30380": 2,
        "60960": 1,
        "38461": 1,
        "47618": 1,
        "46990": 1,
        "42686": 1,
        "59808": 1,
        "35814": 1,
        "53424": 1,
        "41810": 1,
        "54264": 1,
        "52947": 1,
        "40667": 1,
        "42674": 1,
        "30381": 2,
        "35894": 1,
        "53064": 1,
        "34412": 1,
        "50288": 1,
        "50747": 1,
        "56434": 1,
        "6454": 1,
        "57343": 1,
        "42014": 1,
        "37029": 1,
        "46298": 1,
        "56299": 1,
        "41339": 1,
        "40581": 1,
        "60125": 1,
        "60440": 1,
        "30382": 2,
        "45244": 1,
        "59601": 1,
        "36970": 1,
        "37398": 1,
        "45253": 1,
        "50292": 1
    },
    "domains": {
        "babyws.withings.net": 12,
        "time.nist.gov": 60,
        "sip.invoxia.com": 9,
        "pool.ntp.org": 30,
        "scalews.withings.net": 13,
        "connect.insteon.com": 12,
        "www.example.com": 26,
        "www.example.net": 26,
        "www.example.org": 26,
        "device-metrics-us.amazon.com": 5,
        "netcom.netatmo.net": 17,
        "api.pix-star.com": 4,
        "api.pix-star.com.lan": 2,
        "api.pix-star.com.#": 2,
        "api.pix-star.com.wlan0": 2,
        "www.belkin.com": 4,
        "d3gjecg2uu2eaq.cloudfront.net": 4,
        "aps1-relay.tplinkcloud.com": 3,
        "pindorama.amazon.com": 1,
        "www.meethue.com": 1,
        "apicom.netatmo.net": 1,
        "uk.pool.ntp.org": 2
    },
    "ciphers": {
        "[\"c014\", \"c00a\", \"0039\", \"0038\", \"0037\", \"0036\", \"0088\", \"0087\", \"0086\", \"0085\", \"c00f\", \"c005\", \"0035\", \"0084\", \"c013\", \"c009\", \"0033\", \"0032\", \"0031\", \"0030\", \"009a\", \"0099\", \"0098\", \"0097\", \"0045\", \"0044\", \"0043\", \"0042\", \"c00e\", \"c004\", \"002f\", \"0096\", \"0041\", \"0007\", \"c011\", \"c007\", \"c00c\", \"c002\", \"0005\", \"0004\", \"c012\", \"c008\", \"0016\", \"0013\", \"0010\", \"000d\", \"c00d\", \"c003\", \"000a\", \"0015\", \"0012\", \"000f\", \"000c\", \"0009\", \"00ff\"]": 4,
        "[\"c030\", \"c02c\", \"c028\", \"c024\", \"c014\", \"c00a\", \"c022\", \"c021\", \"00a3\", \"009f\", \"006b\", \"006a\", \"0039\", \"0038\", \"0088\", \"0087\", \"c032\", \"c02e\", \"c02a\", \"c026\", \"c00f\", \"c005\", \"009d\", \"003d\", \"0035\", \"0084\", \"c012\", \"c008\", \"c01c\", \"c01b\", \"0016\", \"0013\", \"c00d\", \"c003\", \"000a\", \"c02f\", \"c02b\", \"c027\", \"c023\", \"c013\", \"c009\", \"c01f\", \"c01e\", \"00a2\", \"009e\", \"0067\", \"0040\", \"0033\", \"0032\", \"009a\", \"0099\", \"0045\", \"0044\", \"c031\", \"c02d\", \"c029\", \"c025\", \"c00e\", \"c004\", \"009c\", \"003c\", \"002f\", \"0096\", \"0041\", \"c011\", \"c007\", \"c00c\", \"c002\", \"0005\", \"0004\", \"0015\", \"0012\", \"0009\", \"0014\", \"0011\", \"0008\", \"0006\", \"0003\", \"00ff\"]": 4,
        "[\"c030\", \"c02c\", \"c028\", \"c024\", \"c014\", \"c00a\", \"00a5\", \"00a3\", \"00a1\", \"009f\", \"006b\", \"006a\", \"0069\", \"0068\", \"0039\", \"0038\", \"0037\", \"0036\", \"0088\", \"0087\", \"0086\", \"0085\", \"c032\", \"c02e\", \"c02a\", \"c026\", \"c00f\", \"c005\", \"009d\", \"003d\", \"0035\", \"0084\", \"c02f\", \"c02b\", \"c027\", \"c023\", \"c013\", \"c009\", \"00a4\", \"00a2\", \"00a0\", \"009e\", \"0067\", \"0040\", \"003f\", \"003e\", \"0033\", \"0032\", \"0031\", \"0030\", \"009a\", \"0099\", \"0098\", \"0097\", \"0045\", \"0044\", \"0043\", \"0042\", \"c031\", \"c02d\", \"c029\", \"c025\", \"c00e\", \"c004\", \"009c\", \"003c\", \"002f\", \"0096\", \"0041\", \"0007\", \"c011\", \"c007\", \"c00c\", \"c002\", \"0005\", \"0004\", \"c012\", \"c008\", \"0016\", \"0013\", \"0010\", \"000d\", \"c00d\", \"c003\", \"000a\", \"0015\", \"0012\", \"000f\", \"000c\", \"0009\", \"00ff\"]": 2,
        "[\"c030\", \"c02c\", \"c028\", \"c024\", \"c014\", \"c00a\", \"c022\", \"c021\", \"00a3\", \"009f\", \"006b\", \"006a\", \"0039\", \"0038\", \"c032\", \"c02e\", \"c02a\", \"c026\", \"c00f\", \"c005\", \"009d\", \"003d\", \"0035\", \"c012\", \"c008\", \"c01c\", \"c01b\", \"0016\", \"0013\", \"c00d\", \"c003\", \"000a\", \"c02f\", \"c02b\", \"c027\", \"c023\", \"c013\", \"c009\", \"c01f\", \"c01e\", \"00a2\", \"009e\", \"0067\", \"0040\", \"0033\", \"0032\", \"c031\", \"c02d\", \"c029\", \"c025\", \"c00e\", \"c004\", \"009c\", \"003c\", \"002f\", \"00ff\"]": 1
    }
}