{
    "flow_volume": 100,
    "flow_duration": 10,
    "flow_rate": 6000000,
    "sleep_time": 10,
    "dns_interval": 10,
    "ntp_interval": 10,
    "ports": {
        "443": 390,
        "null": 396,
        "10001": 628,
        "36138": 1,
        "80": 112,
        "49137": 1,
        "56935": 1,
        "33434": 266,
        "4500": 179,
        "5222": 251,
        "53521": 59,
        "43252": 1,
        "59510": 1,
        "465": 25,
        "3478": 40,
        "60162": 48,
        "56700": 60,
        "123": 159,
        "1935": 48,
        "68": 26,
        "46823": 1,
        "5040": 1,
        "32074": 1,
        "19259": 1,
        "7275": 2,
        "28595": 1,
        "6848": 1,
        "22979": 1,
        "13602": 1,
        "5228": 26,
        "17994": 1,
        "2082": 1,
        "33334": 1,
        "23992": 1,
        "29474": 1,
        "15094": 1,
        "4773": 1,
        "6942": 1,
        "23022": 1,
        "58204": 2,
        "50443": 78,
        "55858": 1,
        "51357": 9,
        "25575": 1,
        "993": 7,
        "4569": 1,
        "30058": 1,
        "67": 13,
        "21372": 2,
        "8089": 4,
        "58387": 60,
        "36496": 1,
        "34905": 1,
        "41974": 1,
        "42018": 8,
        "54490": 1,
        "48970": 1,
        "47940": 50,
        "55085": 1,
        "45462": 1,
        "2179": 36,
        "36789": 1,
        "30191": 2,
        "3088": 2,
        "49502": 1,
        "45609": 1,
        "60380": 1,
        "48756": 1,
        "8090": 12,
        "35230": 1,
        "46453": 1,
        "43607": 1,
        "49923": 1,
        "51876": 1,
        "34783": 1,
        "37678": 1,
        "60663": 1,
        "35810": 2,
        "6272": 1,
        "41365": 1,
        "49922": 1,
        "37616": 6,
        "47715": 1,
        "35178": 1,
        "48557": 1,
        "54226": 2,
        "49908": 6,
        "27569": 1,
        "25474": 1,
        "14502": 1,
        "13868": 1,
        "57073": 1,
        "36764": 1,
        "8052": 1,
        "57482": 1,
        "25587": 5,
        "25050": 5,
        "30192": 2,
        "53289": 1,
        "37173": 1,
        "41282": 1,
        "37242": 1,
        "57304": 1,
        "45470": 1,
        "55585": 1,
        "43586": 1,
        "33715": 1,
        "2055": 1,
        "46511": 1,
        "39364": 1,
        "35595": 1,
        "35478": 1,
        "35626": 1,
        "58062": 1,
        "42221": 1,
        "53946": 1,
        "37578": 1,
        "35094": 1,
        "58826": 1,
        "43776": 1,
        "38001": 1,
        "39963": 1,
        "54777": 1,
        "38935": 1,
        "58464": 1,
        "63925": 1,
        "30193": 2,
        "48479": 1,
        "48832": 1,
        "60148": 1,
        "45931": 1,
        "48648": 1,
        "54433": 1,
        "42578": 1,
        "37534": 1,
        "40178": 1,
        "50593": 1,
        "40365": 1,
        "41357": 1,
        "44984": 1,
        "37527": 1,
        "50532": 1,
        "39522": 1,
        "58545": 1,
        "60852": 1,
        "45485": 1,
        "6274": 1,
        "137": 3,
        "50263": 1,
        "37132": 1,
        "49744": 1,
        "38714": 1,
        "42538": 1,
        "41272": 1,
        "39526": 1,
        "44960": 1,
        "45648": 1,
        "58340": 1,
        "38089": 1,
        "38718": 1,
        "59940": 1,
        "41749": 1,
        "30194": 2,
        "43785": 1,
        "45735": 1,
        "34485": 1,
        "53846": 1,
        "33895": 1,
        "37025": 1,
        "35992": 1,
        "36968": 1,
        "37080": 1,
        "57076": 1,
        "45710": 1,
        "44464": 1,
        "32864": 1,
        "41043": 1,
        "41100": 1,
        "17090": 2,
        "53078": 1,
        "57040": 1,
        "40955": 1,
        "30195": 2,
        "60473": 1,
        "41848": 1,
        "59397": 1,
        "45018": 1,
        "57979": 1,
        "37128": 1,
        "60381": 1,
        "57223": 1,
        "6276": 1,
        "57554": 1,
        "41005": 1,
        "36478": 1,
        "46411": 1,
        "49480": 1,
        "52371": 1,
        "30196": 2,
        "42226": 1,
        "45684": 1,
        "49869": 1,
        "40526": 1,
        "54264": 1,
        "58524": 1,
        "57327": 1,
        "42835": 1,
        "41081": 1,
        "7188": 1,
        "5564": 1,
        "5592": 1,
        "6537": 1,
        "8338": 1,
        "12314": 1,
        "6041": 1,
        "8362": 1,
        "29226": 1,
        "19568": 1,
        "25987": 1,
        "29617": 1,
        "11822": 1,
        "50397": 1,
        "47294": 2,
        "22156": 1,
        "4365": 1,
        "42008": 1,
        "45465": 1,
        "36843": 1,
        "54819": 1,
        "42054": 15,
        "36407": 8,
        "50112": 1,
        "35841": 1,
        "45123": 1,
        "35260": 1,
        "56688": 1,
        "57306": 1,
        "4663": 1,
        "50879": 1,
        "45495": 1,
        "30197": 2,
        "50061": 1,
        "56260": 1,
        "53359": 1,
        "34368": 1,
        "60422": 1,
        "50269": 1,
        "41661": 1,
        "50822": 1,
        "48475": 1,
        "48240": 1,
        "39038": 1,
        "47340": 1,
        "45117": 1,
        "6278": 1,
        "52152": 3,
        "35751": 1,
        "48062": 1,
        "34820": 1,
        "51428": 1,
        "53416": 1,
        "58431": 1,
        "38134": 1,
        "57275": 1,
        "34828": 1,
        "58938": 1,
        "40700": 1,
        "41514": 1,
        "30198": 2,
        "56075": 1,
        "56799": 1,
        "39274": 1,
        "45180": 1,
        "52817": 1,
        "42204": 1,
        "38757": 1,
        "40154": 1,
        "55441": 1,
        "57918": 1,
        "42333": 1,
        "30199": 2,
        "30200": 2,
        "49254": 1,
        "45608": 1,
        "45045": 1,
        "49153": 1,
        "53724": 1,
        "34832": 1,
        "34840": 1,
        "6280": 1,
        "50542": 1,
        "56831": 1,
        "43290": 1,
        "35982": 1,
        "57398": 1,
        "35831": 2,
        "46792": 1,
        "55021": 1,
        "30201": 2,
        "57756": 1,
        "49830": 1,
        "24056": 1,
        "21534": 1,
        "13442": 1,
        "13231": 1,
        "13775": 1,
        "60357": 1,
        "45410": 1,
        "57541": 1,
        "45725": 1,
        "42055": 4,
        "59776": 1,
        "60003": 1,
        "12303": 1,
        "33043": 1,
        "33130": 1,
        "56365": 1,
        "44784": 1,
        "57296": 1,
        "44213": 1,
        "58985": 1,
        "47646": 1,
        "53965": 1,
        "50537": 1,
        "48572": 1,
        "55200": 1,
        "42546": 1,
        "57191": 1,
        "37331": 1,
        "41020": 1,
        "57964": 1,
        "30202": 2,
        "55583": 1,
        "52225": 1,
        "41191": 1,
        "36319": 1,
        "41256": 1,
        "45362": 1,
        "33524": 1,
        "6282": 1,
        "48744": 1,
        "54340": 1,
        "39907": 1,
        "46742": 1,
        "60175": 1,
        "30203": 2,
        "40381": 1,
        "45207": 1,
        "57175": 1,
        "39804": 1,
        "49557": 1
    },
    "domains": {
        "www.example.com": 24,
        "www.example.net": 24,
        "www.example.org": 24,
        "www.samsungsmartcam.com": 28,
        "smtp.gmail.com": 50,
        "connectivitycheck.gstatic.com": 4,
        "resolver.msg.xiaomi.net": 1,
        "BCMLS2.glpals.com": 2,
        "decide.mixpanel.com": 1,
        "service.game-mode.net": 1,
        "mtalk.google.com": 2,
        "mobile.pipe.aria.microsoft.com": 4,
        "ws.invoxia.io": 3,
        "api.samsungosp.com": 2,
        "apps.skype.com": 2,
        "b.config.skype.com": 4,
        "az361816.vo.msecnd.net": 2,
        "settings.crashlytics.com": 3,
        "sip.invoxia.com": 10,
        "time.nist.gov": 62,
        "imap.gmail.com": 2,
        "clients3.google.com": 2,
        "android.clients.google.com": 3,
        "aps1-relay.tplinkcloud.com": 4,
        "pool.ntp.org": 32,
        "www.belkin.com": 3,
        "d3gjecg2uu2eaq.cloudfront.net": 3,
        "babyws.withings.net": 23,
        "connect.insteon.com": 12,
        "device-metrics-us.amazon.com": 5,
        "mail.google.com": 3,
        "nexusapi.dropcam.com": 2,
        "scalews.withings.net": 7,
        "ssl.google-analytics.com": 2,
        "netcom.netatmo.net": 9,
        "www.googleapis.com": 1,
        "apicom.netatmo.net": 1,
        "devs.tplinkcloud.com": 2,
        "api.pix-star.com": 2,
        "api.pix-star.com.lan": 1,
        "api.pix-star.com.#": 1,
        "api.pix-star.com.wlan0": 1,
        "api.evrythng.com": 1,
        "uk.pool.ntp.org": 1
    },
    "ciphers": {
        "[\"c02b\", \"c02c\", \"c02f\", \"c030\", \"009e\", \"009f\", \"c009\", \"c00a\", \"c013\", \"c014\", \"0033\", \"0039\", \"c007\", \"c011\", \"009c\", \"009d\", \"002f\", \"0035\", \"0005\", \"00ff\"]": 26,
        "[\"cca9\", \"cc14\", \"c02b\", \"c02c\", \"cca8\", \"cc13\", \"c02f\", \"c030\", \"009e\", \"009f\", \"c009\", \"c00a\", \"c013\", \"c014\", \"0033\", \"0039\", \"009c\", \"009d\", \"002f\", \"0035\"]": 9,
        "[\"c030\", \"c02c\", \"c028\", \"c024\", \"c014\", \"c00a\", \"c032\", \"c02e\", \"c02a\", \"c026\", \"c00f\", \"c005\", \"009d\", \"003d\", \"0035\", \"c02f\", \"c02b\", \"c027\", \"c023\", \"c013\", \"c009\", \"c031\", \"c02d\", \"c029\", \"c025\", \"c00e\", \"c004\", \"009c\", \"003c\", \"002f\", \"c012\", \"c008\", \"c00d\", \"c003\", \"000a\", \"00ff\"]": 6,
        "[\"c02b\", \"c02f\", \"009e\", \"c00a\", \"c009\", \"c013\", \"c014\", \"0033\", \"0039\", \"009c\", \"002f\", \"0035\", \"00ff\"]": 4,
        "[\"c030\", \"c02c\", \"c028\", \"c024\", \"c014\", \"c00a\", \"c022\", \"c021\", \"00a3\", \"009f\", \"006b\", \"006a\", \"0039\", \"0038\", \"c032\", \"c02e\", \"c02a\", \"c026\", \"c00f\", \"c005\", \"009d\", \"003d\", \"0035\", \"c012\", \"c008\", \"c01c\", \"c01b\", \"0016\", \"0013\", \"c00d\", \"c003\", \"000a\", \"c02f\", \"c02b\", \"c027\", \"c023\", \"c013\", \"c009\", \"c01f\", \"c01e\", \"00a2\", \"009e\", \"0067\", \"0040\", \"0033\", \"0032\", \"c031\", \"c02d\", \"c029\", \"c025\", \"c00e\", \"c004\", \"009c\", \"003c\", \"002f\", \"00ff\"]": 41,
        "[\"c014\", \"c00a\", \"0039\", \"0038\", \"0037\", \"0036\", \"0088\", \"0087\", \"0086\", \"0085\", \"c00f\", \"c005\", \"0035\", \"0084\", \"c013\", \"c009\", \"0033\", \"0032\", \"0031\", \"0030\", \"009a\", \"0099\", \"0098\", \"0097\", \"0045\", \"0044\", \"0043\", \"0042\", \"c00e\", \"c004\", \"002f\", \"0096\", \"0041\", \"0007\", \"c011\", \"c007\", \"c00c\", \"c002\", \"0005\", \"0004\", \"c012\", \"c008\", \"0016\", \"0013\", \"0010\", \"000d\", \"c00d\", \"c003\", \"000a\", \"0015\", \"0012\", \"000f\", \"000c\", \"0009\", \"00ff\"]": 4,
        "[\"c014\", \"c00a\", \"0039\", \"0038\", \"0088\", \"0087\", \"c00f\", \"c005\", \"0035\", \"0084\", \"c013\", \"c009\", \"0033\", \"0032\", \"009a\", \"0099\", \"0045\", \"0044\", \"c00e\", \"c004\", \"002f\", \"0096\", \"0041\", \"0007\", \"c011\", \"c007\", \"c00c\", \"c002\", \"0005\", \"0004\", \"c012\", \"c008\", \"0016\", \"0013\", \"c00d\", \"c003\", \"000a\", \"0015\", \"0012\", \"0009\", \"0014\", \"0011\", \"0008\", \"0006\", \"0003\", \"00ff\"]": 1,
        "[\"c030\", \"c02c\", \"c028\", \"c024\", \"c014\", \"c00a\", \"c022\", \"c021\", \"00a3\", \"009f\", \"006b\", \"006a\", \"0039\", \"0038\", \"0088\", \"0087\", \"c032\", \"c02e\", \"c02a\", \"c026\", \"c00f\", \"c005\", \"009d\", \"003d\", \"0035\", \"0084\", \"c012\", \"c008\", \"c01c\", \"c01b\", \"0016\", \"0013\", \"c00d\", \"c003\", \"000a\", \"c02f\", \"c02b\", \"c027\", \"c023\", \"c013\", \"c009\", \"c01f\", \"c01e\", \"00a2\", \"009e\", \"0067\", \"0040\", \"0033\", \"0032\", \"009a\", \"0099\", \"0045\", \"0044\", \"c031\", \"c02d\", \"c029\", \"c025\", \"c00e\", \"c004\", \"009c\", \"003c\", \"002f\", \"0096\", \"0041\", \"c011\", \"c007\", \"c00c\", \"c002\", \"0005\", \"0004\", \"0015\", \"0012\", \"0009\", \"0014\", \"0011\", \"0008\", \"0006\", \"0003\", \"00ff\"]": 1,
        "[\"c030\", \"c02c\", \"c028\", \"c024\", \"c014\", \"c00a\", \"00a5\", \"00a3\", \"00a1\", \"009f\", \"006b\", \"006a\", \"0069\", \"0068\", \"0039\", \"0038\", \"0037\", \"0036\", \"0088\", \"0087\", \"0086\", \"0085\", \"c032\", \"c02e\", \"c02a\", \"c026\", \"c00f\", \"c005\", \"009d\", \"003d\", \"0035\", \"0084\", \"c02f\", \"c02b\", \"c027\", \"c023\", \"c013\", \"c009\", \"00a4\", \"00a2\", \"00a0\", \"009e\", \"0067\", \"0040\", \"003f\", \"003e\", \"0033\", \"0032\", \"0031\", \"0030\", \"009a\", \"0099\", \"0098\", \"0097\", \"0045\", \"0044\", \"0043\", \"0042\", \"c031\", \"c02d\", \"c029\", \"c025\", \"c00e\", \"c004\", \"009c\", \"003c\", \"002f\", \"0096\", \"0041\", \"0007\", \"c012\", \"c008\", \"0016\", \"0013\", \"0010\", \"000d\", \"c00d\", \"c003\", \"000a\", \"00ff\"]": 1
    }
}