{
    "flow_volume": 100,
    "flow_duration": 10,
    "flow_rate": 0,
    "sleep_time": 10,
    "dns_interval": 10,
    "ntp_interval": 10,
    "ports": {
        "33434": 267,
        "null": 408,
        "51890": 1,
        "80": 202,
        "40189": 1,
        "56448": 1,
        "2179": 46,
        "53521": 10,
        "5222": 252,
        "60162": 48,
        "58387": 60,
        "47940": 53,
        "56700": 60,
        "4500": 178,
        "10001": 621,
        "58019": 1,
        "443": 464,
        "44259": 1,
        "465": 79,
        "50443": 74,
        "1935": 51,
        "55036": 1,
        "123": 147,
        "34874": 1,
        "55931": 1,
        "37616": 7,
        "5228": 58,
        "38211": 1,
        "41178": 1,
        "39038": 1,
        "34193": 1,
        "43744": 1,
        "59191": 1,
        "49908": 5,
        "3478": 38,
        "21372": 2,
        "8089": 4,
        "34288": 1,
        "36631": 1,
        "60183": 1,
        "68": 36,
        "56266": 1,
        "46491": 1,
        "43864": 1,
        "41232": 1,
        "4372": 1,
        "49417": 1,
        "35671": 1,
        "57905": 1,
        "56625": 1,
        "48860": 1,
        "30204": 2,
        "40605": 1,
        "34583": 1,
        "44858": 1,
        "42636": 1,
        "57588": 1,
        "38342": 1,
        "38450": 1,
        "40155": 1,
        "48735": 1,
        "8090": 12,
        "51101": 1,
        "52930": 1,
        "54227": 1,
        "56301": 1,
        "53802": 1,
        "52793": 1,
        "6284": 1,
        "45382": 1,
        "59232": 1,
        "41441": 1,
        "34513": 1,
        "42801": 1,
        "67": 12,
        "993": 12,
        "3088": 2,
        "45265": 1,
        "47612": 1,
        "56607": 1,
        "58320": 1,
        "42073": 1,
        "43928": 1,
        "40025": 1,
        "46563": 1,
        "30205": 2,
        "52739": 1,
        "42291": 1,
        "48136": 1,
        "59695": 1,
        "45673": 1,
        "55760": 1,
        "43213": 1,
        "41705": 1,
        "34765": 2,
        "58301": 1,
        "48276": 1,
        "33996": 1,
        "34316": 1,
        "60007": 1,
        "56963": 1,
        "53984": 1,
        "46673": 1,
        "57868": 1,
        "52459": 1,
        "61690": 1,
        "51109": 1,
        "53420": 1,
        "54212": 1,
        "47294": 6,
        "42683": 50,
        "38704": 23,
        "45653": 1,
        "42255": 1,
        "39779": 1,
        "56193": 1,
        "37338": 1,
        "52315": 1,
        "42971": 1,
        "36074": 1,
        "34297": 1,
        "41806": 1,
        "35672": 1,
        "60920": 1,
        "58250": 1,
        "50801": 1,
        "41741": 1,
        "58957": 1,
        "42322": 1,
        "54772": 1,
        "44738": 1,
        "35699": 1,
        "40676": 1,
        "59822": 1,
        "36155": 1,
        "54546": 1,
        "30206": 2,
        "42062": 9,
        "20469": 1,
        "48745": 1,
        "50038": 1,
        "52273": 1,
        "35567": 1,
        "34450": 1,
        "49663": 1,
        "60042": 1,
        "40364": 1,
        "36779": 1,
        "48739": 1,
        "36969": 1,
        "40195": 1,
        "34091": 1,
        "57494": 1,
        "48802": 1,
        "54456": 1,
        "37239": 1,
        "52702": 1,
        "6286": 1,
        "34969": 1,
        "36394": 2,
        "35299": 1,
        "37003": 1,
        "36178": 1,
        "41606": 1,
        "137": 3,
        "28046": 1,
        "47282": 1,
        "48956": 1,
        "57979": 1,
        "40208": 1,
        "60177": 1,
        "57446": 1,
        "56247": 1,
        "49665": 1,
        "57656": 1,
        "30207": 2,
        "43840": 1,
        "37977": 1,
        "54534": 1,
        "7275": 2,
        "10060": 1,
        "57814": 1,
        "39806": 1,
        "59761": 1,
        "38242": 1,
        "53246": 1,
        "45420": 1,
        "33708": 1,
        "45879": 1,
        "46493": 1,
        "40685": 1,
        "38559": 1,
        "17090": 2,
        "50040": 1,
        "60423": 1,
        "59502": 1,
        "30208": 2,
        "59130": 1,
        "44070": 1,
        "54353": 1,
        "39651": 1,
        "49975": 1,
        "39315": 1,
        "50068": 1,
        "41895": 1,
        "40064": 1,
        "53212": 1,
        "46294": 1,
        "42945": 1,
        "41747": 1,
        "36998": 1,
        "59210": 1,
        "58547": 1,
        "41667": 1,
        "38432": 1,
        "6288": 1,
        "47909": 1,
        "39597": 1,
        "56884": 1,
        "50409": 1,
        "53800": 1,
        "46965": 1,
        "58508": 1,
        "57006": 1,
        "46324": 1,
        "58808": 1,
        "55519": 1,
        "49701": 1,
        "36257": 1,
        "49943": 1,
        "49159": 1,
        "30209": 2,
        "42927": 1,
        "46328": 1,
        "50752": 1,
        "43815": 1,
        "36364": 1,
        "35539": 1,
        "40439": 1,
        "48653": 1,
        "47353": 1,
        "46333": 1,
        "48045": 1,
        "49635": 1,
        "33692": 1,
        "56218": 1,
        "47112": 1,
        "38421": 1,
        "34165": 1,
        "49471": 1,
        "60929": 1,
        "42075": 5,
        "54665": 1,
        "50825": 1,
        "52563": 1,
        "45531": 1,
        "33182": 1,
        "53239": 1,
        "52929": 1,
        "40469": 1,
        "44103": 1,
        "41542": 1,
        "52489": 1,
        "38914": 1,
        "17546": 1,
        "20692": 1,
        "60760": 1,
        "59828": 1,
        "38917": 1,
        "49130": 1,
        "56232": 1,
        "30210": 2,
        "58188": 1,
        "57505": 1,
        "46351": 1,
        "59069": 1,
        "60315": 1,
        "60700": 1,
        "34887": 1,
        "42301": 1,
        "42034": 1,
        "50786": 1,
        "25587": 3,
        "25050": 3,
        "4376": 1,
        "39568": 1,
        "44597": 1,
        "34401": 1,
        "46356": 1,
        "54940": 1,
        "46524": 1,
        "6290": 1,
        "50230": 1,
        "36670": 1,
        "53783": 1,
        "42199": 1,
        "59135": 1,
        "38562": 1,
        "54106": 1,
        "59632": 1,
        "32900": 1,
        "42344": 1,
        "50857": 1,
        "38279": 1,
        "54816": 1,
        "47789": 1,
        "40739": 1,
        "30211": 2,
        "36618": 1,
        "57606": 1,
        "40577": 1,
        "53335": 1,
        "41298": 1,
        "44080": 1,
        "41155": 1,
        "56808": 1,
        "34310": 1,
        "60967": 1,
        "35282": 1,
        "35374": 1,
        "58993": 1,
        "50337": 1,
        "48436": 1,
        "47328": 1,
        "37403": 1,
        "54694": 1,
        "52127": 1,
        "44303": 1,
        "58886": 1,
        "42708": 1,
        "57461": 1,
        "30212": 2,
        "60936": 1,
        "47327": 1,
        "41970": 1,
        "54070": 1,
        "43246": 1,
        "46267": 1,
        "45942": 1,
        "46207": 1,
        "32897": 1,
        "46873": 1,
        "6292": 1,
        "22003": 1,
        "2543": 1,
        "30304": 1,
        "59109": 1,
        "8382": 1,
        "38354": 1,
        "38735": 1,
        "54082": 6,
        "37051": 1,
        "36370": 1,
        "38992": 1,
        "39121": 1,
        "59885": 1,
        "40974": 1,
        "34994": 1,
        "42557": 1,
        "41658": 1,
        "51085": 1,
        "46694": 1,
        "39906": 1,
        "39125": 1,
        "35048": 1,
        "38011": 1,
        "50584": 1,
        "48784": 1,
        "40256": 1,
        "54587": 1,
        "42428": 1,
        "58575": 1,
        "42078": 2,
        "30213": 2,
        "47955": 1,
        "45920": 1,
        "6073": 1,
        "12060": 1,
        "33510": 1,
        "31350": 1,
        "4498": 1,
        "30004": 1,
        "32064": 1,
        "30915": 1,
        "29924": 1,
        "4651": 1,
        "3998": 1,
        "42008": 1,
        "12102": 1,
        "50933": 2,
        "55991": 1,
        "13494": 1,
        "43130": 1,
        "36872": 1,
        "41166": 1,
        "59912": 1,
        "51676": 1,
        "58470": 1,
        "49273": 14,
        "58598": 1,
        "58869": 1,
        "54741": 1,
        "42086": 8,
        "43299": 1,
        "41873": 1,
        "49168": 1,
        "43155": 1,
        "35139": 1,
        "59380": 1,
        "60317": 1,
        "34838": 1,
        "51110": 1,
        "57992": 1,
        "45527": 1,
        "35724": 1,
        "60156": 1,
        "55144": 1,
        "54441": 1,
        "42063": 1,
        "45775": 1,
        "55700": 1,
        "40643": 1,
        "40481": 1,
        "47921": 1,
        "48703": 1,
        "2283": 1,
        "30214": 2,
        "35107": 1,
        "39988": 1,
        "53449": 1,
        "51312": 1,
        "33173": 1,
        "32970": 1,
        "49718": 2,
        "53281": 1,
        "53232": 1,
        "57926": 1,
        "53291": 1,
        "44730": 1,
        "45147": 1,
        "59524": 1,
        "42211": 1,
        "60996": 1,
        "43533": 1,
        "34649": 1,
        "52891": 1,
        "34698": 1,
        "32774": 1,
        "36333": 1,
        "6294": 1,
        "47211": 1,
        "55485": 1,
        "57531": 1,
        "42230": 1,
        "56527": 1,
        "54572": 1,
        "56570": 1,
        "52894": 1,
        "40302": 1,
        "7660": 1,
        "46257": 1,
        "54779": 1,
        "46218": 1,
        "48083": 1,
        "35040": 1,
        "40848": 1,
        "53912": 1,
        "51237": 1,
        "30215": 2,
        "34534": 1,
        "60001": 1,
        "40174": 1,
        "50169": 1,
        "36135": 1,
        "55664": 1,
        "34097": 1,
        "38925": 1,
        "50004": 1
    },
    "domains": {
        "www.example.com": 26,
        "www.example.net": 26,
        "www.example.org": 26,
        "www.samsungsmartcam.com": 103,
        "smtp.gmail.com": 158,
        "time.nist.gov": 60,
        "sip.invoxia.com": 20,
        "scalews.withings.net": 17,
        "www.belkin.com": 4,
        "d3gjecg2uu2eaq.cloudfront.net": 4,
        "babyws.withings.net": 26,
        "pool.ntp.org": 30,
        "connect.insteon.com": 12,
        "device-metrics-us.amazon.com": 8,
        "pindorama.amazon.com": 1,
        "connectivitycheck.gstatic.com": 4,
        "play.googleapis.com": 2,
        "mtalk.google.com": 3,
        "settings.crashlytics.com": 1,
        "aps1-relay.tplinkcloud.com": 3,
        "apicom.netatmo.net": 1,
        "det-ta-g7g.amazon.com": 1,
        "todo-ta-g7g.amazon.com": 1,
        "www.meethue.com": 1,
        "BCMLS2.glpals.com": 2,
        "api.pix-star.com": 2,
        "api.pix-star.com.lan": 1,
        "api.pix-star.com.wlan0": 1,
        "api.pix-star.com.#": 1,
        "b.config.skype.com": 2,
        "netcom.netatmo.net": 9,
        "imap.gmail.com": 1,
        "android.clients.google.com": 2,
        "mobile.pipe.aria.microsoft.com": 3,
        "api.samsungosp.com": 1,
        "apps.skype.com": 1,
        "az361816.vo.msecnd.net": 1,
        "a.config.skype.com": 2,
        "ws.invoxia.io": 1,
        "uk.pool.ntp.org": 1,
        "clients3.google.com": 1,
        "www.google.com": 1
    },
    "ciphers": {
        "[\"c030\", \"c02c\", \"c028\", \"c024\", \"c014\", \"c00a\", \"c022\", \"c021\", \"00a3\", \"009f\", \"006b\", \"006a\", \"0039\", \"0038\", \"c032\", \"c02e\", \"c02a\", \"c026\", \"c00f\", \"c005\", \"009d\", \"003d\", \"0035\", \"c012\", \"c008\", \"c01c\", \"c01b\", \"0016\", \"0013\", \"c00d\", \"c003\", \"000a\", \"c02f\", \"c02b\", \"c027\", \"c023\", \"c013\", \"c009\", \"c01f\", \"c01e\", \"00a2\", \"009e\", \"0067\", \"0040\", \"0033\", \"0032\", \"c031\", \"c02d\", \"c029\", \"c025\", \"c00e\", \"c004\", \"009c\", \"003c\", \"002f\", \"00ff\"]": 73,
        "[\"c014\", \"c00a\", \"0039\", \"0038\", \"0037\", \"0036\", \"0088\", \"0087\", \"0086\", \"0085\", \"c00f\", \"c005\", \"0035\", \"0084\", \"c013\", \"c009\", \"0033\", \"0032\", \"0031\", \"0030\", \"009a\", \"0099\", \"0098\", \"0097\", \"0045\", \"0044\", \"0043\", \"0042\", \"c00e\", \"c004\", \"002f\", \"0096\", \"0041\", \"0007\", \"c011\", \"c007\", \"c00c\", \"c002\", \"0005\", \"0004\", \"c012\", \"c008\", \"0016\", \"0013\", \"0010\", \"000d\", \"c00d\", \"c003\", \"000a\", \"0015\", \"0012\", \"000f\", \"000c\", \"0009\", \"00ff\"]": 10,
        "[\"c030\", \"c02c\", \"c028\", \"c024\", \"c014\", \"c00a\", \"00a5\", \"00a3\", \"00a1\", \"009f\", \"006b\", \"006a\", \"0069\", \"0068\", \"0039\", \"0038\", \"0037\", \"0036\", \"0088\", \"0087\", \"0086\", \"0085\", \"c032\", \"c02e\", \"c02a\", \"c026\", \"c00f\", \"c005\", \"009d\", \"003d\", \"0035\", \"0084\", \"c02f\", \"c02b\", \"c027\", \"c023\", \"c013\", \"c009\", \"00a4\", \"00a2\", \"00a0\", \"009e\", \"0067\", \"0040\", \"003f\", \"003e\", \"0033\", \"0032\", \"0031\", \"0030\", \"009a\", \"0099\", \"0098\", \"0097\", \"0045\", \"0044\", \"0043\", \"0042\", \"c031\", \"c02d\", \"c029\", \"c025\", \"c00e\", \"c004\", \"009c\", \"003c\", \"002f\", \"0096\", \"0041\", \"0007\", \"c011\", \"c007\", \"c00c\", \"c002\", \"0005\", \"0004\", \"c012\", \"c008\", \"0016\", \"0013\", \"0010\", \"000d\", \"c00d\", \"c003\", \"000a\", \"0015\", \"0012\", \"000f\", \"000c\", \"0009\", \"00ff\"]": 2,
        "[\"c02b\", \"c02c\", \"c02f\", \"c030\", \"009e\", \"009f\", \"c009\", \"c00a\", \"c013\", \"c014\", \"0033\", \"0039\", \"c007\", \"c011\", \"009c\", \"009d\", \"002f\", \"0035\", \"0005\", \"00ff\"]": 10,
        "[\"cca9\", \"cc14\", \"c02b\", \"c02c\", \"cca8\", \"cc13\", \"c02f\", \"c030\", \"009e\", \"009f\", \"c009\", \"c00a\", \"c013\", \"c014\", \"0033\", \"0039\", \"009c\", \"009d\", \"002f\", \"0035\"]": 7,
        "[\"c02b\", \"c02f\", \"009e\", \"c00a\", \"c009\", \"c013\", \"c014\", \"c007\", \"c011\", \"0033\", \"0039\", \"009c\", \"002f\", \"0035\", \"000a\", \"0005\", \"0004\", \"00ff\"]": 1,
        "[\"c030\", \"c02c\", \"c028\", \"c024\", \"c014\", \"c00a\", \"c022\", \"c021\", \"00a3\", \"009f\", \"006b\", \"006a\", \"0039\", \"0038\", \"0088\", \"0087\", \"c032\", \"c02e\", \"c02a\", \"c026\", \"c00f\", \"c005\", \"009d\", \"003d\", \"0035\", \"0084\", \"c012\", \"c008\", \"c01c\", \"c01b\", \"0016\", \"0013\", \"c00d\", \"c003\", \"000a\", \"c02f\", \"c02b\", \"c027\", \"c023\", \"c013\", \"c009\", \"c01f\", \"c01e\", \"00a2\", \"009e\", \"0067\", \"0040\", \"0033\", \"0032\", \"009a\", \"0099\", \"0045\", \"0044\", \"c031\", \"c02d\", \"c029\", \"c025\", \"c00e\", \"c004\", \"009c\", \"003c\", \"002f\", \"0096\", \"0041\", \"c011\", \"c007\", \"c00c\", \"c002\", \"0005\", \"0004\", \"0015\", \"0012\", \"0009\", \"0014\", \"0011\", \"0008\", \"0006\", \"0003\", \"00ff\"]": 1,
        "[\"c030\", \"c02c\", \"c028\", \"c024\", \"c014\", \"c00a\", \"c032\", \"c02e\", \"c02a\", \"c026\", \"c00f\", \"c005\", \"009d\", \"003d\", \"0035\", \"c02f\", \"c02b\", \"c027\", \"c023\", \"c013\", \"c009\", \"c031\", \"c02d\", \"c029\", \"c025\", \"c00e\", \"c004\", \"009c\", \"003c\", \"002f\", \"c012\", \"c008\", \"c00d\", \"c003\", \"000a\", \"00ff\"]": 4,
        "[\"c02b\", \"c02f\", \"009e\", \"c00a\", \"c009\", \"c013\", \"c014\", \"0033\", \"0039\", \"009c\", \"002f\", \"0035\", \"00ff\"]": 2
    }
}