{
    "flow_volume": 3800,
    "flow_duration": 10,
    "flow_rate": 2400000,
    "sleep_time": 0,
    "dns_interval": 30,
    "ntp_interval": -1,
    "ports": {
        "3478": 15,
        "null": 109,
        "1900": 25,
        "3080": 51,
        "49152": 53,
        "49153": 121,
        "3089": 4,
        "8443": 2
    },
    "domains": {
        "www.belkin.com": 3,
        "d3gjecg2uu2eaq.cloudfront.net": 3,
        "xbcs.net": 1,
        "tunnel.xbcs.net": 1
    },
    "ciphers": {
        "[\"c014\", \"c00a\", \"0039\", \"0038\", \"0088\", \"0087\", \"c00f\", \"c005\", \"0035\", \"0084\", \"c012\", \"c008\", \"0016\", \"0013\", \"c00d\", \"c003\", \"000a\", \"c013\", \"c009\", \"0033\", \"0032\", \"009a\", \"0099\", \"0045\", \"0044\", \"c00e\", \"c004\", \"002f\", \"0096\", \"0041\", \"0007\", \"c011\", \"c007\", \"c00c\", \"c002\", \"0005\", \"0004\", \"0015\", \"0012\", \"0009\", \"0014\", \"0011\", \"0008\", \"0006\", \"0003\", \"00ff\"]": 2
    }
}