{
    "flow_volume": 100,
    "flow_duration": 10,
    "flow_rate": 2400000,
    "sleep_time": 10,
    "dns_interval": -1,
    "ntp_interval": -30,
    "ports": {
        "null": 104,
        "36858": 10,
        "443": 78,
        "4500": 54,
        "123": 3,
        "63925": 1
    },
    "domains": {
        "apicom.netatmo.net": 1
    },
    "ciphers": {
        "[\"c030\", \"c02c\", \"c028\", \"c024\", \"c014\", \"c00a\", \"c022\", \"c021\", \"00a3\", \"009f\", \"006b\", \"006a\", \"0039\", \"0038\", \"c032\", \"c02e\", \"c02a\", \"c026\", \"c00f\", \"c005\", \"009d\", \"003d\", \"0035\", \"c012\", \"c008\", \"c01c\", \"c01b\", \"0016\", \"0013\", \"c00d\", \"c003\", \"000a\", \"c02f\", \"c02b\", \"c027\", \"c023\", \"c013\", \"c009\", \"c01f\", \"c01e\", \"00a2\", \"009e\", \"0067\", \"0040\", \"0033\", \"0032\", \"c031\", \"c02d\", \"c029\", \"c025\", \"c00e\", \"c004\", \"009c\", \"003c\", \"002f\", \"00ff\"]": 41
    }
}