{
    "flow_volume": 200,
    "flow_duration": 0,
    "flow_rate": 6000000,
    "sleep_time": 10,
    "dns_interval": 10,
    "ntp_interval": 10,
    "ports": {
        "10001": 447,
        "50298": 1,
        "123": 60,
        "null": 29,
        "59960": 68,
        "58546": 1,
        "49992": 1,
        "53366": 1,
        "80": 12,
        "52760": 1,
        "48151": 1,
        "54923": 1,
        "10240": 2,
        "67": 12,
        "56001": 1,
        "39388": 1,
        "45407": 1,
        "47413": 1,
        "50582": 1,
        "42704": 1,
        "47785": 1,
        "37865": 1,
        "59090": 1,
        "50244": 1,
        "60998": 1,
        "45834": 1,
        "38350": 1,
        "57028": 1,
        "43389": 1,
        "51233": 1,
        "45317": 1,
        "36691": 1,
        "35802": 1,
        "45762": 1,
        "33232": 1,
        "58736": 1,
        "57839": 1,
        "46063": 1,
        "37537": 1,
        "58934": 1,
        "54449": 1,
        "44193": 1,
        "35943": 1,
        "45258": 1,
        "55811": 1,
        "60647": 1,
        "40004": 1,
        "40407": 1,
        "41278": 1,
        "59520": 1,
        "37895": 1,
        "33302": 1,
        "56570": 1,
        "58195": 1,
        "53466": 1,
        "54492": 1,
        "36133": 1,
        "57017": 1,
        "44529": 1,
        "51053": 1,
        "52210": 1,
        "39723": 1,
        "52571": 1,
        "51752": 1,
        "43682": 1,
        "50946": 1,
        "45707": 1,
        "46174": 1,
        "37999": 1,
        "58100": 1,
        "53139": 1,
        "55147": 1,
        "53513": 1,
        "45783": 1,
        "41951": 1,
        "58743": 1,
        "49425": 1,
        "38049": 1,
        "34229": 1
    },
    "domains": {
        "time.nist.gov": 60,
        "connect.insteon.com": 12
    },
    "ciphers": {}
}