{
    "flow_volume": 200,
    "flow_duration": 0,
    "flow_rate": 6000000,
    "sleep_time": 10,
    "dns_interval": 10,
    "ntp_interval": 10,
    "ports": {
        "null": 29,
        "10001": 430,
        "43604": 1,
        "123": 60,
        "43960": 1,
        "59960": 81,
        "47648": 1,
        "53935": 1,
        "46202": 1,
        "80": 12,
        "34712": 1,
        "35651": 1,
        "53785": 1,
        "67": 12,
        "57016": 1,
        "46724": 1,
        "58485": 1,
        "40700": 1,
        "52172": 1,
        "60529": 1,
        "33044": 1,
        "57422": 1,
        "49158": 1,
        "60067": 1,
        "35515": 1,
        "35385": 1,
        "50353": 1,
        "48672": 1,
        "52977": 1,
        "59296": 1,
        "37476": 1,
        "58591": 1,
        "54652": 1,
        "41537": 1,
        "34617": 1,
        "54039": 1,
        "51543": 1,
        "54801": 1,
        "58609": 1,
        "39196": 1,
        "52277": 1,
        "60596": 1,
        "41179": 1,
        "40140": 1,
        "56014": 1,
        "58084": 1,
        "36640": 1,
        "43137": 1,
        "53296": 1,
        "51333": 1,
        "58672": 1,
        "33387": 1,
        "37321": 1,
        "50876": 1,
        "58487": 1,
        "36372": 1,
        "41769": 1,
        "44941": 1,
        "59183": 1,
        "38334": 1,
        "55307": 1,
        "33130": 1,
        "50900": 1,
        "41751": 1,
        "52348": 1,
        "40338": 1,
        "35074": 1,
        "54486": 1,
        "35464": 1,
        "33786": 1,
        "45275": 1,
        "37765": 1,
        "35793": 1,
        "59468": 1,
        "55903": 1,
        "54123": 1,
        "46378": 1,
        "38138": 1
    },
    "domains": {
        "time.nist.gov": 60,
        "connect.insteon.com": 12
    },
    "ciphers": {}
}