{
    "flow_volume": 100,
    "flow_duration": 0,
    "flow_rate": 6000000,
    "sleep_time": 10,
    "dns_interval": 10,
    "ntp_interval": 10,
    "ports": {
        "10001": 460,
        "59960": 29,
        "null": 29,
        "60782": 1,
        "123": 60,
        "36686": 1,
        "50346": 1,
        "51824": 1,
        "80": 12,
        "48507": 1,
        "60946": 1,
        "60548": 1,
        "67": 12,
        "34406": 1,
        "59676": 1,
        "40806": 1,
        "48002": 1,
        "53883": 1,
        "43861": 1,
        "39387": 1,
        "46696": 1,
        "47959": 1,
        "54447": 1,
        "55666": 1,
        "36803": 2,
        "47083": 1,
        "48274": 1,
        "37055": 1,
        "37832": 1,
        "40913": 1,
        "52274": 1,
        "55847": 1,
        "36452": 1,
        "49005": 1,
        "53748": 1,
        "56364": 1,
        "44098": 1,
        "44916": 1,
        "56063": 1,
        "56782": 1,
        "36109": 1,
        "42199": 1,
        "35645": 1,
        "52468": 1,
        "48283": 1,
        "48565": 1,
        "38752": 1,
        "57598": 1,
        "35007": 1,
        "43069": 1,
        "60737": 1,
        "32946": 1,
        "36765": 1,
        "55216": 1,
        "55032": 1,
        "44555": 1,
        "59836": 1,
        "50447": 1,
        "55895": 1,
        "51247": 1,
        "37812": 1,
        "52374": 1,
        "60325": 1,
        "37494": 1,
        "55954": 1,
        "50321": 1,
        "47912": 1,
        "44486": 1,
        "53713": 1,
        "43145": 1,
        "36100": 1,
        "57708": 1,
        "42792": 1,
        "48562": 1,
        "35567": 1,
        "48046": 1,
        "33274": 1
    },
    "domains": {
        "time.nist.gov": 60,
        "connect.insteon.com": 12
    },
    "ciphers": {}
}