{
    "flow_volume": 200,
    "flow_duration": 0,
    "flow_rate": 12100000,
    "sleep_time": 10,
    "dns_interval": 10,
    "ntp_interval": 10,
    "ports": {
        "59960": 50,
        "55036": 1,
        "123": 60,
        "10001": 486,
        "34288": 1,
        "null": 28,
        "57905": 1,
        "44858": 1,
        "80": 12,
        "42636": 1,
        "51101": 1,
        "10000": 42,
        "49234": 1,
        "41441": 1,
        "67": 12,
        "56607": 1,
        "58521": 1,
        "43928": 1,
        "55543": 1,
        "45673": 1,
        "55760": 1,
        "48276": 1,
        "38870": 1,
        "35184": 1,
        "47208": 1,
        "39779": 1,
        "35885": 1,
        "45884": 2,
        "54751": 1,
        "49942": 1,
        "36773": 1,
        "46828": 1,
        "44394": 1,
        "39204": 1,
        "56290": 1,
        "58375": 1,
        "42314": 2,
        "38443": 1,
        "35133": 1,
        "33085": 1,
        "50801": 1,
        "35863": 1,
        "56462": 1,
        "46713": 1,
        "37776": 1,
        "57886": 1,
        "33140": 1,
        "33229": 1,
        "35694": 1,
        "32824": 1,
        "47790": 1,
        "58457": 1,
        "55669": 1,
        "56611": 1,
        "59891": 1,
        "53273": 1,
        "52570": 1,
        "55258": 1,
        "48576": 1,
        "57029": 1,
        "42322": 1,
        "38646": 1,
        "53287": 1,
        "44319": 1,
        "40349": 1,
        "50819": 1,
        "43553": 1,
        "49292": 1,
        "57072": 1,
        "41029": 1,
        "33234": 1,
        "33243": 1,
        "40664": 1,
        "54894": 1,
        "37495": 1,
        "58130": 1,
        "60916": 1,
        "44541": 1,
        "35797": 1,
        "52273": 1,
        "37385": 1,
        "36502": 1,
        "35567": 1,
        "45410": 1,
        "48962": 1,
        "43645": 1,
        "39048": 1,
        "41991": 1,
        "43532": 1,
        "51549": 1,
        "43320": 1,
        "45964": 1,
        "50172": 1,
        "34578": 1,
        "60765": 1,
        "54248": 1,
        "37079": 1,
        "52514": 1,
        "43709": 1,
        "35108": 1,
        "60203": 1,
        "44137": 1,
        "34091": 1,
        "59324": 1,
        "42070": 1,
        "49192": 1,
        "33794": 1,
        "53713": 1,
        "53017": 1,
        "56913": 1,
        "42117": 1,
        "53849": 1,
        "38507": 1,
        "32867": 1,
        "35385": 1,
        "57183": 1,
        "54669": 1,
        "57232": 1,
        "56093": 1,
        "33198": 1,
        "59737": 1,
        "57836": 1,
        "34969": 1,
        "53880": 1,
        "47998": 1,
        "50495": 1,
        "34920": 1,
        "50689": 1,
        "60009": 1,
        "35649": 1,
        "41131": 1,
        "59313": 1,
        "47157": 1,
        "43097": 1,
        "43437": 1,
        "44381": 1,
        "35336": 1,
        "52562": 1,
        "50496": 1,
        "37527": 1,
        "54141": 1,
        "39349": 1,
        "40208": 1,
        "60360": 1,
        "50260": 1,
        "37905": 1,
        "45481": 1,
        "55445": 1,
        "59971": 1,
        "43416": 1,
        "55140": 1,
        "40438": 1,
        "47155": 1,
        "60174": 1,
        "51607": 1,
        "47653": 1,
        "47591": 1,
        "53727": 1,
        "45258": 1,
        "40802": 1,
        "38387": 1,
        "33048": 1,
        "33591": 1,
        "56247": 1,
        "45332": 1,
        "48430": 1,
        "34426": 1,
        "36261": 1,
        "47409": 1,
        "58422": 1,
        "34335": 1,
        "38697": 1,
        "43887": 1,
        "43706": 1,
        "35540": 1,
        "41302": 1,
        "57041": 1,
        "59240": 1,
        "44059": 1,
        "42075": 1,
        "53301": 1,
        "43840": 1,
        "52128": 1,
        "42440": 1,
        "37977": 1,
        "43474": 1,
        "47814": 1,
        "38183": 1,
        "36720": 1,
        "51307": 1,
        "58603": 1,
        "56478": 1,
        "36675": 1,
        "54868": 1,
        "54229": 1,
        "52329": 1,
        "48775": 1,
        "52400": 1,
        "58368": 1,
        "56621": 1,
        "47551": 1,
        "56871": 1,
        "42919": 1,
        "51938": 1,
        "44795": 1,
        "54534": 1,
        "47585": 1,
        "41258": 1,
        "37855": 1,
        "45460": 1,
        "51243": 1,
        "54654": 1,
        "32944": 1,
        "41015": 1,
        "41120": 1,
        "36999": 1,
        "32811": 1,
        "42884": 1,
        "53760": 1,
        "53076": 1,
        "57161": 1,
        "59448": 1,
        "42069": 1,
        "34436": 1,
        "58800": 1,
        "53246": 1,
        "35525": 1,
        "37819": 1,
        "52260": 1,
        "34312": 1,
        "34780": 1,
        "49682": 1,
        "37425": 1,
        "50040": 1,
        "42747": 1,
        "50711": 1,
        "59502": 1,
        "46261": 1,
        "39315": 1,
        "41895": 1,
        "32915": 1,
        "59210": 1,
        "47909": 1,
        "38693": 1,
        "34765": 1,
        "58808": 1,
        "35539": 1,
        "47353": 1,
        "39436": 1,
        "34165": 1,
        "54665": 1,
        "41542": 1,
        "37060": 1,
        "60760": 1,
        "42301": 1,
        "50786": 1,
        "39568": 1,
        "52006": 1,
        "53783": 1,
        "32900": 1,
        "38279": 1,
        "57606": 1,
        "40577": 1,
        "60967": 1,
        "48436": 1,
        "52127": 1,
        "42708": 1,
        "60936": 1,
        "47327": 1,
        "46267": 1,
        "51667": 1,
        "59109": 1,
        "43078": 1,
        "41627": 1,
        "51085": 1,
        "50471": 1,
        "59119": 1,
        "33888": 1,
        "42428": 1,
        "47955": 1,
        "45920": 1,
        "54331": 1,
        "36886": 1,
        "49308": 1,
        "45807": 1,
        "35049": 1,
        "54491": 1,
        "43130": 1,
        "37975": 1,
        "43155": 1,
        "39628": 1,
        "54441": 1,
        "47197": 1,
        "46826": 1,
        "55700": 1,
        "56071": 1,
        "33173": 1,
        "32970": 1,
        "48806": 1,
        "60996": 1,
        "57531": 1,
        "39134": 1,
        "46257": 1,
        "58196": 1,
        "35040": 1,
        "49603": 1,
        "50169": 1,
        "36135": 1,
        "53628": 1,
        "50004": 1
    },
    "domains": {
        "time.nist.gov": 60,
        "connect.insteon.com": 12
    },
    "ciphers": {}
}