{
    "flow_volume": 200,
    "flow_duration": 0,
    "flow_rate": 10,
    "sleep_time": 10,
    "dns_interval": 10,
    "ntp_interval": 10,
    "ports": {
        "10001": 440,
        "47267": 1,
        "123": 60,
        "null": 28,
        "45286": 1,
        "59960": 66,
        "46330": 1,
        "57866": 1,
        "80": 12,
        "59795": 1,
        "34091": 1,
        "46158": 1,
        "67": 12,
        "47668": 1,
        "38198": 1,
        "55285": 1,
        "51473": 1,
        "39729": 1,
        "56431": 1,
        "56102": 1,
        "36289": 1,
        "33182": 1,
        "42132": 1,
        "41174": 1,
        "39808": 1,
        "59444": 1,
        "48131": 1,
        "33264": 1,
        "57239": 1,
        "39341": 1,
        "41605": 1,
        "33558": 1,
        "38064": 1,
        "35684": 1,
        "54866": 1,
        "34621": 1,
        "44994": 1,
        "52949": 1,
        "57854": 1,
        "48645": 1,
        "54400": 1,
        "47407": 1,
        "39669": 1,
        "50956": 1,
        "50772": 1,
        "37247": 1,
        "55440": 1,
        "55954": 1,
        "58908": 1,
        "43170": 1,
        "41270": 1,
        "52879": 1,
        "36260": 1,
        "58531": 1,
        "36997": 1,
        "54602": 1,
        "40523": 1,
        "58907": 1,
        "49434": 1,
        "54163": 1,
        "49905": 1,
        "56390": 1,
        "44046": 1,
        "58098": 1,
        "49893": 1,
        "36332": 1,
        "53683": 1,
        "45422": 1,
        "45389": 1,
        "58196": 1,
        "46425": 1,
        "59899": 1,
        "49084": 1,
        "48885": 1,
        "47220": 1,
        "56864": 1,
        "54111": 1,
        "48106": 1
    },
    "domains": {
        "time.nist.gov": 60,
        "connect.insteon.com": 12
    },
    "ciphers": {}
}