{
    "flow_volume": 200,
    "flow_duration": 0,
    "flow_rate": 10,
    "sleep_time": 10,
    "dns_interval": 10,
    "ntp_interval": 10,
    "ports": {
        "null": 29,
        "10001": 435,
        "41612": 1,
        "123": 60,
        "59960": 82,
        "39530": 1,
        "36653": 1,
        "60211": 1,
        "80": 12,
        "36343": 1,
        "47890": 1,
        "49876": 1,
        "67": 12,
        "60518": 1,
        "37768": 1,
        "54126": 1,
        "39435": 1,
        "56072": 1,
        "60225": 1,
        "33668": 1,
        "43993": 1,
        "48297": 1,
        "59481": 1,
        "39683": 1,
        "51352": 1,
        "54740": 1,
        "45330": 1,
        "40111": 1,
        "36187": 1,
        "43600": 1,
        "33052": 1,
        "42985": 1,
        "41173": 1,
        "51044": 1,
        "51747": 1,
        "48685": 1,
        "34966": 1,
        "39087": 1,
        "50192": 1,
        "59636": 1,
        "36826": 1,
        "60143": 1,
        "34489": 1,
        "33460": 1,
        "34303": 1,
        "50841": 1,
        "58111": 1,
        "59919": 1,
        "37758": 1,
        "48782": 1,
        "53223": 1,
        "49215": 1,
        "55967": 1,
        "38136": 1,
        "55159": 1,
        "38531": 1,
        "44181": 1,
        "45221": 1,
        "54899": 1,
        "51902": 1,
        "53421": 1,
        "46669": 1,
        "51892": 1,
        "38864": 1,
        "47403": 1,
        "43412": 1,
        "38090": 1,
        "53165": 1,
        "48525": 1,
        "33016": 1,
        "41249": 1,
        "34457": 1,
        "43083": 1,
        "52770": 1,
        "49294": 1,
        "59066": 1,
        "33290": 1,
        "56505": 1
    },
    "domains": {
        "time.nist.gov": 60,
        "connect.insteon.com": 12
    },
    "ciphers": {}
}