{
    "flow_volume": 200,
    "flow_duration": 0,
    "flow_rate": 6000000,
    "sleep_time": 10,
    "dns_interval": 10,
    "ntp_interval": 10,
    "ports": {
        "null": 29,
        "10001": 447,
        "46140": 1,
        "123": 60,
        "59960": 73,
        "49827": 1,
        "35455": 1,
        "56803": 1,
        "48618": 1,
        "80": 12,
        "46146": 1,
        "37121": 1,
        "52853": 1,
        "67": 12,
        "50596": 1,
        "46910": 1,
        "43504": 1,
        "53740": 1,
        "58585": 1,
        "50581": 1,
        "46151": 1,
        "42560": 1,
        "39704": 1,
        "59969": 1,
        "55444": 1,
        "59899": 1,
        "38393": 1,
        "45978": 1,
        "50636": 1,
        "44257": 1,
        "48004": 1,
        "57944": 1,
        "48002": 1,
        "38838": 1,
        "42999": 1,
        "38561": 1,
        "44843": 1,
        "48871": 1,
        "50882": 1,
        "49801": 1,
        "53460": 1,
        "53196": 1,
        "48341": 1,
        "51527": 1,
        "56478": 1,
        "34726": 1,
        "39552": 1,
        "47386": 1,
        "60462": 1,
        "57404": 1,
        "51931": 1,
        "34281": 1,
        "56443": 1,
        "49677": 1,
        "52115": 1,
        "56814": 1,
        "58278": 1,
        "38351": 1,
        "52248": 1,
        "46335": 1,
        "46002": 1,
        "49758": 1,
        "45480": 1,
        "38122": 1,
        "35442": 1,
        "53230": 1,
        "52022": 1,
        "53459": 1,
        "42863": 1,
        "39679": 1,
        "35911": 1,
        "51561": 1,
        "43968": 1,
        "59006": 1,
        "60600": 1,
        "57150": 1,
        "58107": 1,
        "41156": 1
    },
    "domains": {
        "time.nist.gov": 60,
        "connect.insteon.com": 12
    },
    "ciphers": {}
}