{
    "flow_volume": 200,
    "flow_duration": 0,
    "flow_rate": 6000000,
    "sleep_time": 10,
    "dns_interval": 10,
    "ntp_interval": 10,
    "ports": {
        "10001": 496,
        "59960": 37,
        "57672": 1,
        "123": 60,
        "null": 29,
        "54737": 1,
        "60352": 1,
        "10000": 21,
        "45641": 1,
        "50683": 1,
        "55787": 1,
        "58625": 1,
        "80": 12,
        "48163": 1,
        "49376": 1,
        "49834": 1,
        "67": 12,
        "45632": 1,
        "38771": 1,
        "33516": 1,
        "36813": 1,
        "56707": 1,
        "44075": 1,
        "42400": 1,
        "51879": 1,
        "59449": 1,
        "51409": 1,
        "36693": 1,
        "48847": 1,
        "39199": 1,
        "52694": 1,
        "60422": 1,
        "36821": 1,
        "33315": 1,
        "39602": 1,
        "56611": 1,
        "57981": 1,
        "35939": 1,
        "55086": 1,
        "35249": 1,
        "38940": 1,
        "38292": 1,
        "43091": 1,
        "48406": 1,
        "55383": 1,
        "39175": 1,
        "60275": 1,
        "42179": 1,
        "52388": 1,
        "50165": 1,
        "39481": 1,
        "34790": 1,
        "48896": 1,
        "46896": 1,
        "52690": 1,
        "43103": 1,
        "43912": 1,
        "60492": 1,
        "39138": 1,
        "49959": 1,
        "55965": 1,
        "40447": 1,
        "57470": 1,
        "33934": 1,
        "33181": 1,
        "36151": 1,
        "53972": 1,
        "40686": 1,
        "60076": 1,
        "51983": 1,
        "43404": 1,
        "58467": 1,
        "33989": 1,
        "42799": 1,
        "39741": 1,
        "49215": 1,
        "47167": 1,
        "42306": 1,
        "51054": 1,
        "34404": 1,
        "60942": 1,
        "36580": 1,
        "50676": 1,
        "52738": 1,
        "49125": 1,
        "38641": 1,
        "32787": 1,
        "51536": 1,
        "42862": 1,
        "35190": 1,
        "59519": 1,
        "32912": 1,
        "50277": 1,
        "39954": 1,
        "51456": 1,
        "57286": 1,
        "50486": 1,
        "46135": 1,
        "38533": 1,
        "49058": 1,
        "47274": 1,
        "48894": 1,
        "46569": 1,
        "39158": 1,
        "56038": 1,
        "46434": 1,
        "36173": 1,
        "44587": 1,
        "37122": 1,
        "48943": 1,
        "43114": 1,
        "35384": 1,
        "42064": 1,
        "40455": 1,
        "39520": 1,
        "45280": 1,
        "53923": 1,
        "54004": 1,
        "34464": 1,
        "38184": 1,
        "50561": 1,
        "49672": 1,
        "36108": 1,
        "53294": 1,
        "54889": 1,
        "50364": 1,
        "38678": 1,
        "46768": 1,
        "41499": 1,
        "50533": 1,
        "49321": 1,
        "43483": 1,
        "56196": 1,
        "46253": 1,
        "47170": 1,
        "43742": 1,
        "48280": 1,
        "54182": 1,
        "44281": 1,
        "34385": 1,
        "35571": 1,
        "39631": 1,
        "60569": 1,
        "58105": 1,
        "50890": 1,
        "45443": 1,
        "35181": 1,
        "51047": 1,
        "56846": 1,
        "44324": 1,
        "50289": 1,
        "48419": 1,
        "36641": 1,
        "59820": 1,
        "36347": 1,
        "35070": 1,
        "34060": 1,
        "58843": 1,
        "48700": 1,
        "56207": 1
    },
    "domains": {
        "time.nist.gov": 60,
        "connect.insteon.com": 12
    },
    "ciphers": {}
}