{
    "flow_volume": 200,
    "flow_duration": 0,
    "flow_rate": 10,
    "sleep_time": 10,
    "dns_interval": 10,
    "ntp_interval": 10,
    "ports": {
        "10001": 441,
        "58729": 1,
        "123": 60,
        "59960": 73,
        "58606": 1,
        "null": 28,
        "58101": 1,
        "58168": 1,
        "44875": 1,
        "80": 12,
        "51225": 1,
        "56085": 1,
        "51796": 1,
        "67": 12,
        "43749": 1,
        "53663": 1,
        "60606": 1,
        "52690": 1,
        "36563": 1,
        "34991": 1,
        "41310": 1,
        "38766": 1,
        "41739": 1,
        "40226": 1,
        "49002": 1,
        "44226": 1,
        "53661": 1,
        "48391": 1,
        "44787": 1,
        "35225": 1,
        "43855": 1,
        "53912": 1,
        "58486": 1,
        "60572": 1,
        "41583": 1,
        "57622": 1,
        "50264": 1,
        "47518": 1,
        "46919": 1,
        "47538": 1,
        "42609": 1,
        "52832": 1,
        "55455": 1,
        "35715": 1,
        "48707": 1,
        "48915": 1,
        "59650": 1,
        "48901": 1,
        "43073": 1,
        "58330": 1,
        "42421": 1,
        "37810": 1,
        "43930": 1,
        "35359": 1,
        "50840": 1,
        "39780": 1,
        "56527": 1,
        "52329": 1,
        "34376": 1,
        "34492": 1,
        "59888": 1,
        "35126": 1,
        "51574": 1,
        "40143": 1,
        "41847": 1,
        "34139": 1,
        "57856": 1,
        "50725": 1,
        "41003": 1,
        "46899": 1,
        "50828": 1,
        "58219": 1,
        "48208": 1,
        "58082": 1,
        "49787": 1,
        "52687": 1,
        "54594": 1,
        "35929": 1
    },
    "domains": {
        "time.nist.gov": 60,
        "connect.insteon.com": 12
    },
    "ciphers": {}
}