{
    "flow_volume": 200,
    "flow_duration": 0,
    "flow_rate": 6000000,
    "sleep_time": 10,
    "dns_interval": 10,
    "ntp_interval": 10,
    "ports": {
        "null": 29,
        "10001": 459,
        "48072": 1,
        "123": 60,
        "59960": 76,
        "52800": 1,
        "37307": 1,
        "44310": 1,
        "80": 12,
        "37210": 1,
        "43286": 1,
        "40390": 1,
        "67": 12,
        "35499": 1,
        "60240": 1,
        "38747": 1,
        "51630": 1,
        "38632": 1,
        "37446": 1,
        "55441": 1,
        "42650": 1,
        "58708": 1,
        "40440": 1,
        "50769": 1,
        "52654": 1,
        "45110": 1,
        "45351": 1,
        "40693": 1,
        "60589": 1,
        "52824": 1,
        "44246": 1,
        "50550": 1,
        "59251": 1,
        "54485": 1,
        "51787": 1,
        "44822": 1,
        "57355": 1,
        "43005": 1,
        "40268": 1,
        "56947": 1,
        "39093": 1,
        "44362": 1,
        "58792": 1,
        "43530": 1,
        "35533": 1,
        "39031": 1,
        "40451": 1,
        "44793": 1,
        "46197": 1,
        "38790": 1,
        "55311": 1,
        "60519": 1,
        "55494": 1,
        "38800": 1,
        "38758": 1,
        "49178": 1,
        "33536": 1,
        "37688": 1,
        "53401": 1,
        "55492": 1,
        "33635": 1,
        "52796": 1,
        "50505": 1,
        "56046": 1,
        "50121": 1,
        "50344": 1,
        "53176": 1,
        "46150": 1,
        "45738": 1,
        "37275": 1,
        "53884": 1,
        "37979": 1,
        "44467": 1,
        "42772": 1,
        "38021": 1,
        "41718": 1,
        "57697": 1,
        "33833": 1
    },
    "domains": {
        "time.nist.gov": 60,
        "connect.insteon.com": 12
    },
    "ciphers": {}
}