{
    "flow_volume": 200,
    "flow_duration": 0,
    "flow_rate": 10,
    "sleep_time": 10,
    "dns_interval": 10,
    "ntp_interval": 10,
    "ports": {
        "null": 29,
        "10001": 451,
        "53193": 1,
        "123": 60,
        "59960": 53,
        "51477": 1,
        "54039": 1,
        "59596": 1,
        "80": 12,
        "58978": 1,
        "53517": 1,
        "67": 12,
        "44116": 1,
        "34383": 1,
        "54353": 1,
        "43977": 1,
        "47356": 1,
        "35328": 1,
        "35029": 1,
        "44365": 1,
        "36474": 1,
        "47730": 1,
        "47786": 1,
        "45541": 1,
        "49378": 1,
        "42692": 1,
        "44843": 1,
        "40916": 1,
        "35750": 1,
        "59651": 1,
        "58002": 1,
        "56408": 1,
        "40650": 1,
        "33627": 1,
        "46748": 1,
        "36917": 1,
        "48525": 1,
        "52558": 1,
        "38726": 1,
        "36947": 1,
        "53733": 1,
        "45096": 1,
        "52568": 1,
        "60828": 1,
        "47345": 1,
        "42888": 1,
        "47595": 1,
        "49828": 1,
        "47145": 1,
        "59995": 1,
        "55769": 1,
        "47624": 1,
        "59585": 1,
        "45921": 1,
        "59235": 1,
        "45139": 1,
        "35479": 1,
        "33818": 1,
        "58863": 1,
        "49537": 1,
        "36899": 1,
        "51016": 1,
        "48796": 1,
        "35584": 1,
        "36765": 1,
        "44171": 1,
        "47745": 1,
        "49027": 1,
        "44328": 1,
        "52496": 1,
        "47609": 1,
        "54659": 1,
        "34519": 1,
        "53693": 1,
        "34490": 1,
        "39933": 1,
        "59694": 1,
        "55709": 1
    },
    "domains": {
        "time.nist.gov": 60,
        "connect.insteon.com": 12
    },
    "ciphers": {}
}