{
    "flow_volume": 200,
    "flow_duration": 0,
    "flow_rate": 6000000,
    "sleep_time": 10,
    "dns_interval": 10,
    "ntp_interval": 10,
    "ports": {
        "10001": 454,
        "59960": 71,
        "46835": 1,
        "123": 60,
        "null": 29,
        "40903": 1,
        "56637": 1,
        "52877": 1,
        "43853": 1,
        "80": 12,
        "41463": 1,
        "44129": 1,
        "36122": 1,
        "67": 12,
        "35786": 1,
        "56520": 1,
        "38920": 1,
        "40443": 1,
        "58543": 1,
        "45371": 1,
        "38215": 1,
        "52965": 1,
        "57737": 1,
        "45292": 1,
        "40061": 1,
        "39731": 1,
        "52692": 1,
        "48233": 1,
        "39617": 1,
        "46982": 1,
        "51823": 1,
        "51601": 1,
        "37590": 1,
        "54642": 1,
        "60791": 1,
        "37892": 1,
        "41837": 1,
        "53606": 1,
        "33439": 1,
        "59488": 1,
        "47591": 1,
        "34805": 1,
        "58023": 1,
        "60999": 1,
        "38949": 1,
        "59571": 1,
        "49416": 1,
        "43891": 1,
        "52984": 1,
        "58720": 1,
        "60421": 1,
        "55332": 1,
        "59969": 1,
        "41009": 1,
        "54772": 1,
        "39586": 1,
        "48439": 1,
        "59549": 1,
        "42059": 1,
        "49365": 1,
        "43004": 1,
        "38391": 1,
        "39302": 1,
        "35499": 1,
        "50871": 1,
        "57395": 1,
        "47200": 1,
        "45453": 1,
        "47579": 1,
        "40529": 1,
        "50540": 1,
        "59047": 1,
        "41479": 1,
        "59615": 1,
        "40424": 1,
        "40779": 1,
        "33312": 1,
        "35197": 1
    },
    "domains": {
        "time.nist.gov": 60,
        "connect.insteon.com": 12
    },
    "ciphers": {}
}