{
    "flow_volume": 200,
    "flow_duration": 0,
    "flow_rate": 10,
    "sleep_time": 10,
    "dns_interval": 10,
    "ntp_interval": 10,
    "ports": {
        "59960": 70,
        "45637": 1,
        "123": 60,
        "null": 29,
        "10001": 433,
        "44949": 1,
        "50910": 1,
        "34741": 1,
        "80": 12,
        "56053": 1,
        "57806": 1,
        "41550": 1,
        "67": 12,
        "40012": 1,
        "39763": 1,
        "46619": 1,
        "59889": 1,
        "50341": 1,
        "57285": 1,
        "36681": 1,
        "35052": 1,
        "59111": 1,
        "50722": 1,
        "60243": 1,
        "52716": 1,
        "57536": 1,
        "43303": 1,
        "44755": 1,
        "56460": 1,
        "38491": 1,
        "57367": 1,
        "57320": 1,
        "52164": 1,
        "51008": 1,
        "54823": 1,
        "41037": 1,
        "58402": 1,
        "54654": 1,
        "38161": 1,
        "38061": 1,
        "39983": 1,
        "52197": 1,
        "48539": 1,
        "39308": 1,
        "53937": 1,
        "46763": 1,
        "38227": 1,
        "46432": 1,
        "36277": 1,
        "49981": 1,
        "47924": 1,
        "57497": 1,
        "47653": 1,
        "45013": 1,
        "52362": 1,
        "54263": 1,
        "43074": 1,
        "34329": 1,
        "48959": 1,
        "46948": 1,
        "41731": 1,
        "56780": 1,
        "57882": 1,
        "35668": 1,
        "51132": 1,
        "55674": 1,
        "59427": 1,
        "46833": 1,
        "32888": 1,
        "54558": 1,
        "60538": 1,
        "42238": 1,
        "45982": 1,
        "54467": 1,
        "50051": 1,
        "44618": 1,
        "41258": 1,
        "46898": 1
    },
    "domains": {
        "time.nist.gov": 60,
        "connect.insteon.com": 12
    },
    "ciphers": {}
}