{
    "flow_volume": 200,
    "flow_duration": 0,
    "flow_rate": 12100000,
    "sleep_time": 10,
    "dns_interval": 10,
    "ntp_interval": 10,
    "ports": {
        "53595": 1,
        "57910": 1,
        "55727": 1,
        "52847": 1,
        "null": 29,
        "33168": 1,
        "35318": 1,
        "56284": 1,
        "36252": 1,
        "34655": 1,
        "44864": 1,
        "56078": 1,
        "10000": 55,
        "10001": 532,
        "36223": 1,
        "60632": 1,
        "57732": 1,
        "58220": 1,
        "54971": 1,
        "123": 60,
        "53817": 1,
        "58870": 1,
        "46932": 1,
        "55645": 1,
        "51724": 1,
        "32944": 1,
        "48082": 1,
        "46150": 1,
        "48213": 1,
        "58183": 1,
        "36380": 1,
        "42838": 1,
        "60286": 1,
        "44331": 1,
        "33475": 1,
        "47946": 1,
        "37751": 1,
        "35969": 1,
        "55524": 1,
        "46701": 1,
        "52471": 1,
        "42585": 1,
        "48403": 1,
        "45765": 1,
        "45954": 1,
        "49546": 1,
        "37934": 1,
        "57114": 1,
        "41799": 1,
        "38058": 1,
        "45519": 1,
        "52586": 1,
        "39305": 1,
        "38903": 1,
        "55357": 1,
        "48106": 1,
        "44055": 1,
        "57295": 1,
        "44903": 1,
        "46461": 1,
        "38778": 1,
        "53347": 1,
        "39889": 1,
        "35477": 1,
        "55885": 1,
        "56031": 1,
        "52584": 1,
        "46861": 1,
        "50479": 1,
        "48757": 1,
        "40400": 1,
        "53764": 1,
        "46544": 1,
        "38241": 1,
        "49098": 1,
        "39892": 1,
        "59441": 1,
        "80": 12,
        "46507": 1,
        "37210": 1,
        "60861": 1,
        "43328": 1,
        "42155": 1,
        "38808": 1,
        "48986": 1,
        "60177": 2,
        "60867": 1,
        "54778": 1,
        "39502": 1,
        "47181": 1,
        "40754": 1,
        "34316": 1,
        "46754": 1,
        "33292": 1,
        "39308": 1,
        "43765": 1,
        "40559": 1,
        "48298": 1,
        "55949": 1,
        "49427": 1,
        "38290": 1,
        "45366": 1,
        "39170": 1,
        "33870": 1,
        "48167": 1,
        "54710": 1,
        "42411": 1,
        "48560": 1,
        "47945": 1,
        "60170": 1,
        "59414": 1,
        "49439": 1,
        "36636": 1,
        "56340": 1,
        "40340": 1,
        "59871": 1,
        "67": 12,
        "59620": 1,
        "33256": 1,
        "55090": 1,
        "40905": 1,
        "55793": 1,
        "48275": 1,
        "41402": 1,
        "48636": 1,
        "50450": 1,
        "51118": 1,
        "33623": 1,
        "49364": 1,
        "36460": 1,
        "54157": 1,
        "59929": 1,
        "38612": 1,
        "33865": 1,
        "49579": 1,
        "49725": 1,
        "42951": 1,
        "36827": 1,
        "44239": 1,
        "60997": 1,
        "55011": 1,
        "43948": 1,
        "40156": 1,
        "44417": 1,
        "42670": 1,
        "39780": 1,
        "45172": 1,
        "33906": 1,
        "53514": 1,
        "52661": 1,
        "50220": 1,
        "34977": 1,
        "60940": 1,
        "50431": 1,
        "53970": 1,
        "41556": 1,
        "36194": 1,
        "35941": 1,
        "36347": 1,
        "59960": 33,
        "42480": 1,
        "44380": 1,
        "57831": 1,
        "50879": 1,
        "37483": 1,
        "50962": 1,
        "41253": 1,
        "58030": 1,
        "33414": 1,
        "35187": 1,
        "51870": 1,
        "37338": 1,
        "56551": 1,
        "58723": 1,
        "41116": 1,
        "49433": 1,
        "37631": 1,
        "36779": 1,
        "34540": 1,
        "53206": 1,
        "41594": 1,
        "42148": 1,
        "41695": 1,
        "38312": 1,
        "55510": 1,
        "40636": 1,
        "49666": 1,
        "41962": 1,
        "33154": 1,
        "39691": 1,
        "46226": 1,
        "48270": 1,
        "35254": 1,
        "43706": 1,
        "58707": 1,
        "43954": 1,
        "40675": 1,
        "32781": 1,
        "40881": 1,
        "45387": 1,
        "34849": 1,
        "53442": 1,
        "46637": 1,
        "47365": 1,
        "37272": 1,
        "36621": 1,
        "34191": 1,
        "37426": 1,
        "39518": 1,
        "49644": 1,
        "43352": 1,
        "49445": 1,
        "58293": 1,
        "35321": 1,
        "57960": 1,
        "35493": 1,
        "48694": 1,
        "34639": 1,
        "42888": 1,
        "45920": 1,
        "46562": 1,
        "56035": 1,
        "52591": 1,
        "48559": 1,
        "35459": 1,
        "47714": 1,
        "59563": 1,
        "54899": 1,
        "39710": 1,
        "34867": 1,
        "58311": 1,
        "35190": 1,
        "54041": 1,
        "44440": 1,
        "43964": 1,
        "39235": 1,
        "34815": 1,
        "39111": 1,
        "51871": 1,
        "55914": 1,
        "57261": 1,
        "52851": 1,
        "33264": 1,
        "38390": 1,
        "49273": 1,
        "45079": 1,
        "52123": 1,
        "36137": 1,
        "42913": 1,
        "33191": 1,
        "47275": 1,
        "55932": 1,
        "46862": 1,
        "55219": 1,
        "51109": 1,
        "43809": 1,
        "49869": 1,
        "35661": 1,
        "51544": 1,
        "42740": 1,
        "60284": 1,
        "39006": 1,
        "48509": 1,
        "38947": 1,
        "45629": 1,
        "36334": 1,
        "38747": 1,
        "32960": 1,
        "44816": 1,
        "59638": 1,
        "40297": 1,
        "56935": 1,
        "33950": 1,
        "48842": 1,
        "55264": 1,
        "41485": 1,
        "56333": 1,
        "50189": 1,
        "54644": 1,
        "35541": 1,
        "53675": 1,
        "50887": 1,
        "55634": 1,
        "43116": 1,
        "36677": 1,
        "57571": 1,
        "55330": 1,
        "33903": 1,
        "58737": 1,
        "54782": 1,
        "37928": 1,
        "53715": 1,
        "36993": 1,
        "34266": 1,
        "54929": 1,
        "51549": 1,
        "34636": 1,
        "55044": 1,
        "46339": 1,
        "41245": 1,
        "43885": 1,
        "39072": 1,
        "36844": 1,
        "47036": 1,
        "45825": 1,
        "57486": 1,
        "34193": 1,
        "43519": 1,
        "48838": 1,
        "37142": 1,
        "33018": 1,
        "51069": 1,
        "34486": 1,
        "36459": 1,
        "33529": 1,
        "54303": 1,
        "52083": 1,
        "55650": 1,
        "49554": 1,
        "41867": 1,
        "57081": 1,
        "34650": 1,
        "51741": 1,
        "49429": 1,
        "57557": 2,
        "41182": 1,
        "44235": 1,
        "33431": 1,
        "47205": 1,
        "43448": 1,
        "56012": 2,
        "50599": 1,
        "51162": 1,
        "34471": 1,
        "59653": 1,
        "46633": 1,
        "44445": 1,
        "51135": 1,
        "34261": 1,
        "47578": 1,
        "41865": 1,
        "43414": 1,
        "46288": 1,
        "53896": 1,
        "48765": 1,
        "46514": 1,
        "43862": 1,
        "47084": 1,
        "39675": 1,
        "41107": 1,
        "48316": 1,
        "48895": 1,
        "40639": 1,
        "36030": 1,
        "42733": 1,
        "44599": 1,
        "59570": 1,
        "58225": 1,
        "54247": 1,
        "33852": 1,
        "41552": 1,
        "38381": 1,
        "33868": 1,
        "40768": 1,
        "54571": 1,
        "39899": 1,
        "33998": 1,
        "35036": 1,
        "38977": 1,
        "46678": 1,
        "42191": 1,
        "39852": 1,
        "58192": 1,
        "55079": 1,
        "53882": 1,
        "42682": 1,
        "41966": 1,
        "46919": 1,
        "56372": 1,
        "46303": 1,
        "48258": 1,
        "46465": 1,
        "50082": 1,
        "42653": 1,
        "40748": 1,
        "58926": 1,
        "37610": 1,
        "55771": 1,
        "38606": 1,
        "56852": 1,
        "54848": 1,
        "39883": 1,
        "35811": 1,
        "49004": 1,
        "40162": 1,
        "54337": 1,
        "56651": 1,
        "45836": 1,
        "54863": 1,
        "33465": 1,
        "51888": 1,
        "54701": 1,
        "47871": 1,
        "33443": 1,
        "45643": 1,
        "57294": 1,
        "58594": 1,
        "55250": 1,
        "54837": 1,
        "37351": 1,
        "46758": 1,
        "50049": 1,
        "34020": 1,
        "51803": 1,
        "58837": 1,
        "52305": 1,
        "43067": 1,
        "44957": 1,
        "52852": 1,
        "49052": 1,
        "44770": 1,
        "38175": 1,
        "41088": 1,
        "39725": 1,
        "60904": 1,
        "58371": 1,
        "57117": 1,
        "54768": 1,
        "58730": 1,
        "45194": 1,
        "53195": 1,
        "38703": 1,
        "54263": 1,
        "59210": 1,
        "41442": 1,
        "56561": 1,
        "41671": 1,
        "35192": 1,
        "59016": 1,
        "53494": 1,
        "42328": 1,
        "56188": 1,
        "52232": 1,
        "45679": 1,
        "34912": 1,
        "43709": 1,
        "60117": 1,
        "37059": 1,
        "59699": 1,
        "47039": 1,
        "45385": 1,
        "34906": 1,
        "34464": 1,
        "55416": 1
    },
    "domains": {
        "time.nist.gov": 60,
        "connect.insteon.com": 12
    },
    "ciphers": {}
}