{
    "flow_volume": 200,
    "flow_duration": 0,
    "flow_rate": 12100000,
    "sleep_time": 10,
    "dns_interval": 10,
    "ntp_interval": 10,
    "ports": {
        "37825": 1,
        "10000": 45,
        "10001": 526,
        "41683": 1,
        "123": 60,
        "null": 30,
        "49179": 1,
        "53439": 1,
        "59960": 31,
        "39735": 1,
        "36379": 1,
        "45906": 1,
        "80": 12,
        "50546": 1,
        "52645": 1,
        "51906": 1,
        "67": 12,
        "51197": 1,
        "49681": 1,
        "56266": 1,
        "53371": 1,
        "50699": 1,
        "42537": 1,
        "49009": 1,
        "38401": 1,
        "48952": 2,
        "36268": 1,
        "34263": 1,
        "43166": 1,
        "44292": 1,
        "32790": 1,
        "33788": 1,
        "35701": 1,
        "50096": 1,
        "46836": 1,
        "39964": 1,
        "49691": 1,
        "41784": 1,
        "41836": 1,
        "49295": 1,
        "36280": 1,
        "39244": 1,
        "50064": 1,
        "44475": 1,
        "40632": 1,
        "48298": 1,
        "38428": 1,
        "48026": 1,
        "60955": 1,
        "41648": 1,
        "36398": 1,
        "34846": 1,
        "50287": 1,
        "33771": 1,
        "48815": 1,
        "37437": 1,
        "57930": 1,
        "45428": 1,
        "44368": 1,
        "58965": 1,
        "35844": 1,
        "45422": 1,
        "44124": 1,
        "59521": 1,
        "60251": 1,
        "47121": 1,
        "40687": 1,
        "60632": 1,
        "58659": 1,
        "48479": 1,
        "33280": 1,
        "60783": 1,
        "51899": 1,
        "53762": 1,
        "55542": 1,
        "42882": 1,
        "41401": 1,
        "33107": 1,
        "41955": 1,
        "60469": 1,
        "46399": 1,
        "42881": 1,
        "36611": 1,
        "55275": 1,
        "55256": 1,
        "50680": 1,
        "39238": 1,
        "36315": 1,
        "56570": 1,
        "45325": 1,
        "39615": 1,
        "51389": 1,
        "43261": 1,
        "57872": 1,
        "34717": 1,
        "58296": 1,
        "38250": 1,
        "57639": 1,
        "46774": 1,
        "50087": 1,
        "43045": 1,
        "49127": 1,
        "54402": 1,
        "40583": 1,
        "60529": 1,
        "35408": 1,
        "33504": 1,
        "60517": 1,
        "33210": 1,
        "50495": 1,
        "35345": 1,
        "36237": 1,
        "58309": 1,
        "58629": 1,
        "46908": 1,
        "58731": 1,
        "58094": 1,
        "48136": 1,
        "34007": 1,
        "46013": 1,
        "54118": 1,
        "55094": 1,
        "58266": 1,
        "60949": 1,
        "46121": 1,
        "43577": 1,
        "42288": 1,
        "39115": 1,
        "50156": 1,
        "54520": 1,
        "46061": 1,
        "54230": 1,
        "35190": 1,
        "38015": 1,
        "55937": 1,
        "39074": 1,
        "46912": 1,
        "46034": 1,
        "50209": 1,
        "55459": 1,
        "40243": 1,
        "37400": 1,
        "49978": 1,
        "52949": 1,
        "37031": 1,
        "57172": 1,
        "40984": 1,
        "48520": 1,
        "48161": 1,
        "37855": 1,
        "33046": 1,
        "47260": 1,
        "39601": 1,
        "58145": 1,
        "56040": 1,
        "50501": 1,
        "47221": 1,
        "50865": 1,
        "43753": 1,
        "55187": 1,
        "34599": 1,
        "54327": 1,
        "55809": 1,
        "46515": 1,
        "39263": 1,
        "42645": 1,
        "59131": 1,
        "38750": 1,
        "37975": 1,
        "54416": 1,
        "58162": 1,
        "36949": 1,
        "41500": 1,
        "53142": 1,
        "53998": 1,
        "36342": 1,
        "39713": 1,
        "46664": 1,
        "37113": 1,
        "52477": 1,
        "59689": 1,
        "32941": 1,
        "59544": 1,
        "48726": 1,
        "56675": 1,
        "43822": 1,
        "35314": 1,
        "50120": 1,
        "56839": 1,
        "42129": 1,
        "45742": 1,
        "50486": 1,
        "40269": 1,
        "52023": 1,
        "47163": 1,
        "54145": 1,
        "45559": 1,
        "41800": 1,
        "49117": 1,
        "47497": 1,
        "53263": 1,
        "54986": 1,
        "57045": 1,
        "37692": 1,
        "38743": 1,
        "40660": 1,
        "60970": 1,
        "36427": 1,
        "39798": 1,
        "58789": 1,
        "43888": 1,
        "56780": 1,
        "56406": 1,
        "42429": 1,
        "55569": 1,
        "47669": 1,
        "44895": 1,
        "35479": 1,
        "43197": 1,
        "49351": 1,
        "58810": 1,
        "36499": 1,
        "58650": 1,
        "39787": 1,
        "40379": 1,
        "37200": 1,
        "34554": 1,
        "57300": 1,
        "36666": 1,
        "60294": 1,
        "56320": 1,
        "36626": 1,
        "35575": 1,
        "54064": 1,
        "43398": 1,
        "40728": 1,
        "58511": 1,
        "49194": 1,
        "49682": 1,
        "34013": 1,
        "43823": 1,
        "56723": 1,
        "49322": 1,
        "54423": 1,
        "43869": 1,
        "48719": 1,
        "33129": 1,
        "49210": 1,
        "45418": 1,
        "45977": 1,
        "40558": 1,
        "59626": 1,
        "34437": 1,
        "45512": 1,
        "46453": 1,
        "55210": 1,
        "55842": 1,
        "49611": 1,
        "44774": 1,
        "34494": 1,
        "55350": 1,
        "39593": 1,
        "53187": 1,
        "52273": 1,
        "48987": 1,
        "40240": 1,
        "55691": 1,
        "51052": 1,
        "52506": 1,
        "55034": 1,
        "51396": 1,
        "41566": 1,
        "57832": 1,
        "47285": 1,
        "37659": 1,
        "53925": 1,
        "45251": 1,
        "44339": 1,
        "35585": 1,
        "60915": 1,
        "45172": 1,
        "34069": 1,
        "39812": 1,
        "39283": 1,
        "39762": 1,
        "50531": 1,
        "43544": 1,
        "44892": 1,
        "51010": 1,
        "45850": 1,
        "59188": 1,
        "33313": 1,
        "45481": 1,
        "54512": 1,
        "60425": 1,
        "43635": 1,
        "34294": 1,
        "43804": 1,
        "39430": 1,
        "35997": 1,
        "39514": 1,
        "44831": 1,
        "43413": 1,
        "52830": 1,
        "59761": 1,
        "51689": 1,
        "41667": 1,
        "43867": 1,
        "58339": 1,
        "45946": 1,
        "46952": 1,
        "34647": 1,
        "46820": 1,
        "36759": 1,
        "45575": 1,
        "55636": 1,
        "44125": 1,
        "58363": 1,
        "54350": 1,
        "53306": 1,
        "43971": 1,
        "38742": 1,
        "60863": 1,
        "59323": 1,
        "52854": 1,
        "49784": 1,
        "33964": 1,
        "32836": 1,
        "53340": 1,
        "44675": 1,
        "48646": 1,
        "34063": 1,
        "60959": 1,
        "49180": 1,
        "59906": 1,
        "51858": 1,
        "40914": 1,
        "41982": 1,
        "35731": 1,
        "40607": 1,
        "33289": 1,
        "35925": 1,
        "37475": 1,
        "55298": 1,
        "34514": 1,
        "53857": 1,
        "48108": 1,
        "35498": 1,
        "46744": 1,
        "53222": 1,
        "59083": 1,
        "56145": 1,
        "52787": 1,
        "46562": 1,
        "47755": 1,
        "59530": 1,
        "48911": 1,
        "38091": 1,
        "60516": 1,
        "54146": 1,
        "44692": 1,
        "58345": 1,
        "56041": 1,
        "51936": 1,
        "46845": 1,
        "58997": 1,
        "34895": 1,
        "60323": 1,
        "53851": 1,
        "50488": 1,
        "54476": 1,
        "60200": 1,
        "34906": 1,
        "41314": 1,
        "33501": 1,
        "47836": 1,
        "50216": 1,
        "59646": 1,
        "47263": 1,
        "38812": 1,
        "47924": 1,
        "58850": 1,
        "54016": 1,
        "43380": 1,
        "46342": 1,
        "45094": 1,
        "54321": 1,
        "39412": 1,
        "51092": 1,
        "36834": 1
    },
    "domains": {
        "time.nist.gov": 60,
        "connect.insteon.com": 12
    },
    "ciphers": {}
}