{
    "flow_volume": 200,
    "flow_duration": 0,
    "flow_rate": 10,
    "sleep_time": 10,
    "dns_interval": -30,
    "ntp_interval": -30,
    "ports": {
        "10001": 424,
        "53301": 1,
        "123": 60,
        "59960": 63,
        "null": 29,
        "49847": 1,
        "37624": 1,
        "57206": 1,
        "36336": 1,
        "80": 12,
        "55956": 1,
        "40408": 1,
        "36197": 1,
        "67": 12,
        "41974": 1,
        "57565": 1,
        "39024": 1,
        "54917": 1,
        "56606": 1,
        "56634": 1,
        "53430": 1,
        "49768": 1,
        "48835": 1,
        "47051": 1,
        "35229": 1,
        "33126": 1,
        "56426": 1,
        "49977": 1,
        "60425": 1,
        "55718": 1,
        "35408": 1,
        "56960": 1,
        "41401": 1,
        "42164": 1,
        "33306": 1,
        "52455": 1,
        "59727": 1,
        "39402": 1,
        "37980": 1,
        "35726": 1,
        "36731": 1,
        "45862": 1,
        "58824": 1,
        "42622": 1,
        "40340": 1,
        "57767": 1,
        "58280": 1,
        "34132": 1,
        "55409": 1,
        "58891": 1,
        "53205": 1,
        "47696": 1,
        "56430": 1,
        "40852": 1,
        "48006": 1,
        "48762": 1,
        "47384": 1,
        "44450": 1,
        "42447": 1,
        "60683": 1,
        "54341": 1,
        "32920": 1,
        "54412": 1,
        "49457": 1,
        "49722": 1,
        "51952": 1,
        "37917": 1,
        "42352": 1,
        "55222": 1,
        "56257": 1,
        "38021": 1,
        "55077": 1,
        "47428": 1,
        "46057": 1,
        "44854": 1,
        "46392": 1,
        "45213": 1,
        "57284": 1
    },
    "domains": {
        "time.nist.gov": 60,
        "connect.insteon.com": 12
    },
    "ciphers": {}
}