{
    "flow_volume": 200,
    "flow_duration": 0,
    "flow_rate": 6000000,
    "sleep_time": 10,
    "dns_interval": 10,
    "ntp_interval": 10,
    "ports": {
        "null": 29,
        "59960": 79,
        "46613": 1,
        "123": 60,
        "10001": 443,
        "55622": 1,
        "39580": 1,
        "34781": 1,
        "39314": 1,
        "80": 12,
        "59427": 1,
        "43217": 1,
        "54606": 1,
        "67": 12,
        "49424": 1,
        "42967": 1,
        "35837": 1,
        "32988": 1,
        "38111": 1,
        "50566": 1,
        "35776": 1,
        "33051": 1,
        "46311": 1,
        "56550": 1,
        "59770": 1,
        "43458": 1,
        "54165": 1,
        "46767": 1,
        "39573": 1,
        "41618": 1,
        "44143": 1,
        "42437": 1,
        "35892": 1,
        "33459": 1,
        "33936": 1,
        "47869": 1,
        "50820": 1,
        "40827": 1,
        "41547": 1,
        "33298": 1,
        "46909": 1,
        "52595": 1,
        "42653": 1,
        "45792": 1,
        "36987": 1,
        "55383": 1,
        "48964": 1,
        "42938": 1,
        "53820": 1,
        "53426": 1,
        "35579": 1,
        "39684": 1,
        "33235": 1,
        "47037": 1,
        "53131": 1,
        "34168": 1,
        "33911": 1,
        "57097": 1,
        "58296": 1,
        "49844": 1,
        "57158": 1,
        "52867": 1,
        "34033": 1,
        "52558": 1,
        "48211": 1,
        "56522": 1,
        "49829": 1,
        "37234": 1,
        "38555": 1,
        "39846": 1,
        "50365": 1,
        "36468": 1,
        "45730": 1,
        "52176": 1,
        "43104": 1,
        "43011": 1,
        "39999": 1,
        "34161": 1
    },
    "domains": {
        "time.nist.gov": 60,
        "connect.insteon.com": 12
    },
    "ciphers": {}
}