{
    "flow_volume": 200,
    "flow_duration": 0,
    "flow_rate": 6000000,
    "sleep_time": 10,
    "dns_interval": 10,
    "ntp_interval": 10,
    "ports": {
        "10001": 450,
        "10000": 29,
        "46256": 1,
        "59960": 49,
        "36022": 1,
        "55858": 1,
        "123": 60,
        "60112": 1,
        "37591": 1,
        "44899": 1,
        "38817": 1,
        "51244": 1,
        "null": 29,
        "48970": 1,
        "35163": 1,
        "55085": 1,
        "35918": 1,
        "45609": 1,
        "80": 12,
        "60380": 1,
        "41743": 1,
        "43607": 1,
        "35280": 1,
        "41365": 1,
        "67": 12,
        "49110": 1,
        "35178": 1,
        "50997": 1,
        "53431": 1,
        "46811": 1,
        "57482": 1,
        "38016": 1,
        "45470": 1,
        "55585": 1,
        "50013": 1,
        "39364": 1,
        "53946": 1,
        "58826": 1,
        "58464": 1,
        "48479": 1,
        "48832": 1,
        "42578": 1,
        "50263": 1,
        "45648": 1,
        "59940": 1,
        "43785": 1,
        "45735": 1,
        "37025": 1,
        "44464": 1,
        "53078": 1,
        "57040": 1,
        "60473": 1,
        "41848": 1,
        "59397": 1,
        "57554": 1,
        "46411": 1,
        "49480": 1,
        "42226": 1,
        "45684": 1,
        "54264": 1,
        "49986": 1,
        "40554": 1,
        "50397": 1,
        "43888": 1,
        "48642": 1,
        "55437": 1,
        "37331": 1,
        "54819": 1,
        "51826": 1,
        "54622": 1,
        "50879": 1,
        "50061": 1,
        "34368": 1,
        "51478": 1,
        "48475": 1,
        "50011": 1,
        "51455": 1,
        "35751": 1,
        "34828": 1,
        "58713": 1,
        "40700": 1,
        "56075": 1,
        "56799": 1,
        "38878": 1,
        "39274": 1,
        "38757": 1,
        "37760": 1,
        "55441": 1,
        "57918": 1,
        "49931": 1,
        "49254": 1,
        "45608": 1,
        "45045": 1,
        "50542": 1,
        "42027": 1,
        "56831": 1,
        "35982": 1,
        "33971": 1,
        "59327": 1,
        "57822": 1,
        "60357": 1,
        "45410": 1,
        "41162": 1,
        "56365": 1,
        "50111": 1,
        "47646": 1,
        "39168": 1,
        "37112": 1,
        "52848": 1,
        "60945": 1,
        "39305": 1,
        "50025": 1,
        "53137": 1,
        "36576": 1,
        "57403": 1,
        "49998": 1,
        "36163": 1,
        "48560": 1,
        "51189": 1,
        "51260": 1,
        "38128": 1,
        "48572": 1,
        "54885": 1,
        "36412": 1,
        "56292": 1,
        "32917": 1,
        "48636": 1,
        "33815": 1,
        "38806": 1,
        "40462": 1,
        "51409": 1,
        "36978": 1,
        "40454": 1,
        "42964": 1,
        "40688": 1,
        "55626": 1,
        "45235": 1,
        "56072": 1,
        "38777": 1,
        "47097": 1,
        "47624": 1,
        "43721": 1,
        "41020": 1,
        "60870": 1,
        "44270": 1,
        "42377": 1,
        "55822": 1,
        "54856": 1,
        "54435": 1,
        "56657": 1,
        "46610": 1,
        "53019": 1,
        "53200": 1,
        "51460": 1,
        "55754": 1,
        "55970": 1,
        "40054": 1,
        "50449": 1,
        "53025": 1,
        "39519": 1,
        "55583": 1,
        "34371": 1,
        "51503": 1,
        "52225": 1,
        "43049": 1,
        "46372": 1,
        "58701": 1,
        "55637": 1,
        "57157": 1,
        "51548": 1,
        "38171": 1,
        "55350": 1,
        "41191": 1,
        "48744": 1,
        "54340": 1,
        "46742": 1,
        "40381": 1,
        "45207": 1,
        "49557": 1
    },
    "domains": {
        "time.nist.gov": 60,
        "connect.insteon.com": 12
    },
    "ciphers": {}
}