{
    "flow_volume": 200,
    "flow_duration": 0,
    "flow_rate": 6000000,
    "sleep_time": 10,
    "dns_interval": 10,
    "ntp_interval": 10,
    "ports": {
        "10001": 453,
        "40241": 1,
        "123": 60,
        "37252": 1,
        "59960": 25,
        "null": 28,
        "44866": 1,
        "56325": 1,
        "80": 12,
        "47227": 1,
        "47055": 1,
        "67": 12,
        "53855": 1,
        "35057": 1,
        "43236": 1,
        "52689": 1,
        "45616": 1,
        "37769": 1,
        "52897": 1,
        "52951": 1,
        "39006": 1,
        "58445": 1,
        "38179": 1,
        "32932": 1,
        "41748": 1,
        "51155": 1,
        "34808": 1,
        "54381": 1,
        "59983": 1,
        "50650": 1,
        "51762": 1,
        "54136": 1,
        "55566": 1,
        "38425": 1,
        "41051": 1,
        "38500": 2,
        "44932": 1,
        "43141": 1,
        "49958": 1,
        "56703": 1,
        "51926": 1,
        "60147": 1,
        "50866": 1,
        "41989": 1,
        "46008": 1,
        "39047": 1,
        "44775": 1,
        "48208": 1,
        "33643": 1,
        "40932": 1,
        "49791": 1,
        "56055": 1,
        "52853": 1,
        "35932": 1,
        "59233": 1,
        "33852": 1,
        "45504": 1,
        "56710": 1,
        "45628": 1,
        "59347": 1,
        "52811": 1,
        "49799": 1,
        "51077": 1,
        "53973": 1,
        "37290": 1,
        "57002": 1,
        "36209": 1,
        "58824": 1,
        "44672": 1,
        "38102": 1,
        "53753": 1,
        "36460": 1,
        "56083": 1,
        "53587": 1,
        "47245": 1,
        "46170": 1,
        "46443": 1
    },
    "domains": {
        "time.nist.gov": 60,
        "connect.insteon.com": 12
    },
    "ciphers": {}
}