{
    "flow_volume": 200,
    "flow_duration": 0,
    "flow_rate": 10,
    "sleep_time": 10,
    "dns_interval": 10,
    "ntp_interval": 10,
    "ports": {
        "10001": 424,
        "59960": 79,
        "56638": 1,
        "10000": 14,
        "null": 29,
        "56915": 1,
        "34553": 1,
        "44823": 1,
        "52900": 1,
        "44301": 1,
        "47642": 1,
        "123": 60,
        "54970": 1,
        "43144": 1,
        "55160": 1,
        "43463": 1,
        "54578": 1,
        "44590": 1,
        "80": 12,
        "43149": 1,
        "40805": 1,
        "44575": 1,
        "57715": 1,
        "67": 12,
        "48107": 1,
        "41035": 1,
        "44827": 1,
        "48331": 1,
        "49485": 1,
        "47675": 1,
        "59539": 1,
        "52486": 1,
        "38008": 1,
        "46015": 1,
        "34229": 1,
        "34050": 1,
        "33095": 1,
        "45768": 1,
        "60545": 1,
        "40061": 1,
        "49599": 1,
        "52079": 1,
        "53982": 1,
        "40647": 1,
        "47155": 1,
        "51674": 1,
        "52463": 1,
        "44683": 1,
        "46387": 1,
        "45628": 1,
        "33026": 1,
        "46073": 1,
        "52273": 1,
        "54989": 1,
        "51508": 1,
        "43142": 1,
        "39540": 1,
        "41931": 1,
        "39809": 1,
        "42319": 1,
        "33898": 1,
        "56015": 1,
        "33126": 1,
        "57477": 1,
        "52220": 1,
        "43282": 1,
        "50226": 1,
        "53350": 1,
        "48371": 1,
        "34289": 1,
        "53425": 1,
        "41114": 1,
        "47153": 1,
        "59178": 1,
        "37879": 1,
        "57494": 1,
        "33632": 1,
        "34444": 1,
        "36848": 1,
        "42221": 1,
        "49797": 1,
        "58124": 1,
        "55984": 1,
        "44730": 1,
        "41499": 1,
        "41117": 1,
        "39508": 1,
        "41552": 1,
        "47686": 1,
        "54328": 1,
        "49149": 1,
        "48335": 1,
        "35094": 1,
        "45676": 1,
        "51558": 1,
        "48141": 1,
        "52470": 1,
        "52842": 1,
        "42174": 1,
        "55513": 1,
        "54521": 1,
        "38248": 1,
        "58954": 1,
        "32935": 1
    },
    "domains": {
        "time.nist.gov": 60,
        "connect.insteon.com": 12
    },
    "ciphers": {}
}