{
    "flow_volume": 200,
    "flow_duration": 0,
    "flow_rate": 12100000,
    "sleep_time": 10,
    "dns_interval": 10,
    "ntp_interval": 10,
    "ports": {
        "56557": 1,
        "41526": 1,
        "10001": 588,
        "39291": 1,
        "51695": 1,
        "41136": 1,
        "46557": 1,
        "38462": 1,
        "33897": 1,
        "50040": 1,
        "10000": 81,
        "42414": 1,
        "33437": 2,
        "46874": 1,
        "60243": 1,
        "34067": 1,
        "45103": 1,
        "123": 60,
        "59553": 1,
        "43021": 1,
        "55929": 1,
        "46621": 1,
        "51528": 1,
        "38386": 1,
        "49505": 1,
        "36231": 1,
        "33894": 1,
        "51059": 1,
        "42462": 1,
        "52360": 1,
        "49857": 1,
        "38795": 1,
        "60846": 1,
        "58490": 1,
        "50908": 1,
        "57733": 1,
        "null": 28,
        "44781": 1,
        "56035": 1,
        "59324": 1,
        "52143": 1,
        "58085": 1,
        "47459": 1,
        "34362": 1,
        "38637": 1,
        "36007": 1,
        "36862": 1,
        "48168": 1,
        "33912": 1,
        "56387": 1,
        "52253": 1,
        "34815": 1,
        "48672": 1,
        "46956": 1,
        "52622": 1,
        "41595": 1,
        "39392": 1,
        "57375": 1,
        "51858": 1,
        "38480": 1,
        "37046": 1,
        "50341": 1,
        "40055": 1,
        "48448": 1,
        "50163": 1,
        "40657": 1,
        "36167": 1,
        "32924": 1,
        "59952": 1,
        "46123": 1,
        "46494": 1,
        "52955": 1,
        "35734": 1,
        "54169": 1,
        "60096": 1,
        "54185": 1,
        "80": 12,
        "48184": 1,
        "59425": 1,
        "33532": 1,
        "45721": 1,
        "37146": 1,
        "54333": 1,
        "58354": 1,
        "55732": 1,
        "37553": 1,
        "42922": 1,
        "37674": 1,
        "58708": 1,
        "51514": 1,
        "36911": 1,
        "42654": 1,
        "46005": 1,
        "41609": 1,
        "46291": 1,
        "48471": 1,
        "40736": 1,
        "48680": 1,
        "42925": 1,
        "53966": 1,
        "49612": 1,
        "35579": 1,
        "48047": 1,
        "42127": 1,
        "59175": 1,
        "56736": 1,
        "34102": 1,
        "54336": 1,
        "56838": 1,
        "51975": 1,
        "50802": 1,
        "40765": 1,
        "50236": 1,
        "40902": 1,
        "67": 12,
        "36401": 1,
        "49954": 1,
        "49048": 1,
        "51255": 1,
        "37025": 1,
        "47588": 1,
        "36267": 1,
        "43990": 2,
        "47941": 1,
        "60731": 1,
        "59960": 16,
        "58234": 1,
        "46476": 1,
        "38275": 1,
        "45414": 1,
        "41253": 1,
        "60744": 1,
        "50508": 1,
        "40230": 1,
        "51091": 1,
        "35888": 1,
        "36673": 1,
        "47403": 1,
        "52332": 1,
        "44575": 1,
        "49694": 2,
        "39230": 1,
        "52002": 1,
        "40365": 1,
        "58094": 1,
        "58098": 1,
        "36422": 1,
        "58420": 1,
        "47234": 1,
        "34351": 1,
        "47573": 1,
        "47980": 1,
        "40460": 1,
        "42337": 1,
        "32810": 1,
        "59860": 1,
        "60638": 1,
        "57697": 1,
        "41171": 1,
        "51766": 1,
        "43310": 1,
        "59707": 1,
        "37997": 1,
        "46997": 1,
        "56589": 1,
        "56967": 1,
        "60391": 1,
        "56975": 1,
        "39012": 1,
        "60705": 1,
        "46217": 1,
        "36344": 1,
        "40666": 1,
        "33672": 1,
        "50268": 1,
        "56120": 1,
        "44019": 1,
        "45387": 1,
        "35843": 1,
        "35022": 1,
        "45570": 1,
        "39931": 1,
        "34356": 1,
        "47303": 1,
        "47865": 1,
        "60398": 1,
        "36012": 1,
        "57287": 1,
        "42912": 1,
        "51677": 1,
        "56057": 1,
        "52293": 1,
        "55840": 1,
        "42803": 1,
        "58966": 1,
        "55426": 1,
        "35183": 1,
        "39095": 1,
        "38838": 1,
        "58463": 2,
        "46307": 1,
        "37338": 1,
        "45855": 1,
        "35082": 1,
        "34825": 1,
        "59298": 1,
        "58317": 1,
        "44909": 1,
        "34042": 1,
        "40516": 1,
        "33649": 1,
        "46729": 1,
        "37683": 1,
        "57098": 1,
        "49791": 1,
        "45538": 1,
        "49572": 1,
        "56515": 1,
        "38350": 1,
        "33618": 1,
        "56177": 1,
        "47794": 1,
        "43332": 1,
        "37311": 1,
        "51070": 1,
        "43171": 1,
        "47262": 1,
        "49777": 1,
        "51016": 1,
        "51488": 1,
        "50470": 1,
        "45246": 1,
        "44088": 1,
        "56171": 1,
        "53530": 1,
        "39850": 1,
        "50391": 1,
        "34486": 1,
        "39803": 1,
        "60152": 1,
        "50481": 1,
        "46402": 1,
        "36109": 1,
        "45635": 1,
        "43334": 1,
        "60585": 1,
        "48809": 1,
        "60776": 1,
        "44269": 1,
        "59058": 1,
        "56254": 1,
        "42066": 1,
        "49430": 1,
        "56399": 1,
        "36368": 1,
        "43925": 1,
        "38166": 1,
        "40495": 1,
        "52977": 1,
        "58773": 1,
        "35503": 1,
        "55237": 1,
        "45446": 1,
        "41890": 1,
        "59422": 1,
        "33288": 1,
        "45330": 1,
        "56431": 1,
        "59379": 1,
        "44441": 1,
        "37377": 1,
        "51007": 1,
        "43825": 1,
        "36597": 1,
        "56504": 1,
        "39107": 1,
        "55691": 1,
        "59983": 1,
        "48188": 1,
        "45866": 1,
        "42961": 1,
        "50702": 1,
        "42896": 1,
        "48021": 1,
        "56069": 1,
        "51400": 1,
        "55132": 1,
        "53784": 1,
        "47515": 1,
        "55370": 1,
        "41707": 1,
        "51004": 1,
        "56630": 1,
        "48532": 1,
        "48519": 1,
        "35728": 1,
        "54191": 1,
        "44947": 1,
        "54519": 1,
        "58331": 1,
        "36858": 1,
        "47689": 1,
        "51503": 1,
        "53182": 1,
        "35401": 1,
        "35463": 1,
        "32891": 1,
        "45439": 1,
        "35716": 1,
        "50436": 1,
        "58497": 1,
        "45108": 1,
        "43696": 1,
        "60249": 1,
        "33137": 1,
        "39279": 1,
        "45953": 1,
        "42735": 1,
        "54290": 1,
        "55677": 1,
        "48176": 1,
        "42033": 1,
        "57021": 1,
        "55897": 1,
        "59671": 1,
        "49358": 1,
        "54230": 1,
        "40922": 1,
        "33688": 1,
        "50553": 2,
        "34494": 1,
        "45770": 1,
        "56596": 1,
        "54901": 1,
        "55348": 1,
        "53806": 1,
        "60581": 1,
        "38899": 1,
        "50733": 1,
        "35934": 1,
        "58400": 1,
        "51253": 1,
        "58062": 1,
        "40302": 1,
        "48261": 1,
        "56559": 1,
        "35973": 1,
        "42956": 1,
        "39822": 1,
        "49022": 1,
        "34187": 1,
        "51485": 1,
        "45862": 1,
        "44339": 1,
        "48302": 1,
        "47587": 1,
        "58067": 1,
        "34898": 1,
        "41661": 1,
        "59400": 1,
        "57323": 1,
        "59460": 1,
        "41954": 1,
        "52616": 1,
        "49946": 1,
        "37187": 1,
        "55177": 1,
        "35299": 1,
        "37985": 1,
        "43140": 1,
        "54594": 1,
        "52923": 1,
        "38019": 1,
        "40763": 1,
        "44723": 1,
        "50416": 1,
        "38092": 1,
        "51446": 1,
        "58360": 1,
        "38937": 1,
        "39535": 1,
        "55192": 1,
        "54059": 1,
        "51667": 1,
        "52697": 1,
        "35098": 1,
        "51086": 1,
        "59028": 1,
        "41470": 1,
        "44900": 1,
        "41066": 1,
        "55332": 1,
        "40788": 1,
        "38169": 1,
        "42483": 1,
        "32985": 1,
        "52025": 1,
        "48299": 1,
        "38445": 1,
        "41320": 1,
        "60174": 1,
        "57331": 1,
        "41935": 1,
        "34670": 1,
        "59627": 1,
        "58210": 1,
        "50766": 1,
        "46831": 1,
        "57694": 1,
        "58536": 1,
        "51425": 1,
        "34071": 1,
        "50932": 1,
        "42859": 1,
        "60472": 1,
        "38702": 1,
        "59951": 1,
        "51314": 1,
        "55412": 1,
        "44786": 1,
        "39600": 1,
        "55368": 1,
        "58483": 1,
        "35964": 1,
        "43795": 1,
        "59388": 1,
        "47546": 1,
        "35650": 1,
        "45589": 1,
        "37733": 1,
        "38308": 1,
        "32886": 1,
        "48372": 1,
        "35478": 1,
        "39620": 1,
        "47292": 1,
        "34437": 1,
        "58572": 1,
        "41466": 1,
        "35429": 2,
        "43377": 1,
        "49306": 1,
        "34611": 1,
        "51303": 1,
        "40469": 1,
        "58468": 1,
        "45639": 1,
        "46434": 1,
        "40269": 1,
        "40933": 1,
        "36651": 1,
        "46778": 1,
        "33903": 1,
        "52407": 1,
        "56143": 1,
        "59445": 1,
        "55960": 1,
        "35003": 1,
        "41849": 1,
        "56607": 1,
        "44872": 2,
        "37543": 1,
        "36592": 1,
        "39258": 1,
        "53573": 1,
        "48889": 1,
        "48622": 1,
        "50964": 1,
        "51384": 1,
        "59859": 1,
        "60460": 1,
        "49726": 1,
        "50125": 1,
        "45508": 1,
        "58245": 1,
        "48177": 1,
        "38415": 1,
        "39524": 1,
        "47737": 1,
        "47208": 1,
        "44482": 1,
        "33326": 1,
        "34704": 1,
        "40216": 1,
        "58678": 1,
        "45831": 1,
        "38095": 1,
        "55548": 1,
        "57855": 1,
        "41332": 1,
        "59411": 1,
        "58039": 1,
        "41951": 1,
        "34709": 1,
        "35715": 1,
        "44995": 1,
        "58253": 1,
        "57424": 1,
        "60091": 1,
        "53832": 1,
        "40010": 1,
        "46099": 1,
        "39910": 1,
        "54685": 2,
        "51415": 1,
        "50777": 1,
        "33973": 1,
        "56355": 1,
        "57926": 1,
        "38860": 1,
        "47949": 1,
        "33624": 1,
        "47930": 1,
        "49388": 1,
        "34711": 1,
        "54897": 1,
        "58147": 1,
        "52229": 1,
        "38907": 1,
        "47210": 1,
        "53278": 1,
        "60009": 1,
        "47241": 1,
        "33100": 1,
        "58408": 1,
        "57175": 1,
        "48829": 1,
        "51998": 1,
        "43476": 1,
        "35160": 1,
        "49610": 1,
        "58969": 1,
        "42227": 1,
        "37283": 1,
        "59311": 1,
        "51801": 1,
        "38351": 1,
        "41874": 1,
        "50151": 1,
        "57125": 1,
        "44541": 1,
        "33966": 1,
        "33979": 1,
        "58727": 1,
        "37698": 1,
        "33561": 1,
        "38543": 1,
        "34684": 1,
        "54851": 1,
        "60118": 1,
        "38668": 1,
        "40335": 1,
        "35087": 1,
        "34525": 1,
        "38954": 1,
        "41274": 1,
        "51046": 1,
        "45094": 1,
        "43830": 1,
        "43984": 1,
        "43762": 1,
        "45031": 1,
        "37409": 1,
        "41644": 1,
        "37345": 1,
        "41045": 1,
        "39190": 1,
        "49463": 1,
        "51807": 1,
        "38618": 1,
        "41657": 1,
        "40906": 1,
        "45844": 1,
        "49053": 1,
        "44784": 1,
        "43657": 1,
        "37788": 1,
        "60653": 2,
        "58797": 1,
        "34300": 1,
        "57093": 1,
        "59961": 1,
        "44373": 1,
        "50092": 1,
        "48898": 1,
        "41852": 1,
        "34142": 1,
        "39427": 1,
        "47413": 1,
        "39776": 1,
        "41565": 1,
        "38564": 1,
        "39550": 1,
        "40279": 1,
        "55105": 1,
        "42370": 1,
        "59744": 1,
        "59009": 1,
        "60256": 1,
        "38321": 1,
        "33287": 1,
        "35559": 1,
        "41608": 1,
        "47973": 1,
        "60281": 1,
        "47879": 1,
        "56766": 1,
        "34321": 1,
        "37727": 1,
        "35202": 1,
        "60773": 1,
        "45390": 1,
        "32826": 1,
        "53268": 1,
        "45271": 1,
        "46042": 1,
        "49716": 1,
        "53495": 1,
        "46871": 1,
        "40327": 1,
        "41147": 1,
        "43485": 1,
        "60596": 1,
        "60233": 1,
        "45145": 1,
        "55733": 1,
        "55919": 1,
        "58738": 1,
        "48514": 1,
        "59336": 1,
        "53987": 1,
        "49422": 1,
        "54745": 1,
        "36458": 1,
        "49652": 1,
        "37722": 1,
        "42689": 1,
        "41443": 1,
        "50956": 1,
        "51281": 1,
        "42892": 1,
        "42639": 1,
        "44689": 1,
        "55338": 1,
        "50124": 1,
        "52902": 1,
        "53797": 1,
        "37513": 1,
        "34245": 1,
        "50618": 1,
        "54665": 1,
        "50663": 1,
        "51389": 1,
        "54491": 1,
        "41014": 1,
        "33035": 1,
        "60951": 1,
        "38243": 1,
        "57046": 1,
        "37858": 1,
        "33842": 1,
        "43418": 1,
        "46327": 1,
        "49075": 1,
        "53815": 1,
        "53062": 1,
        "57807": 1,
        "59046": 1,
        "48022": 1,
        "48277": 1,
        "56080": 1,
        "57678": 1,
        "38671": 1,
        "50354": 1,
        "56139": 1,
        "48769": 1,
        "39399": 1,
        "58525": 1,
        "44114": 1,
        "47341": 1,
        "39967": 1,
        "57174": 1,
        "45416": 1,
        "53600": 1,
        "55201": 1,
        "55877": 1,
        "33551": 1,
        "38716": 1,
        "42522": 1,
        "35301": 1,
        "36648": 1,
        "51856": 1,
        "48938": 1,
        "35342": 1,
        "33679": 1,
        "50350": 1,
        "36631": 1,
        "57663": 1,
        "48845": 1,
        "59533": 1,
        "55362": 1,
        "41545": 1,
        "35367": 1,
        "38290": 1,
        "55811": 1,
        "44470": 1,
        "52176": 1,
        "55889": 1,
        "42509": 1,
        "47613": 1,
        "59036": 1,
        "58930": 1,
        "47988": 1,
        "40643": 1,
        "47939": 1,
        "49068": 1,
        "37839": 1,
        "49215": 1,
        "48487": 1,
        "37574": 1,
        "48928": 1,
        "47123": 1,
        "49761": 1,
        "39797": 1,
        "59168": 1,
        "33541": 1,
        "39835": 1,
        "40000": 1,
        "52598": 1,
        "37993": 1,
        "44197": 1,
        "38853": 1,
        "49184": 1,
        "42548": 1,
        "41139": 1,
        "55126": 1,
        "47357": 1,
        "34162": 1,
        "46793": 1,
        "52089": 1,
        "55629": 1,
        "57850": 1,
        "50329": 1,
        "37102": 1,
        "39433": 1,
        "60277": 1,
        "54481": 1,
        "40673": 1,
        "45678": 1,
        "46925": 1,
        "52709": 1,
        "58369": 1,
        "44618": 1,
        "49624": 1,
        "57583": 1,
        "45835": 1,
        "43712": 1,
        "51164": 1,
        "55489": 2,
        "44583": 1,
        "54055": 1,
        "47312": 1,
        "33546": 1,
        "46746": 1,
        "40274": 1,
        "58575": 1,
        "48753": 1,
        "33821": 1,
        "51204": 1,
        "49988": 1,
        "59286": 1,
        "34184": 1,
        "50505": 1,
        "45192": 1,
        "33276": 1,
        "53696": 1,
        "50538": 1,
        "39135": 2,
        "50862": 1,
        "56992": 1,
        "36183": 1,
        "46868": 1,
        "52470": 1,
        "60787": 1,
        "42097": 1,
        "55159": 1,
        "56710": 1,
        "46657": 1,
        "57455": 1,
        "36922": 1,
        "57940": 1,
        "44333": 1,
        "59270": 1,
        "50328": 1,
        "47294": 1,
        "41429": 1,
        "47823": 1,
        "52856": 1,
        "50082": 1,
        "46703": 1,
        "54622": 1,
        "43680": 1,
        "45232": 1,
        "41106": 1,
        "60532": 1,
        "44976": 1,
        "35841": 1,
        "58059": 1,
        "40985": 1,
        "47249": 1,
        "42244": 1,
        "35395": 1,
        "48679": 1,
        "60578": 1,
        "34200": 1,
        "43792": 1,
        "58689": 1,
        "37138": 1,
        "56464": 1,
        "37583": 1,
        "34595": 1,
        "54552": 1,
        "41601": 1,
        "40112": 1,
        "39989": 1,
        "41881": 1,
        "37729": 1,
        "56853": 1,
        "35372": 1,
        "48693": 1,
        "47093": 1,
        "35558": 1,
        "56945": 1,
        "54512": 1,
        "36956": 1,
        "50402": 1,
        "34438": 1,
        "53590": 1,
        "59689": 1,
        "57519": 1,
        "32989": 1,
        "41753": 1,
        "45169": 1,
        "50556": 1,
        "50281": 1,
        "55971": 1,
        "43818": 1,
        "58715": 1,
        "45349": 1,
        "56656": 1,
        "43524": 1,
        "48301": 1,
        "53316": 1,
        "51745": 1,
        "33385": 1,
        "42891": 1,
        "57264": 1,
        "42051": 1,
        "44121": 1,
        "39373": 1,
        "39879": 1,
        "34734": 1,
        "55916": 1,
        "38998": 1,
        "51789": 1,
        "33691": 1,
        "47130": 1,
        "48926": 1,
        "34561": 1,
        "58881": 1,
        "39871": 1,
        "45956": 1,
        "36872": 1,
        "36717": 1
    },
    "domains": {
        "time.nist.gov": 60,
        "connect.insteon.com": 12
    },
    "ciphers": {}
}