{
    "flow_volume": 200,
    "flow_duration": 0,
    "flow_rate": 12100000,
    "sleep_time": 10,
    "dns_interval": 10,
    "ntp_interval": 10,
    "ports": {
        "10001": 497,
        "58129": 1,
        "123": 60,
        "null": 29,
        "59960": 38,
        "60811": 1,
        "58672": 1,
        "43179": 1,
        "80": 12,
        "49942": 1,
        "57016": 1,
        "67": 12,
        "53302": 1,
        "35258": 1,
        "45834": 1,
        "41408": 1,
        "54474": 1,
        "46863": 1,
        "48939": 1,
        "58823": 1,
        "57223": 1,
        "50901": 1,
        "55627": 1,
        "58145": 1,
        "57011": 1,
        "48438": 1,
        "59355": 1,
        "53978": 1,
        "40921": 1,
        "33818": 1,
        "44085": 1,
        "50419": 1,
        "53516": 1,
        "47857": 1,
        "40677": 1,
        "52460": 1,
        "44261": 1,
        "47731": 1,
        "33897": 1,
        "47251": 1,
        "41125": 1,
        "50129": 1,
        "59942": 1,
        "51579": 1,
        "54377": 1,
        "58596": 1,
        "55778": 1,
        "43548": 1,
        "38067": 1,
        "44263": 1,
        "46226": 1,
        "59437": 1,
        "48239": 1,
        "58223": 1,
        "10000": 27,
        "45892": 1,
        "34128": 1,
        "47660": 1,
        "38072": 1,
        "50660": 1,
        "37620": 1,
        "47672": 1,
        "42928": 1,
        "53161": 1,
        "57427": 1,
        "49087": 1,
        "46839": 1,
        "37743": 1,
        "52190": 1,
        "36565": 1,
        "38493": 1,
        "59940": 1,
        "57528": 1,
        "41489": 1,
        "51127": 1,
        "49518": 1,
        "43377": 1,
        "33021": 1,
        "40445": 1,
        "50733": 1,
        "40680": 1,
        "45408": 1,
        "47989": 1,
        "60382": 1,
        "44778": 1,
        "40364": 1,
        "45166": 1,
        "41882": 1,
        "40499": 1,
        "56629": 1,
        "34911": 1,
        "40292": 1,
        "59077": 1,
        "39020": 1,
        "36905": 1,
        "59812": 1,
        "41047": 1,
        "57503": 1,
        "56012": 1,
        "46685": 1,
        "59951": 1,
        "46025": 1,
        "50087": 1,
        "55573": 1,
        "55239": 1,
        "55451": 1,
        "39678": 1,
        "42328": 1,
        "52815": 1,
        "46834": 1,
        "49017": 1,
        "54069": 1,
        "40787": 1,
        "40466": 1,
        "55305": 1,
        "60206": 1,
        "43025": 1,
        "56144": 1,
        "59939": 1,
        "56168": 1,
        "51465": 1,
        "42441": 1,
        "34080": 1,
        "33154": 1,
        "59839": 1,
        "47351": 1,
        "43472": 1,
        "43703": 1,
        "59216": 1,
        "55258": 1,
        "47090": 1,
        "36256": 1,
        "35023": 1,
        "39212": 1,
        "55782": 1,
        "44140": 1,
        "38351": 1,
        "48196": 1,
        "46748": 1,
        "53625": 1,
        "53464": 1,
        "58975": 1,
        "58620": 1,
        "48711": 1,
        "56389": 1,
        "58222": 1,
        "37378": 1,
        "47592": 1,
        "43699": 1,
        "51791": 1,
        "41063": 1,
        "37875": 1,
        "50751": 1,
        "38603": 1,
        "59861": 1,
        "58903": 1,
        "57646": 1,
        "39392": 1,
        "44516": 1,
        "38847": 1,
        "39014": 1,
        "35287": 1,
        "35784": 1,
        "38527": 1,
        "49835": 1,
        "55357": 1,
        "47526": 1,
        "51417": 2,
        "50900": 1,
        "58332": 1,
        "32969": 1,
        "44617": 1,
        "38906": 1,
        "35341": 1,
        "54940": 1,
        "55991": 1,
        "51347": 1,
        "46109": 1,
        "46193": 1,
        "58260": 1,
        "48987": 1,
        "48667": 1,
        "56299": 1,
        "40815": 1,
        "40238": 1,
        "44848": 1,
        "53405": 1,
        "36534": 1,
        "35375": 1,
        "33189": 1,
        "53468": 1,
        "54378": 1,
        "36482": 1,
        "32934": 1,
        "40972": 1,
        "53320": 1,
        "38991": 1,
        "57727": 1,
        "46937": 1,
        "60319": 1,
        "53670": 1,
        "53503": 1,
        "52666": 1,
        "56600": 1,
        "40180": 1,
        "53046": 1,
        "60339": 1,
        "54491": 1,
        "49754": 1,
        "54703": 1,
        "36228": 1,
        "49258": 1,
        "55688": 1,
        "60169": 1,
        "44171": 1,
        "55673": 1,
        "36897": 1,
        "41574": 1,
        "49300": 1,
        "39479": 2,
        "40924": 1,
        "51182": 2,
        "54582": 1,
        "38121": 1,
        "59363": 1,
        "38167": 1,
        "35128": 1,
        "39765": 1,
        "53544": 1,
        "38237": 1,
        "53566": 1,
        "39426": 1,
        "38281": 1,
        "36070": 1,
        "38215": 1,
        "44070": 1,
        "46744": 1,
        "35608": 1,
        "51094": 1,
        "40176": 1,
        "35819": 1,
        "51247": 1,
        "33391": 1,
        "40173": 1,
        "56893": 1,
        "52603": 1,
        "40701": 1,
        "51167": 1,
        "50690": 1,
        "41784": 1,
        "47843": 1,
        "34656": 1,
        "54764": 1,
        "38598": 1,
        "34670": 1,
        "58140": 1,
        "33722": 1,
        "39224": 1,
        "58012": 1,
        "52510": 1,
        "60338": 1,
        "43713": 1,
        "48512": 1,
        "36209": 1,
        "60621": 1,
        "48343": 1,
        "41645": 1,
        "51886": 1,
        "48341": 1,
        "46433": 1,
        "60247": 1,
        "43931": 1,
        "44148": 1,
        "53153": 1,
        "52191": 1,
        "55687": 1,
        "34921": 1,
        "37817": 1,
        "53285": 1,
        "36965": 1,
        "37428": 1,
        "43463": 1,
        "50605": 1,
        "50760": 1,
        "59576": 1,
        "58104": 1,
        "47627": 1,
        "59635": 1,
        "55193": 1,
        "56405": 1,
        "51005": 1,
        "51618": 1,
        "37802": 1,
        "53050": 1,
        "38407": 1,
        "39046": 1,
        "46919": 1,
        "47803": 1,
        "55438": 1,
        "41190": 1,
        "45406": 1,
        "46388": 1,
        "41069": 1,
        "53790": 1,
        "50963": 1,
        "56216": 1,
        "42283": 1,
        "45099": 1,
        "45544": 1,
        "42849": 1,
        "37144": 1,
        "59477": 1,
        "38788": 1,
        "56378": 1,
        "57276": 1,
        "35553": 1,
        "43317": 1,
        "38652": 1,
        "57590": 1,
        "32853": 1,
        "54453": 1,
        "52641": 1,
        "50726": 1,
        "50720": 1,
        "42034": 1,
        "60678": 1,
        "43634": 1,
        "60512": 1,
        "45354": 1,
        "40155": 1,
        "56843": 1,
        "58431": 1,
        "44652": 1,
        "56772": 1,
        "42656": 1,
        "39653": 1,
        "38539": 1,
        "46996": 1,
        "48180": 1,
        "49469": 1,
        "58041": 1,
        "39853": 1,
        "41196": 1,
        "57349": 1,
        "58188": 1,
        "58657": 1,
        "48879": 1,
        "32790": 1,
        "35583": 1,
        "34424": 1,
        "36761": 1,
        "60559": 1,
        "46558": 1,
        "56799": 1,
        "35118": 1,
        "58130": 1,
        "40825": 1,
        "51879": 1,
        "35568": 1,
        "44866": 1,
        "41783": 1,
        "38454": 1,
        "42859": 1,
        "59566": 1,
        "57076": 1,
        "45168": 1,
        "36499": 1,
        "48985": 1,
        "57117": 1,
        "56312": 1,
        "58225": 1,
        "48815": 1,
        "48152": 1,
        "50425": 1,
        "57105": 1,
        "60238": 1,
        "55155": 1,
        "56638": 1,
        "51543": 1,
        "52263": 1,
        "50872": 1
    },
    "domains": {
        "time.nist.gov": 60,
        "connect.insteon.com": 12
    },
    "ciphers": {}
}