{
    "flow_volume": 200,
    "flow_duration": 0,
    "flow_rate": 10,
    "sleep_time": 10,
    "dns_interval": 10,
    "ntp_interval": -30,
    "ports": {
        "10001": 414,
        "59960": 89,
        "33787": 1,
        "123": 60,
        "null": 28,
        "33265": 1,
        "44629": 1,
        "41125": 1,
        "80": 12,
        "51895": 1,
        "38527": 1,
        "48793": 1,
        "67": 12,
        "38415": 1,
        "53790": 1,
        "54927": 1,
        "53829": 1,
        "38591": 1,
        "45977": 1,
        "43183": 1,
        "59019": 1,
        "36377": 1,
        "40010": 1,
        "48744": 1,
        "46164": 1,
        "50743": 1,
        "34354": 1,
        "35569": 1,
        "48802": 1,
        "57942": 1,
        "41915": 1,
        "40273": 1,
        "33277": 1,
        "57727": 1,
        "36791": 1,
        "45073": 1,
        "53010": 1,
        "46623": 1,
        "38334": 1,
        "60285": 1,
        "58122": 1,
        "53204": 1,
        "35746": 1,
        "37626": 1,
        "55674": 1,
        "50931": 1,
        "42018": 1,
        "37862": 1,
        "40443": 1,
        "54534": 1,
        "43839": 1,
        "43361": 1,
        "45438": 1,
        "60726": 1,
        "59113": 1,
        "47544": 1,
        "49557": 1,
        "51338": 1,
        "57624": 1,
        "42079": 1,
        "34743": 1,
        "44237": 1,
        "48211": 1,
        "38261": 1,
        "47011": 1,
        "39083": 1,
        "37114": 1,
        "45662": 1,
        "49035": 1,
        "34256": 1,
        "46518": 1,
        "60645": 1,
        "45132": 1,
        "40928": 1,
        "59893": 1,
        "57469": 1,
        "58078": 1,
        "45165": 1
    },
    "domains": {
        "time.nist.gov": 60,
        "connect.insteon.com": 12
    },
    "ciphers": {}
}