{
    "flow_volume": 200,
    "flow_duration": 0,
    "flow_rate": 10,
    "sleep_time": 10,
    "dns_interval": 10,
    "ntp_interval": 10,
    "ports": {
        "10001": 439,
        "59960": 77,
        "59052": 1,
        "123": 60,
        "null": 28,
        "57342": 1,
        "60643": 1,
        "54114": 1,
        "45355": 1,
        "80": 12,
        "39739": 1,
        "42083": 1,
        "55020": 1,
        "67": 12,
        "35756": 1,
        "53944": 1,
        "56771": 1,
        "47740": 1,
        "56690": 1,
        "60784": 1,
        "38234": 1,
        "43621": 1,
        "39646": 1,
        "60313": 1,
        "53009": 1,
        "39999": 1,
        "35333": 1,
        "47097": 1,
        "33987": 1,
        "50171": 1,
        "42131": 1,
        "33518": 1,
        "48963": 1,
        "42941": 1,
        "55516": 1,
        "39926": 1,
        "53496": 1,
        "48768": 1,
        "44617": 1,
        "49910": 1,
        "38424": 1,
        "50421": 1,
        "41565": 1,
        "36271": 1,
        "52904": 1,
        "54392": 1,
        "60075": 1,
        "35147": 1,
        "39575": 1,
        "44579": 1,
        "47257": 1,
        "36691": 1,
        "44805": 1,
        "55249": 1,
        "52893": 1,
        "42867": 1,
        "46204": 1,
        "41480": 1,
        "43629": 1,
        "58444": 1,
        "43596": 1,
        "59949": 1,
        "45282": 1,
        "60960": 1,
        "38461": 1,
        "47618": 1,
        "41810": 1,
        "40667": 1,
        "42674": 1,
        "35894": 1,
        "53064": 1,
        "34412": 1,
        "57343": 1,
        "40581": 1,
        "60125": 1,
        "45244": 1,
        "59601": 1,
        "36970": 1
    },
    "domains": {
        "time.nist.gov": 60,
        "connect.insteon.com": 12
    },
    "ciphers": {}
}