{
    "flow_volume": 0,
    "flow_duration": 50,
    "flow_rate": 0,
    "sleep_time": 10,
    "dns_interval": 10,
    "ntp_interval": -1,
    "ports": {
        "37659": 1,
        "80": 24,
        "58387": 36,
        "1935": 39,
        "38630": 1,
        "35730": 1,
        "47783": 1,
        "56899": 1,
        "59650": 1,
        "57349": 1,
        "56690": 1,
        "38162": 1,
        "36727": 1,
        "35143": 1,
        "35041": 1,
        "58274": 1,
        "55323": 1,
        "59871": 1,
        "44353": 1,
        "56557": 1,
        "45106": 1,
        "39645": 1,
        "41239": 1,
        "48221": 1,
        "48378": 1,
        "41802": 1,
        "35249": 1
    },
    "domains": {
        "babyws.withings.net": 24
    },
    "ciphers": {}
}