{
    "flow_volume": 0,
    "flow_duration": 50,
    "flow_rate": 0,
    "sleep_time": 10,
    "dns_interval": 10,
    "ntp_interval": -1,
    "ports": {
        "1935": 29,
        "48341": 1,
        "80": 15,
        "38511": 1,
        "58387": 44,
        "51965": 1,
        "50936": 1,
        "52587": 1,
        "40807": 1,
        "37392": 1,
        "60120": 1,
        "41801": 1,
        "67": 1,
        "33066": 1,
        "48698": 1,
        "40245": 1,
        "57311": 1,
        "53361": 1,
        "59587": 1
    },
    "domains": {
        "babyws.withings.net": 15
    },
    "ciphers": {}
}