{
    "flow_volume": 0,
    "flow_duration": 60,
    "flow_rate": 0,
    "sleep_time": 10,
    "dns_interval": 10,
    "ntp_interval": -1,
    "ports": {
        "58387": 39,
        "43917": 1,
        "80": 26,
        "51442": 1,
        "1935": 36,
        "49707": 1,
        "38250": 1,
        "53142": 1,
        "37081": 1,
        "43690": 1,
        "36490": 1,
        "36664": 1,
        "59590": 1,
        "36516": 1,
        "55199": 1,
        "57483": 1,
        "55067": 1,
        "54509": 1,
        "48554": 1,
        "35704": 1,
        "50849": 1,
        "33919": 1,
        "35857": 1,
        "55314": 1,
        "44079": 1,
        "54894": 1,
        "52088": 1,
        "54347": 1,
        "51803": 1
    },
    "domains": {
        "babyws.withings.net": 26
    },
    "ciphers": {}
}