{
    "flow_volume": 0,
    "flow_duration": 50,
    "flow_rate": 0,
    "sleep_time": 10,
    "dns_interval": 10,
    "ntp_interval": -1,
    "ports": {
        "58387": 27,
        "44580": 1,
        "80": 12,
        "36397": 1,
        "35276": 1,
        "1935": 45,
        "47793": 1,
        "43561": 1,
        "50456": 1,
        "39383": 1,
        "36557": 1,
        "34146": 1,
        "44622": 1,
        "56627": 1,
        "38115": 1
    },
    "domains": {
        "babyws.withings.net": 12
    },
    "ciphers": {}
}