{
    "flow_volume": 0,
    "flow_duration": 60,
    "flow_rate": 0,
    "sleep_time": 10,
    "dns_interval": 10,
    "ntp_interval": -1,
    "ports": {
        "58387": 34,
        "54295": 1,
        "80": 15,
        "1935": 39,
        "35764": 1,
        "48942": 1,
        "35213": 1,
        "36916": 1,
        "53599": 1,
        "52831": 1,
        "59325": 1,
        "46632": 1,
        "52947": 1,
        "44827": 1,
        "35426": 1,
        "47743": 1,
        "35485": 1,
        "38047": 1
    },
    "domains": {
        "babyws.withings.net": 15
    },
    "ciphers": {}
}