{
    "flow_volume": 0,
    "flow_duration": 60,
    "flow_rate": 0,
    "sleep_time": 10,
    "dns_interval": 10,
    "ntp_interval": -1,
    "ports": {
        "58387": 47,
        "34864": 1,
        "80": 12,
        "43825": 1,
        "1935": 25,
        "43747": 1,
        "53365": 1,
        "42098": 1,
        "39105": 1,
        "39548": 1,
        "60653": 1,
        "55448": 1,
        "38904": 1,
        "38764": 1,
        "35814": 1
    },
    "domains": {
        "babyws.withings.net": 12
    },
    "ciphers": {}
}