{
    "flow_volume": 0,
    "flow_duration": 50,
    "flow_rate": 0,
    "sleep_time": 10,
    "dns_interval": 10,
    "ntp_interval": -1,
    "ports": {
        "1935": 41,
        "38157": 1,
        "80": 25,
        "58387": 33,
        "43147": 1,
        "50576": 1,
        "42150": 1,
        "45141": 1,
        "55763": 1,
        "46015": 1,
        "59322": 1,
        "49605": 1,
        "48756": 1,
        "55659": 1,
        "40226": 1,
        "55738": 1,
        "67": 1,
        "58992": 1,
        "52290": 1,
        "42825": 1,
        "47114": 1,
        "42824": 1,
        "33182": 1,
        "40192": 1,
        "51204": 1,
        "47231": 1,
        "56057": 1,
        "32842": 1,
        "45040": 1
    },
    "domains": {
        "babyws.withings.net": 25
    },
    "ciphers": {}
}