{
    "flow_volume": 0,
    "flow_duration": 50,
    "flow_rate": 0,
    "sleep_time": 10,
    "dns_interval": 10,
    "ntp_interval": -1,
    "ports": {
        "1935": 29,
        "48998": 1,
        "80": 15,
        "58387": 43,
        "57557": 1,
        "37952": 1,
        "46269": 1,
        "44418": 1,
        "36190": 1,
        "33499": 1,
        "54906": 1,
        "43024": 1,
        "67": 1,
        "60291": 1,
        "44634": 1,
        "58612": 1,
        "51164": 1,
        "55476": 1,
        "54946": 1
    },
    "domains": {
        "babyws.withings.net": 15
    },
    "ciphers": {}
}