{
    "flow_volume": 0,
    "flow_duration": 50,
    "flow_rate": 0,
    "sleep_time": 10,
    "dns_interval": 10,
    "ntp_interval": -1,
    "ports": {
        "1935": 44,
        "50185": 1,
        "80": 24,
        "58387": 29,
        "37219": 1,
        "59764": 1,
        "60343": 1,
        "50597": 1,
        "38333": 1,
        "48918": 1,
        "60975": 1,
        "46786": 1,
        "36569": 1,
        "48125": 1,
        "39739": 1,
        "33376": 1,
        "37522": 1,
        "38139": 1,
        "59356": 1,
        "37715": 1,
        "58893": 1,
        "41947": 1,
        "40062": 1,
        "51975": 1,
        "41580": 1,
        "48735": 1,
        "48057": 1
    },
    "domains": {
        "babyws.withings.net": 24
    },
    "ciphers": {}
}