{
    "flow_volume": 0,
    "flow_duration": 50,
    "flow_rate": 0,
    "sleep_time": 10,
    "dns_interval": 10,
    "ntp_interval": -1,
    "ports": {
        "1935": 40,
        "58387": 33,
        "47730": 1,
        "80": 22,
        "44284": 1,
        "33782": 1,
        "50967": 1,
        "53408": 1,
        "50763": 1,
        "35449": 1,
        "58612": 1,
        "41799": 1,
        "51292": 1,
        "54616": 1,
        "48175": 1,
        "51306": 1,
        "57940": 1,
        "46996": 1,
        "49790": 1,
        "32823": 1,
        "42830": 1,
        "51020": 1,
        "46241": 1,
        "57726": 1,
        "33092": 1
    },
    "domains": {
        "babyws.withings.net": 22
    },
    "ciphers": {}
}