{
    "flow_volume": 0,
    "flow_duration": 50,
    "flow_rate": 0,
    "sleep_time": 10,
    "dns_interval": 10,
    "ntp_interval": -1,
    "ports": {
        "58387": 31,
        "47559": 1,
        "80": 17,
        "1935": 42,
        "46856": 1,
        "38264": 1,
        "52921": 1,
        "57532": 1,
        "40517": 1,
        "44685": 1,
        "59450": 1,
        "34329": 1,
        "37736": 1,
        "41212": 1,
        "49427": 1,
        "45745": 1,
        "55060": 1,
        "58065": 1,
        "44341": 1,
        "55173": 1
    },
    "domains": {
        "babyws.withings.net": 17
    },
    "ciphers": {}
}