{
    "flow_volume": 0,
    "flow_duration": 60,
    "flow_rate": 0,
    "sleep_time": 10,
    "dns_interval": 10,
    "ntp_interval": -1,
    "ports": {
        "1935": 45,
        "37206": 1,
        "80": 12,
        "58387": 27,
        "38106": 1,
        "60039": 1,
        "40925": 1,
        "40841": 1,
        "56712": 1,
        "43115": 1,
        "38235": 1,
        "44010": 1,
        "44701": 1,
        "35486": 1,
        "46136": 1
    },
    "domains": {
        "babyws.withings.net": 12
    },
    "ciphers": {}
}