{
    "flow_volume": 0,
    "flow_duration": 60,
    "flow_rate": 0,
    "sleep_time": 10,
    "dns_interval": 10,
    "ntp_interval": -1,
    "ports": {
        "1935": 43,
        "34134": 1,
        "80": 20,
        "54636": 1,
        "58387": 30,
        "57495": 1,
        "49996": 1,
        "48028": 1,
        "35505": 1,
        "60478": 1,
        "37172": 1,
        "49559": 1,
        "48106": 1,
        "39119": 1,
        "33128": 1,
        "49276": 1,
        "43166": 1,
        "50956": 1,
        "48053": 1,
        "39978": 1,
        "43836": 1,
        "56239": 1,
        "53130": 1
    },
    "domains": {
        "babyws.withings.net": 20
    },
    "ciphers": {}
}