{
    "flow_volume": 0,
    "flow_duration": 50,
    "flow_rate": 0,
    "sleep_time": 10,
    "dns_interval": 10,
    "ntp_interval": -1,
    "ports": {
        "58387": 37,
        "34259": 1,
        "80": 14,
        "1935": 36,
        "58626": 1,
        "46456": 1,
        "54537": 1,
        "33631": 1,
        "53683": 1,
        "35832": 1,
        "48337": 1,
        "50570": 1,
        "58453": 1,
        "44041": 1,
        "58308": 1,
        "33778": 1,
        "60346": 1
    },
    "domains": {
        "babyws.withings.net": 14
    },
    "ciphers": {}
}