{
    "flow_volume": 0,
    "flow_duration": 60,
    "flow_rate": 0,
    "sleep_time": 10,
    "dns_interval": 10,
    "ntp_interval": -1,
    "ports": {
        "58387": 39,
        "38770": 1,
        "80": 11,
        "1935": 32,
        "33610": 1,
        "59219": 1,
        "53768": 1,
        "49413": 1,
        "55897": 1,
        "48973": 1,
        "47349": 1,
        "48115": 1,
        "56716": 1,
        "58854": 1
    },
    "domains": {
        "babyws.withings.net": 11
    },
    "ciphers": {}
}