{
    "flow_volume": 0,
    "flow_duration": 60,
    "flow_rate": 0,
    "sleep_time": 10,
    "dns_interval": 10,
    "ntp_interval": -1,
    "ports": {
        "1935": 36,
        "44587": 1,
        "80": 24,
        "36886": 1,
        "58387": 38,
        "35891": 1,
        "41983": 1,
        "40243": 1,
        "58841": 1,
        "37827": 1,
        "57326": 1,
        "40690": 1,
        "59398": 1,
        "39646": 1,
        "33915": 1,
        "48369": 1,
        "60446": 1,
        "58455": 1,
        "42905": 1,
        "67": 1,
        "35626": 1,
        "39081": 1,
        "57052": 1,
        "49056": 1,
        "37121": 1,
        "54332": 1,
        "44306": 1,
        "51798": 1
    },
    "domains": {
        "babyws.withings.net": 24
    },
    "ciphers": {}
}