{
    "flow_volume": 0,
    "flow_duration": 50,
    "flow_rate": 0,
    "sleep_time": 10,
    "dns_interval": 10,
    "ntp_interval": -1,
    "ports": {
        "49619": 1,
        "80": 15,
        "1935": 25,
        "60181": 1,
        "58387": 47,
        "45767": 1,
        "52509": 1,
        "60927": 1,
        "59810": 1,
        "48780": 1,
        "55028": 1,
        "44875": 1,
        "59035": 1,
        "55613": 1,
        "47834": 1,
        "49106": 1,
        "38685": 1,
        "60376": 1
    },
    "domains": {
        "babyws.withings.net": 15
    },
    "ciphers": {}
}