{
    "flow_volume": 0,
    "flow_duration": 60,
    "flow_rate": 0,
    "sleep_time": 10,
    "dns_interval": 10,
    "ntp_interval": -1,
    "ports": {
        "58387": 50,
        "49502": 1,
        "80": 23,
        "54226": 1,
        "1935": 23,
        "43586": 1,
        "60148": 1,
        "41749": 1,
        "33895": 1,
        "45018": 1,
        "57223": 1,
        "52371": 1,
        "41081": 1,
        "53416": 1,
        "58938": 1,
        "41514": 1,
        "40154": 1,
        "43290": 1,
        "57398": 1,
        "33043": 1,
        "33130": 1,
        "58985": 1,
        "55200": 1,
        "36319": 1,
        "39907": 1,
        "60175": 1
    },
    "domains": {
        "babyws.withings.net": 23
    },
    "ciphers": {}
}