{
    "flow_volume": 0,
    "flow_duration": 50,
    "flow_rate": 0,
    "sleep_time": 10,
    "dns_interval": 10,
    "ntp_interval": -1,
    "ports": {
        "1935": 46,
        "54204": 1,
        "80": 12,
        "55677": 1,
        "41506": 1,
        "49223": 1,
        "49850": 1,
        "58387": 26,
        "35182": 1,
        "55708": 1,
        "45842": 1,
        "47862": 1,
        "38332": 1,
        "51010": 1,
        "54722": 1
    },
    "domains": {
        "babyws.withings.net": 12
    },
    "ciphers": {}
}