{
    "flow_volume": 0,
    "flow_duration": 60,
    "flow_rate": 0,
    "sleep_time": 10,
    "dns_interval": 10,
    "ntp_interval": -1,
    "ports": {
        "58387": 46,
        "39447": 2,
        "80": 24,
        "1935": 29,
        "49549": 1,
        "45883": 1,
        "48284": 1,
        "44904": 1,
        "55379": 1,
        "58814": 1,
        "41399": 1,
        "49696": 1,
        "52316": 1,
        "39219": 1,
        "34253": 1,
        "32910": 1,
        "40703": 1,
        "39126": 1,
        "43630": 1,
        "34220": 1,
        "33348": 1,
        "41965": 1,
        "33829": 1,
        "45805": 1,
        "53444": 1,
        "42509": 1
    },
    "domains": {
        "babyws.withings.net": 24
    },
    "ciphers": {}
}