{
    "flow_volume": 0,
    "flow_duration": 60,
    "flow_rate": 0,
    "sleep_time": 10,
    "dns_interval": 10,
    "ntp_interval": -1,
    "ports": {
        "37289": 1,
        "80": 12,
        "1935": 45,
        "60765": 1,
        "42464": 1,
        "40885": 1,
        "35454": 1,
        "49622": 1,
        "58387": 26,
        "37537": 1,
        "35067": 1,
        "46362": 1,
        "45018": 1,
        "47771": 1,
        "60982": 1
    },
    "domains": {
        "babyws.withings.net": 12
    },
    "ciphers": {}
}