{
    "flow_volume": 0,
    "flow_duration": 50,
    "flow_rate": 0,
    "sleep_time": 10,
    "dns_interval": 10,
    "ntp_interval": -1,
    "ports": {
        "58387": 40,
        "35152": 1,
        "80": 19,
        "1935": 33,
        "57606": 1,
        "56673": 1,
        "35723": 1,
        "50942": 1,
        "47711": 1,
        "48324": 1,
        "35850": 1,
        "32888": 1,
        "40586": 1,
        "57112": 1,
        "33341": 1,
        "52353": 1,
        "55318": 1,
        "60700": 1,
        "35017": 1,
        "44795": 1,
        "60953": 1,
        "34481": 1
    },
    "domains": {
        "babyws.withings.net": 19
    },
    "ciphers": {}
}