{
    "flow_volume": 0,
    "flow_duration": 50,
    "flow_rate": 0,
    "sleep_time": 10,
    "dns_interval": 10,
    "ntp_interval": -1,
    "ports": {
        "1935": 52,
        "41905": 1,
        "80": 15,
        "58387": 21,
        "47054": 1,
        "32803": 1,
        "57940": 1,
        "50695": 1,
        "57791": 1,
        "55430": 1,
        "33287": 1,
        "56684": 1,
        "58433": 1,
        "37113": 1,
        "59011": 1,
        "55759": 1,
        "57951": 1,
        "36576": 1
    },
    "domains": {
        "babyws.withings.net": 15
    },
    "ciphers": {}
}