{
    "flow_volume": 0,
    "flow_duration": 50,
    "flow_rate": 0,
    "sleep_time": 10,
    "dns_interval": 10,
    "ntp_interval": -1,
    "ports": {
        "1935": 41,
        "49417": 1,
        "80": 26,
        "58387": 32,
        "40025": 1,
        "46563": 1,
        "36155": 1,
        "49665": 1,
        "57656": 1,
        "59130": 1,
        "38432": 1,
        "36257": 1,
        "50752": 1,
        "60700": 1,
        "50857": 1,
        "54816": 1,
        "36618": 1,
        "43246": 1,
        "34994": 1,
        "41658": 1,
        "54587": 1,
        "58575": 1,
        "42008": 1,
        "53281": 1,
        "53232": 1,
        "57926": 1,
        "44730": 1,
        "47211": 1,
        "51237": 1
    },
    "domains": {
        "babyws.withings.net": 26
    },
    "ciphers": {}
}