{
    "flow_volume": 100,
    "flow_duration": 10,
    "flow_rate": 10,
    "sleep_time": 10,
    "dns_interval": 0,
    "ntp_interval": -1,
    "ports": {
        "null": 26,
        "3478": 12,
        "21372": 1,
        "8089": 4,
        "50443": 17,
        "56794": 1,
        "80": 4,
        "56898": 7,
        "17090": 2,
        "37571": 1,
        "17898": 1,
        "54015": 1,
        "57712": 1
    },
    "domains": {
        "aps1-relay.tplinkcloud.com": 4
    },
    "ciphers": {}
}